id,destination_id,titre,description,prix,prix_public,duree,langues,inclusions,categorie,profil_cible,horaires,conditions_annulation
54343,3114,Visite d'une demi-journée à Athènes avec le musée de l'Acropole,,124.70,145,5 heures,Français|Anglais,,,general,,
48712,3114,Acropole et Parthénon : billet d'entrée avec Guide numérique,,60,60,,,,,general,,
40384,3114,"Poros, Hydra et Aegina : croisière au départ d'Athènes",,123.84,144,10 heures,,,,couple,,
52640,3114,Musée archéologique national  : Billet d'entrée coupe-file,,34.40,40,2 heures,Audio|Français|Anglais,,,general,,
52794,3114,Pass hop-on Hop-off  48 heures  : tour Athènes,,22.36,26,Bon à savoir,Audio|Français|Anglais,,,general,,
69946,3114,Le Meilleur d'Athènes & de l' Acropole: une Visite Mythologique,,42.14,49,4 heures,Français|Anglais,,,general,,
49289,3114,"Athènes : visite privée de l'Acropole, nouveau musée de l'Acropole",,205.54,239,3 heures à 5 heures,Anglais,,,solo,,
53145,3114,Demi-journée à Athènes Tour privé sur mesure,,326.80,380,4 heures 30 minutes,Français|Anglais,,,solo,,
45449,3114,Les incontournables d'Athènes : visite en bus Hop-on Hop-off,,14.62,21,,Audio|Français|Anglais,,,general,,
40333,3114,Delphes : visite guidée au départ d'Athènes avec repas,,110.08,128,10 heures,,,,general,,
73125,3114,Visite guidée d’une journée à Météores en bus,,85.14,103,15 heures,,,,general,,
72610,3114,Athènes : Billet d'entrée à l'Acropole + 5 Sites archéologiques,,0,0,,,,,general,,
52796,3114,"Pass hop-on Hop-off 24 heures : Athènes, le Pirée et la Plage-Riviera",,32.68,38,Conditions d'annulation,Audio|Français|Anglais,,,general,,
71385,3114,Athènes : tour en bus à arrêts multiples et visite du Cap Sounion au coucher du soleil,,30.96,42,,Anglais|Audio,,,general,,
49760,3114,Athènes : tour pédestre privé dans la ville,,147.06,171,4 heures,Français|Anglais,,,solo,,
74072,3114,Musée de l'Acropole : billet coupe-file avec audioguide,,26.66,33,,,,,general,,
69939,3114,Billet coupe-file : balade l'après-midi à l'Acropole d'Athènes,,31.82,37,2 heures,Français|Anglais,,,general,,
56995,3114,Athènes pour les gourmets: plus qu'une visite gastronomique grecque,,83.42,97,4 heures,Anglais,,,general,,
73129,3114,Excursion au coucher du soleil : Cap Sounion et Temple de Poséidon,,27.52,34,4 heures,,,,general,,
55688,3114,Palais de Knossos : billet d'entrée + Guide numérique du patrimoine hellénique,,27.52,40,,,,,general,,
73112,3114,Tour de l'Acropole et Plaka : visite à pied,,36.98,45,3 heures 30 minutes,,,,general,,
72636,3114,Athènes : Billet d'entrée à l'Acropole + 1 Site archéologique,,69.66,85,,,,,general,,
73163,3114,Athènes : le meilleur de la cuisine grecque en une soirée,,80.84,98,3 heures,,,,general,,
73165,3114,Excursion d'une journée à Épidaure et Mycènes au départ d’Athènes,,90.30,110,10 heures,,,,general,,
73151,3114,"Poros, Hydra et Aegina : croisière d'une journée",,112.66,137,13 heures,,,,couple,,
56103,3114,"Croisière sur le golfe Saronique : Agistri, Moni et Égine",,128.14,149,10 heures,Anglais|Écrit,,,couple,,
57006,3114,Croisière privée en catamaran de luxe à avec repas grec et barbecue,,606.30,705,5 heures,Anglais,,,couple,,
54877,3114,Acropole : visite guidée en français,,67.94,79,2 heures,Français,,,general,,
73130,3114,Excursion à Cap Sounion et au temple de Poséidon,,27.52,34,4 heures,,,,general,,
73114,3114,Visite guidée de l'Acropole et du Parthénon avec accès prioritaire,,30.96,38,2 heures,,,,general,,
73167,3114,Acropole d'Athènes : visite guidée l'après-midi,,30.96,38,2 heures,,,,general,,
49757,3114,Athènes : excursion en vélo électrique,,42.14,49,3 heures à 4 heures,Anglais,,,general,,
73126,3114,Visite guidée de l'acropole et musée (Optionnel) avec billet coupe-file,,43.86,54,4 heures,,,,general,,
73169,3114,Visite de Corinthe antique et Nafplion depuis Athènes,,48.16,59,10 heures,,,,general,,
74299,3114,Athènes : billet combiné pour la colline de l'Acropole et le musée de l'Acropole,,66.22,77,2 heures,,,,general,,
73160,3114,Athènes : visite culinaire authentique,,67.94,83,4 heures,,,,general,,
73178,3114,Visite touristique d'Athènes et de l'Acropole - Demi-journée,,68.80,84,3 heures et demie,,,,general,,
56997,3114,"Découvrez la plongée sous-marine, l'expérience des débutants",,79.12,92,4 heures,Français|Anglais,,,general,,
72575,3114,City Pass Athènes tout compris: Les meilleures attractions et Acropole,,83.42,97,48 heures à 120 heures,,,,general,,
73128,3114,Excursion d'une journée à Delphes au départ d'Athènes,,90.30,110,10 heures,,,,general,,
73148,3114,Athènes : tour de la ville et musée d'Acropolis,,94.60,115,5 heures,,,,general,,
73185,3114,"Croisière baignade à Aegina, Agistri et Metopi avec déjeuner",,98.90,120,9 heures,,,,couple,,
56981,3114,Excursion photo à Athènes,,126.42,147,2 heures à 3 heures,Anglais,,,general,,
73200,3114,"Croisière semi-privée d'une journée vers Agistri, Moni et Aegina avec baignade",,123.84,150,10 heures,,,,couple,,
57005,3114,Sortie reposantes en voilier au coucher du soleil sur la Riviera,,130.72,152,4 heures à 5 heures,Anglais,,,general,,
57004,3114,Naviguez sur la côte athénienne sur un catamaran,,133.30,155,5 heures,,,,general,,
73188,3114,Excursion de 2 jours à Meteora en petit groupe depuis Athènes,,145.34,176,2 jours,,,,groupe,,
73154,3114,"Visite guidée à Athènes : acropole, musée de l'acropole et temple de Poséidon avec déjeuner",,150.50,182,10 heures,,,,general,,
56978,3114,Excursion d'une journée à Athènes avec déjeuner,,163.40,190,10 heures,Anglais,,,general,,
73849,3114,"Mycènes, Épidaure et Nauplie : visite privée d'une journée complète au départ d'Athènes",,177.16,206,8 heures à 9 heures,,,,solo,,
72059,3114,Visite à pied d'Athènes et sa Gastronomie en Privé,,215.86,251,5 heures,,,,solo,,
56986,3114,Excursion privée sur l'île de Spetses,,266.60,310,12 heures,Anglais|Écrit,,,solo,,
56979,3114,Excursion privée sur l'île d'Hydra,,266.60,310,12 heures,Anglais|Écrit,,,solo,,
66327,3114,Visite privée de Delphes et thermopyles au départ d'Athènes,,279.50,325,10 heures,Anglais,,,solo,,
12695,3471,"Bali : excursion au volcan de Kintamani, Ubud et danse de Barong",,68.80,80,8 heures,Anglais,,,general,,
63646,3471,Excursion privée d'une journée complète personnalisable à Bali,,32.68,38,10 heures,Anglais,,,solo,,
62342,3471,Excursion d'une journée à Nusa Penida,,59.34,69,8 heures,Anglais,,,general,,
72736,3471,Parc Waterbom Bali : Ticket d'entrée,,0,0,,,,,general,,
62839,3471,Un jour à Nusa Penida Island West avec plongée en apnée,,0,0,9 heures,Anglais,,,general,,
62826,3471,Aventure en rafting en eaux vives à Bali,,0,0,3 heures à 10 heures,Anglais,,,general,,
62841,3471,Meilleur rafting en eaux vives avec déjeuner et transfert privé à Bali,,18.06,21,3 heures à 5 heures,Français|Anglais,,,solo,,
62843,3471,Excursion en jeep au lever du soleil sur le mont Batur,,18.92,22,8 heures,Anglais|Audio|Écrit,,,general,,
63644,3471,Volcan du mont Batur :randonnée au lever du soleil avec petit déjeuner,,19.78,23,7 heures à 8 heures,Anglais|Audio|Écrit,,,general,,
62341,3471,Aventure extrême à Bali,,26.66,31,6 heures,Anglais,,,general,,
62837,3471,Massage spa de luxe à Bali et bain de fleurs : expérience exclusive,,31.82,37,2 heures,Anglais,,,general,,
62339,3471,Quad et aventure naturelle à Bali,,31.82,37,1 heure 30 minutes,Anglais,,,general,,
62799,3471,Cours de fabrication de bijoux en argent à Ubud,,31.82,37,3 heures,Anglais,,,general,,
63632,3471,Balade à Bali : meilleures aventures en quad,,32.68,38,6 heures,Anglais|Audio|Écrit,,,general,,
63052,3471,Spectacle de Kecak et de danse du feu au temple d'Uluwatu tout compris,,36.12,42,4 heures à 5 heures,Anglais,,,general,,
62840,3471,Équitation privée à Bali sur la plage de Seminyak,,41.28,48,1 heure,Anglais,,,solo,,
63050,3471,"Excursion privée : plages, temple Uluwatu, spectacle de danse Kecak",,47.30,55,8 heures à 10 heures,Anglais,,,solo,,
62338,3471,Aventure quad et rafting Ayung,,54.18,63,8 heures à 9 heures,Anglais,,,general,,
70493,3471,"Visite privée étonnante: temple de Lempuyang, Tirta gangga, cascade de Tukad Cepung",,54.18,63,6 heures à 10 heures,Anglais,,,solo,,
70285,3471,Aventure en parachute ascensionnel à Bali avec transfert à l'hôtel inclus,,62.78,73,4 heures,Anglais,,,general,,
62806,3471,Visite d'une journée d'un village traditionnel de Bali avec déjeuner,,63.64,74,10 heures,Anglais,,,general,,
63649,3471,Rafting sur la rivière Telaga Waja et de balade en VTT à Bali,,82.56,96,10 heures,Anglais|Audio|Écrit,,,general,,
62797,3471,"Porte du Paradis, palais sur l’eau et Taman Ujung : visite privée",,84.28,98,10 heures,Anglais,,,solo,,
62336,3471,Visite privée : Ubud et cascade,,100,100,8 heures à 10 heures,Anglais,,,solo,,
62822,3471,Bali Hai : dîner-croisière  au coucher du soleil,,93.74,109,3 heures,Anglais,,,couple,,
12903,3471,Bali : dîner-croisère au coucher du soleil,,93.74,109,3 heures,Anglais,,,general,,
63634,3471,Plongée en apnée à Nusa Penida au départ de l'île de Bali,,100.62,117,6 heures,Anglais,,,general,,
14650,3471,Forêt tropicale de Bali en 4X4 : visite en petit groupe,,107.50,125,8 heures,Anglais,,,groupe,,
62801,3471,Bali Water Sports et Uluwatu Tour Packages,,110.08,128,11 heures à 12 heures,Anglais|Audio|Écrit,,,general,,
62836,3471,Visite de Nusa Penida avec snorkeling au départ de Bali,,111.80,130,11 heures à 12 heures,Anglais|Audio|Écrit,,,general,,
54628,1219,Sagrada Família : billet d'entrée avec audioguide,,36.98,52,,Audio|Français|Anglais,,,general,,
43396,1219,Parc Güell : billet d'entrée avec audioguide,,24.08,34,,,,,general,,
39518,1219,Hola Barcelona : Carte de transport 48 heures,,18.06,21,Comment récupérer les tickets ?,Audio|Anglais,,,general,,
48657,1219,Sagrada Familia : Billet avec entrée rapide et accès à la tour de la Passion,,50.74,69,,Audio|Français|Anglais,,,general,,
74573,1219,Barcelone : billet Barça Immersive Tour (musée du FC Barcelone),,24.08,30,1 heure,,,,general,,
72438,1219,Casa Milà - La Pedrera : Billet d'entrée + Audioguide,,24.94,31,,,,,general,,
74575,1219,Barcelone : visite guidée coupe-file du parc Güell,,24.08,30,1h30,,,,general,,
74581,1219,Barcelone : circuit en bus à arrêts multiples,,30.10,37,24 hours,,,,general,,
74621,1219,Barcelone : billet d'entrée à la Casa Batlló avec audioguide,,30.10,37,2.15 hours,,,,general,,
74579,1219,Barcelone : spectacle de flamenco au Tablao Cordobés avec boisson ou dîner,,46.44,57,1 heure,,,,general,,
72329,1219,Parc PortAventura : billet coupe coupe-file,,53.32,72,- Veuillez noter que toute sortie est définitive.,,,,general,,
74559,1219,Sagrada Família : visite guidée coupe-file,,64.50,78,1h30,,,,general,,
74582,1219,Barcelone : visite guidée coupe-file de la Sagrada Família avec accès à une tour,,66.22,81,1h30,,,,general,,
74570,1219,Barcelone : visite guidée coupe-file de la Sagrada Família et du parc Güell avec transfert entre les sites,,92.88,113,4 hours,,,,general,,
39479,1219,Barcelona Card : Pass 72 heures,,53.32,62,,,,,general,,
39533,1219,Montjuïc : billet pour le téléphérique,,17.20,20,,,,,general,,
42977,1219,Flamenco : spectacle avec visite à pied avec tapas,,250,250,3 heures 30 minutes,Français|Anglais,,,general,,
73021,1219,Sagrada Família : visite guidée en français avec entrée coupe-file,,55.90,68,01:30,Français,,,general,,
72243,1219,Parc Güell et Maison-Musée Gaudi : billet d'entrée avec audioguide,,30.96,43,,,,,general,,
55600,1219,Barcelona Card : Pass 96 heures,,61.92,72,"72, 96 ou 120 heures",Audio|Anglais,,,general,,
71844,1219,Visite privée de la Sagrada Familia avec billet coupe-file,,137.60,160,2 heures,Français|Anglais,,,solo,,
55024,1219,Barcelone : visite guidée et billet coupe-file pour le musée Picasso,,36.98,52,,Français|Anglais,,,general,,
73904,1219,Sagrada Familia : Billet avec entrée rapide et accès à la tour de la Nativité,,50.74,62,,,,,general,,
55293,1219,Musée du FC Barcelone : expérience virtuelle,,0,0,,Audio|Français|Anglais,,,general,,
72255,1219,Palais Güell : billet d’entrée,,14.62,17,90 minutes,Audio|Anglais,,,general,,
74134,1219,Zoo de Barcelone : billet d'entrée,,20.64,24,90 minutes,,,,general,,
72439,1219,Palau de la Música Catalana : Billet coupe-file,,20.64,25,,,,,general,,
74132,1219,Tibidabo zone panoramique : entrée + Cuca de Llum + TibiBus,,22.36,28,,,,,general,,
74131,1219,Casa Vicens : Billet coupe-file,,24.94,31,,,,,general,,
74129,1219,Aquarium de Barcelone : Billet d'entrée,,30.96,38,,,,,general,,
74133,1219,Museum Pass Barcelone - Articket : Accès coupe-file,,36.98,45,,,,,general,,
74565,1219,Barcelone : PortAventura avec transport aller-retour,,61.92,75,11 heures,,,,general,,
50275,1219,Barcelone : cours de cuisine de paella + visite du marché de La Boqueria,,123.84,166,,Anglais,,,general,,
39520,1219,Las Golondrinas Barcelone : croisière sur l'ancien bateau à moteur,,0,0,1 heure,,,,couple,,
72979,1219,Sagrada Familia : Visite guidée,,68.80,84,01:30,Anglais,,,general,,
74090,1219,Musée du FC Barcelone : Billet d'entrée,,34.40,42,,,,,general,,
55607,1219,Hola Barcelona : Carte de transport 120 heures,,42.14,49,72 heures à compter de la première validation,,,,general,,
51767,1219,Barcelone : visite à pied et billet d'entrée accélérée pour le musée Picasso,,38.70,54,,Anglais,,,general,,
73947,1219,Casa Batlló : billet d'entrée anticipée,,46.44,57,,,,,general,,
72383,1219,Sagrada Familia : visite guidée au coucher du soleil,,0,0,01:30,Anglais,,,general,,
72076,1219,Barcelone : visite du Monastère de Montserrat,,0,0,6h,Anglais,,,general,,
71394,1219,"Visite de Barcelone : téléphérique, balade en méditerranée et les incontournables de Gaudí",,0,0,4h30,Anglais,,,general,,
72446,1219,Pass Barcelona Essentials avec accès aux transports en commun,,0,0,,,,,general,,
70349,1219,Détendez-vous en naviguant en Méditerranée avec des boissons,,0,0,1-2 heures,,,,general,,
58278,1219,Vol panoramique en hélicoptère de Barcelone 11 minutes,,0,0,11 heures,,,,general,,
73686,1219,Pass Explorer Barcelone Go City,,0,0,,,,,general,,
42141,1219,Montserrat : visite guidée de l'Abbaye avec randonnée,,0,0,6 heures,Français|Anglais,,,general,,
53184,1219,Croisière sur un bateau au coucher de soleil,,0,0,1 heure 30 minutes,,,,couple,,
53254,1219,Visite de monastère de Montserrat avec une balade à cheval,,0,0,5 heures 30 minutes,Anglais,,,general,,
53187,1219,Visite guidée du Monastère avec vol en montgolfière depuis Barcelone,,0,0,8 heures,Anglais,,,general,,
53256,1219,"Montserrat : excursion, tour en téléphérique et déjeuner à la ferme",,0,0,7 heures 30 minutes,Anglais,,,general,,
74104,1219,Mirador de Christophe Colomb,,10.32,13,,,,,general,,
39507,1219,Musée égyptien de Barcelone : billet d'entrée,,12.90,15,,,,,general,,
39534,1219,Barcelone : visite du Pueblo Español,,12.90,15,,,,,general,,
74658,1219,Barcelone : croisière chill out en catamaran,,13.76,17,1 heure,,,,couple,,
72584,1219,Poble Espanyol: Billet coupe-file,,14.62,18,,,,,general,,
74625,1219,Barcelone : croisière en voilier traditionnel avec tapa locale,,15.48,19,1h15,,,,couple,,
74617,1219,Barcelone : billet d'entrée au White Rabbit Museum,,15.48,19,1 heure,,,,general,,
74696,1219,Barcelone : billet d'entrée au Mirador Torre Glòries avec audioguide,,15.48,19,50 minutes,,,,general,,
74659,1219,Barcelone : billet d’entrée au Moco Museum,,17.20,21,1 hour,,,,general,,
74695,1219,Barcelone : billet d'entrée au musée de cire de Barcelone,,18.06,22,1h30,,,,general,,
74587,1219,Barcelone : visite à pied en petit groupe du quartier gothique et de l'architecture moderniste,,18.06,22,2h45,,,,groupe,,
67086,1219,Casa Amatller - Audioguidé,,19.78,23,2h,Audio|Français|Anglais,,,general,,
74690,1219,Barcelone : visite guidée de la cathédrale de Barcelone,,18.92,23,1 heure,,,,general,,
74599,1219,Barcelone : visite nocturne panoramique en bus,,18.92,23,1h30,,,,general,,
47623,1219,Palau de la Música Catalana Barcelone : visite avec billet coupe file,,20.64,24,1 heure,Français|Anglais,,,general,,
70599,1219,Spectacle de flamenco au THÉÂTRE de l'Hôtel de Ville de Barcelone,,21.50,25,1 heure,,,,general,,
72245,1219,Téléphérique de Montjuïc : billet aller-retour,,18.06,25,,,,,general,,
74670,1219,Barcelone : navette aller-retour pour La Roca Village,,21.50,26,12 heures,,,,general,,
74606,1219,Barcelone : croisière au coucher du soleil avec musique live à bord d'une goélette turque,,22.36,28,1h30,,,,couple,,
66653,1219,Billets coupe-file pour le château de Montjuic,,24.08,28,1 heure à 2 heures,,,,general,,
55711,1219,Visite matinale à pied du quartier gothique de Barcelone,,24.94,29,2 heures,Anglais,,,general,,
74410,1219,Montesserat : expérience à Montesserat,,24.08,30,,,,,general,,
72766,1219,Billet coupe-file pour La Pedrera avec audioguide,,24.08,30,,,,,general,,
55605,1219,Hola Barcelona : Carte de transport 72 heures,,26.66,31,72 heures à compter de la première validation,,,,general,,
74620,1219,El Duende: Flamenco Show at Tablao El Cordobes,,25.80,32,50 minutes,,,,general,,
74614,1219,Barcelone : visite guidée du musée Picasso avec billet optionnel pour le Moco Museum,,30.96,38,1h30,,,,general,,
74583,1219,Barcelone : circuit en bus à arrêts multiples et Barça Immersive Tour,,31.82,39,3 heures,,,,general,,
47697,1219,Barcelone : visite sur la viticulture et dégustation de vins,,34.40,40,3 heures,Français|Anglais,,,general,,
55606,1219,Hola Barcelona : Carte de transport 96 heures,,34.40,40,72 heures à compter de la première validation,,,,general,,
55602,1219,Barcelona Card Express : Pass 48 heures,,35.26,41,48 heures,,,,general,,
74611,1219,Barcelone : visite panoramique des incontournables avec téléphérique de Montjuïc,,33.54,41,4.5 hours,,,,general,,
74612,1219,Barcelone : billet d'entrée au parc aquatique Illa Fantasia,,34.40,42,8 hours,,,,general,,
74661,1219,Cambrils : croisière en catamaran au coucher du soleil avec boissons,,36.12,44,2 heures,,,,couple,,
72583,1219,Barcelone : Montjuic eBike Tour,,38.70,47,02:30,,,,general,,
74607,1219,Barcelone : croisière exclusive en catamaran avec tapa et boisson incluses,,40.42,49,2 heures,,,,couple,,
74603,1219,Barcelone : visite guidée coupe-file de la Casa Milà (La Pedrera),,41.28,50,1h15,,,,general,,
74598,1219,Cambrils : croisière en catamaran avec open bar et barbecue en option,,41.28,50,3 heures,,,,couple,,
72244,1219,Parc d'attractions Tibidabo : billet d'entrée,,41.28,50,,,,,general,,
74623,1219,Barcelone : excursion libre d'une journée à Gérone avec transport et entrées incluses,,42.14,51,10 heures,,,,general,,
74604,1219,Barcelone : circuit en bus à arrêts multiples et croisière écologique en catamaran,,42.14,51,3 heures,,,,couple,,
72267,1219,Barcelone : carte de transport,,41.28,58,,,,,general,,
74602,1219,Barcelone : visite guidée de la Casa Batlló avec entrée optionnelle au White Rabbit Museum,,48.16,59,1.15 hours,,,,general,,
74615,1219,Barcelone : excursion d'une journée sur la Costa Brava,,49.02,60,9 heures,,,,general,,
74586,1219,Barcelone : circuit en bus à arrêts multiples et billet pour le Moco Museum,,49.88,61,24 ou 48,,,,general,,
74609,1219,Barcelone : excursion à Montserrat l'après-midi avec train à crémaillère,,50.74,62,5h30,,,,general,,
74610,1219,Barcelone : Montserrat en matinée avec train à crémaillère et accès prioritaire à la Vierge noire,,53.32,65,5h30,,,,general,,
74624,1219,Barcelone : excursion d'une journée au parc aquatique PortAventura Caribe Aquatic Park avec transport,,54.18,66,11 heures,,,,general,,
73020,1219,PortAventura World & Ferrari Land : Billet d'entrée,,56.76,69,,,,,general,,
74622,1219,Barcelone : excursion à Gérone et Figueres avec musée Dalí,,59.34,72,10 heures,,,,general,,
74588,1219,Barcelone : circuit en bus à arrêts multiples et Aquarium de Barcelone,,59.34,72,24 hours,,,,general,,
63227,1219,"Excursion à Gérone, Figueres et Cadaqués depuis Barcelone",,64.50,75,11 heures,Anglais,,,general,,
55597,1219,Barcelona Card : Pass 120 heures,,71.38,83,"72, 96 ou 120 heures",,,,general,,
74626,1219,Barcelone : Montserrat en petit groupe avec train à crémaillère,,67.94,83,5h30,,,,groupe,,
74601,1219,Barcelone : croisière en catamaran avec paëlla à la Barceloneta,,71.38,87,3h30,,,,couple,,
74605,1219,"Barcelone : visite gastronomique en petit groupe avec tapas, vins et cava dans le centre historique",,84.28,102,3 heures,,,,groupe,,
74585,1219,Barcelone : visite guidée coupe-file de la Sagrada Família et du parc Güell,,86.86,106,4h30,,,,general,,
74691,1219,Barcelone : PortAventura Park et Caribe Aquatic Park avec transport aller-retour,,90.30,110,11 heures,,,,general,,
74627,1219,Barcelone : visite privée du quartier juif et de l'ancienne synagogue,,92.02,112,1h30,,,,solo,,
70350,1219,Le meilleur de Barcelone : monuments emblématiques,,98.90,115,2h,,,,general,,
58257,1219,"Visite de Montserrat, Gérone et Costa Brava au départ de Bacelone",,98.90,115,11 heures,Anglais,,,general,,
63271,1219,Excursion à Gérone et Costa Brava au départ de Barcelone,,107.50,125,10 heures 30 minutes,Anglais,,,general,,
74608,1219,Barcelone : expérience gastronomique et dégustation de vins au domaine Familia Torres depuis Barcelone,,107.50,130,5 heures,,,,general,,
50924,1219,"Barcelone : tour 360° en vélo électrique, téléphérique et croisière",,116.96,136,3 heures 30 minutes,Français|Anglais,,,couple,,
53267,1219,"Vin, cava, tapas et 4x4 dans les vignobles au départ de Barcelone",,116.96,136,6 heures,Anglais,,,general,,
58279,1219,Vol en hélicoptère à Barcelone 7 minutes,,121.26,141,7 minutes,Anglais,,,general,,
53258,1219,Excursion en voilier aux vignobles avec dégustation de vins,,122.98,143,4 heures 30 minutes,Anglais,,,general,,
74685,1219,Barcelone : visite privée des secrets du quartier gothique,,118.68,144,3 heures,,,,solo,,
74619,1219,Barcelone : visite privée à pied sur les traces de Gaudí avec options Casa Batlló et La Pedrera,,128.14,155,3 heures,,,,solo,,
58042,1219,Visite privée de Barcelone : explorez Gaudí et les Goths,,134.16,156,3 heures,Anglais,,,solo,,
74409,1219,Visite privée de Montserrat au départ de Barcelone avec prise en charge,,145.34,169,5 heures,,,,solo,,
74689,1219,Barcelone : découverte de Barcelone entre mer et ciel en catamaran et hélicoptère,,141.04,171,2h30,,,,general,,
74600,1219,Barcelone : visite privée du Barça Immersive Tour,,157.38,191,1h30,,,,solo,,
74681,1219,Barcelone : visite privée panoramique de Montjuïc,,200.38,243,3 heures,,,,solo,,
44630,1219,Barcelone : excursion gastronomique d'une demi-journée,,250,250,4 heures,Anglais,,,general,,
74664,1219,Barcelone : visite privée des tapas espagnoles comme un local,,208.12,252,3 heures,,,,solo,,
53246,1219,Visite guidée en vélo électrique avec dégustation de vin et déjeuner,,223.60,260,7 heures,Français|Anglais,,,general,,
74671,1219,Barcelone : visite privée du quartier El Born et du musée Picasso,,255.42,309,2 hours,,,,solo,,
57931,1219,Visite d'une journée de Barcelone depuis Madrid,,308.74,359,13 heures,Anglais,,,general,,
74665,1219,Barcelone : visite privée panoramique des contrastes de Barcelone,,313.04,379,3 heures,,,,solo,,
58258,1219,Excursion d'une journée de Barcelone à Madrid,,452.36,526,13 heures,Anglais,,,general,,
70225,1219,Visite privée : visite de Camp Nou incluant un déjeuner au Real Club de Polo de Barcelone en option,,460.10,535,4 heures,Français|Anglais,,,solo,,
74672,1219,Barcelone : visite privée coupe-file de la Sagrada Família et du parc Güell,,916.76,1109,5h30,,,,solo,,
71373,1219,"Barcelone : visite d'une journée du musée Dalí, du village médiéval et de Gérone",,983.84,1144,10 heures 30 minutes,Anglais,,,general,,
74618,1219,Barcelone : vol panoramique privé en hélicoptère,,1046.62,1266,40 minutes,,,,solo,,
74584,1219,Barcelone : visite privée des incontournables avec Sagrada Família,,1496.40,1810,9 heures,,,,solo,,
40125,3416,Bains Széchenyi : billet d'entrée,,45.58,53,,,,,general,,
37971,3416,Pass Budapest,,45.58,53,- Entrée gratuite et unique à une sélection de musées.,,,,general,,
37959,3416,Budapest : dîner croisière sur le Danube sans transport,,79.98,93,2 heures,,,,couple,,
37958,3416,Budapest : tour de la ville et du Parlement pour les citoyens de l'EU,,56.76,66,4 heures,Anglais,,,general,,
37960,3416,Parlement de Budapest : visite guidée pour les citoyens hors l'EU,,91.16,106,1 heure,Anglais,,,general,,
37962,3416,Budapest : tour de la ville,,30.96,36,3 heures,Anglais,,,general,,
37002,3416,Budapest : tour en bus hop-on Hop-off 24 heures,,32.68,38,2/ Ligne verte :  Le premier bus part de l'arrêt 1 à 9h00.  Le dernier bus part de l'arrêt 1 à 17h00 Durée de la visite - 50 minutes  Les bus circulent toutes les 10 à 20 minutes,Audio|Français|Anglais,,,general,,
37963,3416,Budapest : visite du Danube Bend,,73.96,86,8 heures,Anglais,,,general,,
57235,3416,Visite privée des essentiels de Budapest,,122.12,142,3 heures,Français|Anglais,,,solo,,
72698,3416,Basilique Saint-Étienne : Billet d'entrée sans file d'attente,,13.76,17,,,,,general,,
22796,3416,Budapest : dégustation de vins hongrois,,60.20,70,2 heures,Anglais,,,general,,
74423,3416,Parlement hongrois : visite audioguidée à Budapest,,39.56,46,45 minutes,,,,general,,
72700,3416,Musée juif hongrois & complexe de la synagogue de la rue Dohány : entrée rapide,,43.86,54,02:30,,,,general,,
72273,3416,Budapest : visite et croisière sur le Danube,,48.16,56,4h,Anglais,,,couple,,
57222,3416,Visites gastronomiques secrètes à pied à Budapest,,97.18,113,3 heures,Anglais,,,general,,
37965,3416,Budapest : croisière Cocktail,,35.26,41,1 heure 30 minutes,,,,couple,,
37982,3416,Palais Baroque de Gödöllo : visite guidée du palais,,43.86,51,3 heures,Anglais,,,general,,
57208,3416,Visite privée de luxe à Budapest,,472.14,549,4 heures,Français|Anglais,,,solo,,
73049,3416,Budapest : visite privée à pied personnalisée avec un guide (visite privée),,44.72,52,2 heures à 8 heures,Français|Anglais,,,solo,,
37986,3416,Lac Balaton et croisière : excursion d'une journée au départ de Budapest,,77.40,90,9 heures 30 minutes,Anglais,,,couple,,
40134,3416,Patrimoine Juif : visite guidée de 4 heures,,90.30,105,4 heures,,,,general,,
72514,3416,Bains Széchenyi : accès et massage avec cabine privée,,0,0,"* Le fournisseur enverra un courriel de suivi avec les codes QR réels aux adresses électroniques fournies lors de la réservation, mais la réservation est confirmée automatiquement.",,,,solo,,
72511,3416,Thermes Lukács : billet d'entrée,,28.38,35,,,,,general,,
40132,3416,Patrimoine Juif : visite guidée à pied de 2 heures,,63.64,74,2 heures,,,,general,,
72697,3416,Basilique Saint-Étienne de Pest : Billet d'entrée + Concert de grand orgue,,63.64,77,,,,,general,,
57219,3416,Excursion dans les vignobles d'Etyek avec dîner au départ de Budapest,,85.14,99,5 heures,Anglais,,,general,,
71429,3416,Croisière sur le Danube à Budapest avec dégustation de vins,,109.22,127,2 heures,,,,couple,,
57238,3416,Visite guidée privée de Szentendre et du château de Visegrád,,142.76,166,4 heures,Anglais,,,solo,,
54434,3416,Budapest : Excursion privée d'une journée à Bratislava,,368.94,429,9 heures,Français|Anglais,,,solo,,
60920,3416,Excursion privée d'une journée sur le Danube à Budapest avec déjeuner,,107.50,125,9 heures 30 minutes,Français|Anglais,,,solo,,
37988,3416,Vienne : visite privée au départ de Budapest,,0,0,11 heures 30 minutes,Anglais,,,solo,,
57281,3416,Visite en Segway de 90 minutes du centre-ville de Budapest,,3.44,4,5 minutes à 1 heure 30 minutes,Anglais,,,general,,
71956,3416,Visite guidée de Pest,,13.76,16,2 heures,Anglais,,,general,,
70423,3416,Budapest : visite à pied de 2 heures,,13.76,16,2 heures,Anglais,,,general,,
57240,3416,Tour de Budapest à vélo,,38.70,45,2 heures 30 minutes à 4 heures,Anglais,,,general,,
57253,3416,Visite privée à pied de la grotte à Budapest,,45.58,53,3 heures,Anglais,,,solo,,
57261,3416,Visite du marché privé de 2 heures à Budapest avec dégustations,,67.94,79,2 heures,Anglais,,,solo,,
57279,3416,Randonnée pédestre à Budapest,,71.38,83,4 heures,Anglais,,,general,,
53753,3416,Billet Szechenyi (journée complète) avec BeerSpa (45 minutes),,72.24,84,1 heure à 4 heures,Anglais,,,general,,
57267,3416,Dégustation de vins dans la campagne de Budapest,,84.28,98,3 heures,Anglais,,,general,,
57282,3416,Visite privée en tuk-tuk électrique à Budapest,,84.28,98,2 heures,Anglais,,,solo,,
57262,3416,Forfait BASIC Shooting Experience à Budapest,,98.04,114,1 heure,Anglais,,,general,,
57252,3416,Visite des bars des ruines de Budapest,,104.06,121,3 heures,Anglais,,,general,,
66439,3416,Visite privée du palais Sissi dans la ville de Godollo,,122.98,143,6 heures,Français|Anglais,,,solo,,
73048,3416,Excursion privée d'une journée en ville à Budapest à pied ou en voiture,,147.92,172,7 heures à 8 heures,,,,solo,,
54220,3416,Visite privée de Budapest avec déjeuner et visite du Parlement,,157.38,183,4 heures,Français|Anglais,,,solo,,
37990,3416,Budapest : tour privé en Trabant,,243.38,283,3 heures,Anglais,,,solo,,
23950,202467,Chutes d'Iguazu : excursion côté Argentin,,41.28,48,7 heures,Anglais,,,general,,
68971,202467,Visite privée des cascades d'Iguaçu avec billets d'entrée,,66.22,77,4 heures,Français|Anglais|Écrit,,,solo,,
12990,202467,Chutes d'Iguazu : tour d'une journée au départ de Foz Do Iguaçu,,66.22,77,4 heures à 6 heures,Anglais,,,general,,
65509,202467,Visite des chutes d'Iguazu avec Triangle et Région des trois frontières,,77.40,90,6 heures à 8 heures,Français|Anglais|Écrit,,,general,,
65508,202467,Visite de shopping à Ciudad Del Este,,20.64,24,7 heures,Anglais,,,general,,
65495,202467,Excursion des deux côtés des chutes d'Iguaçu le même jour.,,40.42,47,10 heures à 12 heures,Anglais,,,general,,
65507,202467,Excursion d'une journée aux chutes brésiliennes et au parc ornithologique,,41.28,48,6 heures,Anglais,,,general,,
45337,202467,Trois frontières : excursion avec une vue sur le coucher de soleil,,50,50,4 heures,Anglais,,,general,,
68969,202467,Transport à Marco das Três Frontiers dans un véhicule exclusif pour la famille.,,46.44,54,4 heures à 5 heures,,,,famille,,
65504,202467,Expédition guidée avec canoë et cascades à Iguaçu,,46.44,54,3 heures,Anglais,,,general,,
65492,202467,Excursion d'une journée aux chutes d'Iguazu au Brésil et en Argentine,,48.16,56,8 heures,Anglais,,,general,,
45250,202467,"Temple bouddhiste, mosquée de Omar Ibn Al-Khatab et l'écomusée",,48.16,56,4 heures,Anglais,,,general,,
65494,202467,Visite privée d'une journée des chutes du côté brésilien et argentin.,,49.88,58,10 heures,Anglais,,,solo,,
14395,202467,Barrage d'Itaipu : tour d'une journée au départ de Foz Do Iguaçu,,51.60,60,3 heures 30 minutes,Anglais,,,general,,
13629,202467,Chutes d'Iguazu : tour au départ de Foz Do Iguaçu,,52.46,61,4 heures à 6 heures,Anglais,,,general,,
69664,202467,Excursion privée d'une journée aux chutes du Brésil et d'Argentine,,52.46,61,7 heures à 9 heures,Anglais,,,solo,,
49570,202467,Chutes d'Iguazu : excursion du côté brésilien,,53.32,62,3 heures 30 minutes,Anglais,,,general,,
68964,202467,Visite pour faire du Yoga et pleine conscience,,54.18,63,1 heure 30 minutes,Anglais,,,general,,
65506,202467,Visite privée d'une demi-journée des cascades d'Iguassu côté brésilien 4h,,79.12,92,4 heures,Anglais,,,solo,,
65493,202467,Visite privée des deux côtés des chutes du Brésil et de l'Argentine en 1 jour,,84.28,99,8 heures,Anglais,,,solo,,
68965,202467,Visite de la ville de Foz,,92.88,108,5 heures à 6 heures,,,,general,,
68959,202467,Excursion privée d'une journée sur les deux côtés des chutes d'Iguassu,,95.46,111,8 heures à 10 heures,Anglais,,,solo,,
68265,202467,Transport privé pour faire du shopping à Compras Paraguay,,102.34,119,4 heures à 6 heures,,,,solo,,
68261,202467,Transport privé avec guide vers Brazil Falls + Bird Park,,105.78,123,5 heures à 7 heures,,,,solo,,
65496,202467,Les deux côtés des chutes d'Iguazu brésiliennes et argentines,,117.82,137,9 heures,Anglais,,,general,,
65505,202467,Visite privée d'une journée des côtés brésilien et argentin des chutes d'iguassu 8 h,,117.82,137,8 heures à 9 heures,Anglais,,,solo,,
68967,202467,Argentina Bike Experience : interagissez avec les communautés autochtones,,120.40,140,4 heures à 5 heures,,,,general,,
69349,202467,Visite privée du Paraguay Salto lundi et frontières Marco 3,,121.26,141,5 heures,Anglais,,,solo,,
65500,202467,Dîner-spectacle au Rafain à Foz Do Iguaçu,,126.42,147,4 heures,Anglais,,,general,,
68268,202467,Chutes d'Iguassu côté Argentine,,126.42,147,4 heures à 6 heures,Anglais,,,general,,
65502,202467,Côté argentin des chutes - Tous les billets inclus,,127.28,148,8 heures,Anglais,,,general,,
65490,202467,Journée complète Iguassu Falls Both Sides - Brésil et Argentine,,130.72,152,10 heures à 11 heures,Anglais,,,general,,
68264,202467,Transport vers les chutes + Parque das Aves dans un véhicule familial,,144.48,168,4 heures à 5 heures,Anglais,,,general,,
65491,202467,Vol panoramique en hélicoptère au-dessus des chutes d'Iguassu,,145.34,169,10 minutes,,,,general,,
68262,202467,Visite de l'Argentine et Chutes de Puerto Iguaçu,,147.92,172,7 heures à 8 heures,,,,general,,
65499,202467,Les Cascades d'Iguaçu des deux côtés et le triangle frontalier,,154.80,180,8 heures à 10 heures,Français|Anglais|Écrit,,,general,,
65503,202467,Excursion d’une journée au parc national d’Iguazú en petit groupe,,158.24,184,9 heures,Anglais,,,groupe,,
68966,202467,Visite privée au Brésil et en Argentine aux chutes d'Iguassu,,163.40,190,48 heures,Anglais,,,solo,,
69350,202467,Minas de Wanda sur ARG + Puerto iguazu avec Adilson,,172.86,201,5 heures à 7 heures,,,,general,,
65498,202467,Expérience au Paraguay,,175.44,204,7 heures,Anglais,,,general,,
68267,202467,Chutes d'Argentine et du Brésil,,189.20,220,6 heures à 7 heures,Anglais,,,general,,
51157,202467,Chutes d'Iguazu : vol panoramique en hélicoptère,,221.88,258,40 minutes,,,,general,,
65497,202467,Chutes d'Iguaçu : Randonnée et Bateau près des Cascades,,233.92,272,4 heures,Anglais,,,general,,
65501,202467,Promenade en hélicoptère aux chutes d'Iguazu,,243.38,283,10 minutes,,,,general,,
68968,202467,Visite privée des chutes argentines et brésiliennes,,251.12,292,48 heures,Anglais,,,solo,,
68266,202467,Visite privée du côté brésilien des chutes avec déjeuner et bateau,,282.08,328,5 heures à 6 heures,Anglais,,,solo,,
68962,202467,Chutes d'Iguazu: visite en bateau et visite de la ville,,409.36,476,10 heures,Français|Anglais,,,general,,
68963,202467,Visite en bateau parc ornithologique : billets et déjeuner inclus,,429.14,499,8 heures,Français|Anglais,,,general,,
72532,202467,"Expérience Iguaçú Prestige : Hélicoptère, Chutes, Parc des Oiseaux & Aventure en Bateau",,540.94,629,8 heures,,,,general,,
39648,261,Dubai : safari premium au désert en 4x4 avec dîner barbecue,,81.70,95,6 heures,,,,general,,
52547,261,"Atlantis The Palm, parc Aquaventure : billet d'entrée",,44.72,52,,,,,general,,
49921,261,Abou Dhabi : excursion d'une journée au départ de Dubaï avec déjeuner,,70.52,82,10 heures,Anglais|Audio,,,general,,
36973,261,Dubaï : tour en bus hop-on Hop-off 24 heures,,43.86,51,Ligne Bleu :  de 10h à 16h - Durée : 130 Minutes - Fréquence : 60 Minutes,Audio|Français|Anglais,,,general,,
31107,261,Dubaï : visite de la ville traditionnelle,,27.52,32,4 heures,Anglais|Audio,,,general,,
50245,261,Dubai : diner croisière en Dhow sur la Crique,,73.96,86,,Anglais,,,couple,,
39445,261,Atlantis tour : croisière de 75 min,,43.86,51,1 heure 15 minutes,,,,couple,,
52236,261,Dubaï : billet d'entrée pour l'aquarium et le zoo sous-marin,,66.22,90,,,,,general,,
71101,261,Dubai City Pass : visite Hop-on Hop-off principales attractions et visites guidées,,147.06,206,,,,,general,,
50247,261,Dubai : diner croisière en Dhow à la marina,,47.30,55,4 heures,Anglais,,,couple,,
49941,261,Abu Dabi : excursion d'une journée sans déjeuner au départ de Dubaï,,12.04,14,10 heures,Anglais|Audio,,,general,,
39446,261,Premium Tour : croisière de 99 min,,55.04,64,1 heure 30 minutes,,,,couple,,
36464,261,Dubaï : tour en buggy dans le désert -Expérience passager,,157.38,183,2 heures,,,,general,,
30939,261,Wild Wadi : billet d'entrée,,44.72,52,4 heures,,,,general,,
39580,261,Burj Khalifa : billet pour les 124e et 125e étages,,47.30,55,- La fréquence des entrées est toutes les 30 minutes.,,,,general,,
39581,261,"Burj Khalifa : billet d'entrée pour le sommet ,125e et 148e étages",,92.88,108,1 heure 30 minutes,,,,general,,
49957,261,Abu Dhabi : visite de la mosquée Cheikh Zayed et du musée du Louvre,,81.70,95,9 heures,Anglais|Audio,,,general,,
49986,261,Dubaï : excursion d'une journée avec billet d'entrée à Burj Khalifa,,121.26,141,9 heures,Anglais|Audio,,,general,,
53085,261,Excursion en yacht dans la Marina avec petit-déjeuner ou barbecue,,20.64,24,1 heure à 3 heures,Français|Anglais,,,general,,
52114,261,"Dubai City Tour : Mosquée Bleue, Souks & Old Dubai Experience",,33.54,39,4 heures à 5 heures,Français|Anglais,,,general,,
35563,261,Ferrari World : entrée avec transfert depuis Dubai,,113.52,132,5 heures,,,,general,,
50576,261,Dubaï : mise à disposition d’un guide pour une demi-journée,,154.80,180,4 heures,Français|Anglais,,,general,,
49953,261,Mosquée Cheikh Zayed et Ferrari World : visite au départ de Dubaï,,135.02,157,10 heures,Anglais|Audio,,,general,,
11961,261,Dubai : vol en montgolfière et démonstration de fauconnerie,,447.20,520,5 heures,Anglais,,,general,,
51793,261,Dubaï : Service Marhaba meet and greet à l'aéroport (DXB),,0,0,Services de l'aéroport Diamond Marhaba - DXB,,,,general,,
62573,261,Accès au salon de luxe T3/T1/T2 de l'aéroport international de Dubaï,,37.84,44,2 heures à 6 heures,,,,general,,
70508,261,Dubaï : tour en bus à arrêts multiples,,50,50,1 jour,,,,general,,
50376,261,Dubai : visite de la ville d'une demi journée et entrée à Burj Khalifa,,96.32,112,5 heures,Anglais|Audio,,,general,,
52525,261,Dubaï : visite d'une demi-journée avec billet pour le Burj Khalifa,,135.88,158,4 heures,Français|Anglais,,,general,,
52404,261,XLine Dubaï : descente en tyrolienne au-dessus de la Marina,,161.68,188,Un jour,,,,general,,
72726,261,La Vue sur The Palm : Billet avec accès rapide + Niveau suivant (Niveau 54),,0,0,,,,,general,,
70505,261,Dubaï : visite de la ville moderne et entrée au musée du Futur,,0,0,Environ 2h30,Anglais,,,general,,
63329,261,Safari dans le désert avec chameau et dîner pour famille et amis,,28.38,33,5 heures à 7 heures,Français|Anglais,,,famille,,
50250,261,Dubai : tour de la ville la nuit,,30.10,35,3 heures 50 minutes,Anglais|Audio,,,general,,
39444,261,"Dubaï Marina, Ain Dubai et Bluewaters: croisière de 60 min",,32.68,38,1 heure,,,,couple,,
50333,261,Musandam : safari en mer d'une journée au départ de Dubaï,,56.76,66,9 heures,,,,general,,
52554,261,Dubaï : tour en bus hop-on Hop-off 48 heures,,59.34,69,48h,Audio|Français|Anglais,,,general,,
50020,261,Dubaï : excursion d'une journée sans déjeuner,,60.20,70,9 heures,Anglais|Audio,,,general,,
53027,261,"Tour Etihad, palais Qasr Al Watan, mosquée : visite au départ de Dubaï",,98.90,115,9 heures à 10 heures,Français|Anglais,,,general,,
36463,261,Dubaï : conduite de Buggy dans le désert,,207.26,241,2 heures,,,,general,,
50252,261,Dubai : tour de la ville moderne et billet de Mono Rail,,0,0,4 heures,Anglais|Audio,,,general,,
50235,261,Miracle Garden Dubai : visite de la faune et de la flore,,0,0,4 heures,Anglais,,,general,,
70524,261,Observatoire Sky Views à Dubaï,,22.36,26,1 jour,,,,general,,
70558,261,Billet pour The View at the Palm à Dubaï,,23.22,27,1 heure,,,,general,,
50339,261,Dubaï : tour-photo pour découvrir les incontournables de la ville,,24.94,29,2 heures 30 minutes,Anglais|Audio,,,general,,
63330,261,"Safari dans le désert, divertissement, balade à dos de chameau",,28.38,33,6 heures à 7 heures,Français|Anglais,,,general,,
52333,261,JetSki le plus rapide : Burj Khalifa & Burj Al Arab,,41.28,48,30 minutes,Français|Anglais,,,general,,
52332,261,Jet Ski à Dubai,,59.34,69,30 minutes,,,,general,,
70512,261,Visite du village chameau de Dubaï,,61.06,71,4 heures,,,,general,,
57662,261,Safari Premium à dos de chameau dans les dunes et barbecue à Al Khayma,,66.22,77,7 heures,Anglais,,,general,,
46473,261,Dubaï : saut en parachute sur la plage de Jumeirah,,79.12,92,1 heure,,,,general,,
49979,261,Al-Aïn : excursion d'une journée au départ de Dubaï,,92.88,108,9 heures,Anglais|Audio,,,general,,
59070,261,Port de Dubaï : expérience de super yacht avec station et boissons,,104.92,122,3 heures,Audio|Anglais,,,general,,
74228,261,Tour privé de Dubaï 4 heures avec guide et chauffeur,,146.20,170,4 heures,Français|Anglais,,,solo,,
72382,261,"Sonara Camp Dubaï, le coucher du soleil et le dîner",,203.82,237,7 heures,,,,general,,
50616,261,Dubaï : mise à disposition d’un guide pour une journée,,299.28,348,8 heures,Français|Anglais,,,general,,
31105,261,Dubaï : vol en montgolfière,,347.44,404,6 heures,Anglais,,,general,,
70619,261,Aventure privée en buggy 2 places sur les dunes rouges de Dubaï,,392.16,456,3 heures 30 minutes,Anglais,,,solo,,
72725,261,La Vue sur The Palm (niveau 52),,0,0,,,,,general,,
72612,261,Pass Les Incontournables de Dubaï,,0,0,,,,,general,,
72635,261,Parc Safari de Dubaï : Pass d'entrée,,0,0,05:00,,,,general,,
72614,261,Real Madrid World : 1 jour Pass et billet combiné facultatif pour Ain Dubai,,0,0,,,,,general,,
74113,261,Tour privé à la journée à Al Ain depuis Dubaï avec déjeuner,,0,0,9 heures,,,,solo,,
70527,261,Billet d'entrée à Dubai Garden Glow Park,,0,0,1 jour,,,,general,,
70534,261,Billet pour le Palm Monorail de Dubaï,,0,0,15 minutes,,,,general,,
70569,261,Patinoire de Dubaï : Billet d'entrée,,0,0,1 jour,,,,general,,
52400,261,Chillout Ice Lounge : billet d'entrée,,0,0,Un jour,,,,general,,
70500,261,Spectacle des fontaines de Dubaï,,6.88,8,30 minutes,,,,general,,
70514,261,Billet d'entrée au musée Al Shindagha à Dubaï,,7.74,9,1 heures,,,,general,,
70453,261,Billet d'entrée à Delphinarium de Dubaï,,11.18,13,2 heures,,,,general,,
70553,261,Billet d'entrée au parc aux crocodiles de Dubaï,,14.62,17,2 heures,,,,general,,
72593,261,Dubai Frame : Billet d'entrée + Accès au Skydeck,,13.76,17,,,,,general,,
70548,261,Billet au Storm Coaster à Dubaï,,15.48,18,2 heures,,,,general,,
52397,261,Dubaï : location de Yacht,,18.06,21,1 heure,,,,general,,
72598,261,Musée des enfants OliOli : Billet d'entrée,,18.06,22,02:00,,,,famille,,
59072,261,"Visite de Dubaï Aladdin :souks, crique, vieux Dubaï et dégustations",,18.92,22,3 heures,Français|Anglais,,,general,,
70507,261,Billet d'entrée à Madame Tussauds Dubaï,,18.92,22,2 heures,,,,general,,
70498,261,Billet d'entrée à KidZania à Abu Dhabi,,18.92,22,1 jour,,,,general,,
70506,261,Kayak à Dubaï,,19.78,23,1 heure,,,,general,,
70518,261,Billet d'entrée du musée des Illusions,,20.64,24,2 heures,,,,general,,
70494,261,Billet d'entrée au musée du selfie 3D World à Dubaï,,21.50,25,2 heures,,,,general,,
72599,261,Musée des illusions Dubaï : Billet d'entrée,,21.50,26,,,,,general,,
74204,261,Safari dans le désert de Dubaï,,22.36,26,6 heures,,,,general,,
70523,261,Standup Paddle à Dubaï,,24.08,28,1 jour,,,,general,,
70573,261,3D Blacklight Minigolf Dubaï : Billet d'entrée,,26.66,31,2 heures,,,,general,,
72596,261,Patinoire de Dubaï : Billet d'entrée,,26.66,33,,,,,general,,
72611,261,Dubai Expo City : Pass Attractions,,29.24,36,,,,,general,,
74136,261,Le monde de l'aquaventure : Pass journée parc aquatique + Aquarium du monde perdu,,29.24,36,,,,,general,,
50336,261,Sharjah : visite de la ville avec un départ de Dubai,,31.82,37,4 heures,Audio|Français|Anglais,,,general,,
70543,261,Promenade en bateau banane à Dubaï,,31.82,37,1 jour,,,,general,,
71854,261,Promotion : Madame Tussauds avec tour gratuit,,31.82,37,"3,5 heures",Anglais,,,general,,
70551,261,Billet d'entrée à The Green Planet Dubaï,,33.54,39,1 jour,,,,general,,
71852,261,Promotion : safari avec tour gratuit à Sharjah,,35.26,41,6 heures,Anglais,,,general,,
74097,261,Visite de Dubaï en groupe avec Burj Khalifa et Palm Jumeirah,,36.12,42,"2,5 heures",,,,groupe,,
72600,261,Musée Arte de Dubaï : Billet d'entrée,,36.98,45,* L'entrée n'est pas autorisée.,,,,general,,
72594,261,Trampo Extreme au Dubai Mall,,37.84,46,02:00,,,,general,,
71850,261,Promotion : Billet d'entrée Burj Khalifa Billets avec tournée instantanée gratuite,,39.56,46,2 heures,Anglais,,,general,,
70528,261,Billet d'entrée à I Fly Dubai,,39.56,46,1 heure,,,,general,,
72556,261,Musée du Futur : billet d'entrée,,40.42,49,,,,,general,,
70533,261,Billet d'entrée à Play DXB Dubaï,,50,50,2 heures,,,,general,,
70519,261,Vol en montgolfière à Dubaï,,50,50,10 minutes,,,,general,,
73542,261,Aquarium et zoo sous-marin de Dubaï : Silver Pass,,46.44,57,,,,,general,,
70513,261,Visite en bus des merveilles à Dubaï,,50.74,59,1 heure,,,,general,,
66882,261,Ski Dubai : billet d'entrée,,52.46,61,Un jour,,,,general,,
72595,261,Dubaï Jouer DXB,,51.60,63,,,,,general,,
72603,261,Spectacle La Perle by Dragone : Billet d'entrée,,54.18,66,01:30,,,,general,,
72748,261,Dubaï Marina : Dîner-croisière avec musique live et open bar,,54.18,66,01:30,,,,couple,,
74206,261,"Safari matin désert de Dubaï : dunes, chameaux et lever de soleil",,56.76,66,6 heures,,,,general,,
74205,261,"Matinée Safari dans le désert de Dubaï : arrêt photo, dune bashing et balade à dos de chameau",,61.92,72,2 heures à 4 heures,,,,general,,
73543,261,IMG Worlds of Adventure: Billet d'entrée,,61.06,74,,,,,general,,
53161,261,Dubaï : tour en bus hop-on Hop-off 72 heures,,64.50,75,72h,Audio|Français|Anglais,,,general,,
71851,261,Promotion : Camel Village Dubai avec tour gratuit de Dubai,,67.08,78,4 heures,,,,general,,
74203,261,Safari au Desert au lever de soleil avec quad et balade à dos de chameau à Dubaï,,67.94,79,2 heures,,,,general,,
70535,261,Billet pour le Jetpack à Dubaï,,73.96,86,30 minutes,,,,general,,
70525,261,Tour de parachute ascensionnel à Dubaï,,73.96,86,15 minutes,,,,general,,
72633,261,Pass aventure Dubaï BrewDog Bluewaters et Crazy Golf Swingers,,71.38,87,02:45,,,,general,,
72615,261,Motiongate : Pass d'un jour,,73.10,89,,,,,general,,
74211,261,Abu Dhabi City Tour,,78.26,91,8 heures,,,,general,,
73547,261,Billet d'entrée Dubai Safari Park avec ramassage et dépôt privés,,100,100,5 heures,,,,solo,,
72613,261,Aquarium et zoo sous-marin de Dubaï : Pass Platine,,98.04,119,,,,,general,,
72557,261,Musée du futur : billet coupe-file,,100.62,122,,,,,general,,
74111,261,Visite privée de Sharjah demi-journée depuis Dubaï,,112.66,131,4 heures,,,,solo,,
74229,261,"Dubaï City Tour : Al Shindagha, Souks & Burj Al Arab",,121.26,141,4 heures,,,,general,,
49973,261,Mosquée Cheikh Zayed et Warner Bros : visite au départ de Dubaï,,135.02,157,10 heures,Anglais|Audio,,,general,,
70522,261,Promenade en limousine allongée à Dubaï,,147.92,172,1 heure,,,,general,,
70531,261,"Dîner au restaurant ""Dinner in the Sky"" à Dubaï",,164.26,191,1 jour,,,,general,,
73572,261,Dubaï : Balade en hélicoptère depuis Palm Jumeirah,,169.42,205,,,,,general,,
74541,261,Dubai Explorer Pass : Accès jusqu'à 7 attractions avec Burj Khalifa inclus,,187.48,227,,,,,general,,
73546,261,Visite à pied semi-privée le vieux Dubaï,,204.68,238,6 heures,,,,solo,,
50371,261,Dubai : expérience culinaire avec déjeuner,,205.54,239,6 heures,Anglais,,,general,,
71156,261,Visite privée d'une journée dans la capitale des Émirats arabes unis,,214.14,249,7 heures à 8 heures,Français|Anglais,,,solo,,
74096,261,Excursion East Coast Dubai avec montagnes Hajar et déjeuner,,233.92,272,9 heures,,,,general,,
70556,261,Vol en gyrocoptère à Dubaï,,259.72,302,1 jour,,,,general,,
72597,261,Go City Dubai : Laissez-passer tout compris pour 2 à 10 jours,,312.18,378,"Des aquariums aux dîners-croisières en passant par les randonnées à dos de chameau et les parcs à thème, économisez jusqu'à 50 % sur les prix d'entrée. Ce pass est votre clé pour vous amuser et économiser aux Émirats arabes unis !",,,,general,,
50320,261,Dubai : tour privé nocturne de la ville et diner à Al Iwan,,481.60,560,5 heures 30 minutes,Audio|Français|Anglais,,,solo,,
70542,261,Visite nocturne de Dubaï avec dîner,,496.22,577,6 heures,Audio|Français|Anglais,,,general,,
54529,4172,Milan Pass : entrée à 10 attractions avec transport inclus,,104.06,140,- La plupart des sites sont accessibles aux personnes en fauteuil roulant.,,,,general,,
70968,4172,Visite du stade San Siro de Milan : billet d'entrée,,43.86,62,,,,,general,,
48298,4172,Duomo de Milan et Duomo Museum : billet d'entrée,,12.90,18,,,,,general,,
13154,4172,Milan : excursion aux musées et au théatre La Scala,,39.56,46,1 heure,Français|Anglais,,,general,,
21912,4172,Stresa : les îles Borromées en ferry à arrêts multiples,,15.48,18,4 heures à 8 heures,Français|Anglais|Audio|Écrit,,,general,,
72485,4172,Duomo de Milan : Billet d'entrée avec accès au toit,,29.24,36,* La dernière entrée est à 17h50,,,,general,,
53011,4172,Visite guidée du Teatro Alla Scala de Milan,,46.44,54,1 heure 30 minutes,Français|Anglais,,,general,,
11753,4172,Lac de Côme: excursion d'une journée au départ de Milan,,99.76,116,10 heures,Anglais|Audio,,,general,,
71239,4172,Visite guidée coupe-file de la Scala,,32.68,38,1 heure,Français|Anglais,,,general,,
46138,4172,La Cène de De Vinci : tour d'une demi-journée,,117.82,137,3 heures 30 minutes,Anglais,,,general,,
53904,4172,Tour en bus à arrêts multiples à Milan,,21.50,25,50 minutes à 1 heure 20 minutes,Audio|Français|Anglais,,,general,,
46137,4172,"Milan : visite du Duomo, de La Cène ou du vignoble de De Vinci",,93.74,109,6 heures,Anglais,,,general,,
25661,4172,"Circuit en ferry à arrêts multiples vers Isola Bella, sur le lac Majeu",,8.60,10,1 heure à 6 heures,Français|Anglais|Écrit,,,general,,
71243,4172,Audioguide du Duomo - Cathédrale de Milan (pas de billet),,8.60,10,1 heure,Audio|Français|Anglais,,,general,,
56461,4172,Léonard3 Le monde de Leonardo : Exposition interactive,,12.90,15,1 heure à 2 heures,,,,general,,
56458,4172,Entrée au Codex Atlanticus de Léonard de Vinci à Milan,,17.20,20,1 heure à 2 heures,,,,general,,
71371,4172,Billet coupe-file : visite du Duomo à Milan,,38.70,45,1 heure,Anglais,,,general,,
71918,4172,Duomo de Milan : billet avec accès rapide avec accès au toit,,42.14,51,* La dernière entrée de chaque site se trouve à 17h50,Audio|Français|Anglais,,,general,,
53012,4172,Visite guidée du château Sforzesco et de la Pietà de Michel-Ange,,49.88,58,1 heure 30 minutes,Français|Anglais,,,general,,
52791,4172,"Lac de Côme, Bellagio et Varenna",,66.22,77,12 heures,Anglais,,,general,,
71774,4172,Excursion pour « La Cène » et le château des Sforza,,86.86,101,1 heure 30 minutes,Anglais,,,general,,
13016,4172,Lac Majeur : excursion d'une journée au départ de Milan,,137.60,160,7 heures à 10 heures,Anglais,,,general,,
56242,4172,Excursion des Alpes suisses en train Bernina Express de Milan,,147.06,171,12 heures 30 minutes,Anglais|Audio,,,general,,
21805,4172,Depuis Stresa : visite privée des îles Borromées en bateau,,148.78,173,1 heure à 2 heures,Français|Anglais|Écrit,,,solo,,
54968,4172,Billet pour Isola Pescatori au départ de Stresa,,9.46,11,1 heure 30 minutes à 2 heures,Français|Anglais,,,general,,
54948,4172,Stresa : croisière à arrêts multiples Isola Pescatori et Isola Bella,,12.04,14,2 heures à 8 heures,Audio|Écrit|Français|Anglais,,,couple,,
54949,4172,Stresa : croisière à arrêts multiples Isola Madre et Isola Bella,,12.90,15,2 heures à 5 heures,Audio|Écrit|Français|Anglais,,,couple,,
71659,4172,Milan - Excursion en bateau Navigli,,18.92,22,50 minutes,,,,general,,
72681,4172,Château Sforza Milan : Billet d'entrée + audioguide numérique,,21.50,26,,,,,general,,
56286,4172,Excursion en vélo de Milan,,38.70,45,3 heures 15 minutes,Anglais,,,general,,
56451,4172,Visite sur le toit de la cathédrale et circuit à arrêts multiples,,40.42,47,1 heure,Anglais,,,general,,
56289,4172,Visite privée personnalisée avec un guide local Milan,,44.72,52,2 heures à 8 heures,Anglais,,,solo,,
72295,4172,Milan comme un local : visite privée sur mesure,,48.16,56,2 heures à 6 heures,,,,solo,,
56276,4172,Visite guidée du Duomo de Milan avec accès au toit,,49.88,58,1 heure 10 minutes,Anglais,,,general,,
66833,4172,Cours de cuisine privé chez Cesarina à Stresa,,49.88,58,4 heures,Anglais,,,solo,,
56335,4172,Visite coupe-file de la cathédrale du Duomo avec terrasses,,55.04,64,1 heure 30 minutes à 2 heures,Anglais,,,general,,
56260,4172,Visite coupe-file de la dernière Cène de Da Vinci,,58.48,68,1 heure,Anglais,,,general,,
56252,4172,Offre combinée Milan : visite guidée du Duomo avec billet coupe-file,,62.78,73,2 heures 30 minutes,Anglais,,,general,,
56339,4172,Visite guidée de 2 heures de la galerie d'art de Brera,,64.50,75,2 heures,Français|Anglais,,,general,,
73144,4172,Visite privée à pied des hauts lieux de Milan et des joyaux cachés,,64.50,75,3 heures,,,,solo,,
56277,4172,Mamma Mia - Faites votre propre pizza italienne,,66.22,77,2 heures,Français|Anglais,,,general,,
56241,4172,"L'Italie et la Suisse en une journée : Lac de Côme, Bellagio et Lugano",,67.08,78,10 heures 30 minutes,Anglais,,,general,,
56338,4172,Cours de fabrication de glace et de pizza à Milan,,71.38,83,3 heures,Anglais,,,general,,
56344,4172,Apprenez à cuisiner avec un chef italien,,71.38,83,3 heures,Anglais,,,general,,
56440,4172,Expérience culinaire milanaise : Pâtes & Gelato ou Tiramisù Classe,,72.24,84,3 heures,Anglais,,,general,,
56364,4172,"Cours de gnocchis, pâtes, tiramisù et vins",,72.24,84,3 heures,Anglais,,,general,,
56340,4172,Visite guidée de la cathédrale de Milan avec billets d'entrée,,73.10,85,2 heures,Français|Anglais,,,general,,
56278,4172,Milan Tour Gastronomique Gourmet - Expérience Do Eat Better,,73.10,85,3 heures 30 minutes,Anglais,,,general,,
53849,4172,Au départ de Milan - Visite du lac de Côme et Bellagio,,73.96,86,9 heures 30 minutes,Anglais|Audio,,,general,,
56311,4172,Visite privée de Milan en Segway - 2 heures et demie,,73.96,86,3 heures 30 minutes,Français|Anglais,,,solo,,
56386,4172,"Visite avec guide et radioguide à Côme, Lugano, Bellagio et croisière",,75.68,88,11 heures,Anglais,,,couple,,
56265,4172,Milan Super Saver: visite du Duomo et du Rooftop,,75.68,88,2 heures,Anglais,,,general,,
56390,4172,Excursion à la Cène et à l'église de San Maurizio à Milan,,77.40,90,1 heure 30 minutes,Anglais,,,general,,
56455,4172,Le meilleur du lac de Côme et Bellagio. Visite en petit groupe,,78.26,91,10 heures 30 minutes,Anglais,,,groupe,,
56446,4172,Les secrets pour apprendre les pâtes et la glace,,78.26,91,3 heures,,,,general,,
56245,4172,Les secrets pour apprendre les pâtes fraîches et le tiramisu,,78.26,91,3 heures,,,,general,,
53015,4172,Délicieux! Visite gastronomique préférée de Milan,,78.26,91,2 heures 30 minutes,Français|Anglais,,,general,,
56363,4172,Tour Street Food et Aperitivo Milan - Do Eat Better Experience,,79.12,92,3 heures 30 minutes,Anglais,,,general,,
73170,4172,"Visite privée à pied de Milan : Duomo, château et glaces",,79.12,92,2 heures à 3 heures,,,,solo,,
56310,4172,Cesarine: cours de pâtes et tiramisu en petit groupe à Milan,,82.56,96,3 heures,Anglais,,,groupe,,
56407,4172,Une heure de shooting photo dans le centre de Milan,,88.58,103,1 heure,Anglais,,,general,,
56408,4172,Visite privée Kickstarter - Faits saillants et joyaux cachés de Milan,,89.44,104,2 heures 30 minutes,Français|Anglais,,,solo,,
56288,4172,Visite privée en Segway de Milan - avec prise en charge à l'hôtel,,89.44,104,2 heures à 4 heures,Français|Anglais,,,solo,,
56271,4172,"Côme, Bellagio et Lugano, croisière sur le lac  de luxe exclusif",,89.44,104,9 heures,Anglais|Audio,,,couple,,
56291,4172,Cours de cuisine italienne authentique dans un loft milanais,,92.88,108,3 heures,Français|Anglais,,,general,,
56264,4172,Meilleure visite à pied de la rue,,95.46,111,3 heures,Anglais,,,general,,
56294,4172,Excursion d'une journée au lac de Côme et à Lugano au départ de Milan,,98.04,114,10 heures,Anglais,,,general,,
56251,4172,Dernière Cène et Santa Maria delle Grazie : entrée et visite guidée,,98.04,114,1 heure 30 minutes,Anglais,,,general,,
56259,4172,"Lac de Côme, Lugano et Alpes suisses. Visite exclusive en petit groupe",,99.76,116,9 heures à 11 heures,Anglais,,,groupe,,
56248,4172,Le quartier historique de Milan avec billet coupe-file la Cène,,99.76,116,3 heures,Anglais,,,general,,
56384,4172,Sortie à la journée à Vérone et au lac de Garde au départ de Milan,,99.76,116,12 heures,Anglais,,,general,,
56250,4172,Tour Bernina Train Rouge et St Moritz,,103.20,120,13 heures,Anglais,,,general,,
56443,4172,Visite express de la Cène à Milan I Petit groupe de Max 6,,112.66,131,45 minutes,Anglais,,,groupe,,
56373,4172,"Faits saillants : visite guidée du Duomo, de la Cène et centre-ville",,113.52,132,3 heures,Anglais,,,general,,
56272,4172,Excursion sur la mode à Milan,,118.68,138,1 heure 30 minutes,Anglais,,,general,,
56387,4172,Visite guidée de la cathédrale de Milan et du château Sforzesco,,123.84,144,4 heures,Français|Anglais,,,general,,
56285,4172,Lac de Côme - Excursion d'une journée au départ de Milan petit groupe,,127.28,148,10 heures 30 minutes,Anglais,,,groupe,,
56391,4172,Les 10 dégustations avec les habitants: visite gastronomique privée,,129.86,151,3 heures,Français|Anglais,,,solo,,
56240,4172,Le meilleur de Milan avec billet coupe-file pour le Duomo et La Cène,,137.60,160,3 heures,Anglais,,,general,,
56249,4172,Bernina Express Tour Alpes Suisses & St Moritz De Milan,,137.60,160,12 heures,Anglais,,,general,,
56263,4172,Excursion d'une journée à Venise au départ de Milan,,137.60,160,14 heures,Anglais,,,general,,
56442,4172,Sortie à la journée aux Cinque Terre au départ de Milan,,139.32,162,12 heures,Anglais,,,general,,
56325,4172,"Milan: Leonardo da Vinci et Caravaggio, Musée Ambrosiana",,140.18,163,1 heure 30 minutes,Français|Anglais,,,general,,
56383,4172,Billet coupe-file pour La Cène et la Pietà Rondanini de Michel-Ange,,146.20,170,6 heures,Anglais,,,general,,
56322,4172,Visite guidée de la cathédrale du Duomo,,147.92,172,1 heure à 1 heure 30 minutes,Anglais,,,general,,
56377,4172,Découvrez le Milano by Food,,147.92,172,2 heures 30 minutes,Anglais,,,general,,
56394,4172,Visite privée à pied à Milan de nuit : Amazing Milan - 2 h,,153.94,179,2 heures,Français|Anglais,,,solo,,
56441,4172,Excursion d'une journée à Venise et Vérone au départ de Milan,,157.38,183,13 heures 30 minutes,,,,general,,
56336,4172,Visite guidée d'une journée à Venise au départ de Milan,,157.38,183,13 heures,Anglais,,,general,,
56445,4172,Visite privée de Milan du Duomo et des terrasses du Duomo,,158.24,184,2 heures,Français|Anglais,,,solo,,
56305,4172,Florence Renaissance et médiévale : excursion au départ de Milan,,163.40,190,14 heures,Anglais,,,general,,
56269,4172,Excursion d'une journée à Florence et Pise au départ de Milan,,166.84,194,15 heures,Anglais,,,general,,
56372,4172,Visite semi-privée de Milan pour 6 personnes : la Cène et le Duomo,,166.84,194,3 heures,Anglais,,,solo,,
56296,4172,"Visite privée à pied de la mode, de l'art et du design à Milan",,167.70,195,2 heures,Français|Anglais,,,solo,,
53972,4172,Visite guidée privée à Milan,,167.70,195,3 heures,Anglais,,,solo,,
56393,4172,"Visite privée à pied de la Seconde Guerre mondiale à Milan, en Italie",,167.70,195,2 heures,Français|Anglais,,,solo,,
54966,4172,Florence : visite et billet à Galerie des offices - départ de Milan,,169.42,197,12 heures,,,,general,,
56267,4172,"Lac de Côme, St Moritz et train de la Bernina. Départ de Milan",,172.86,201,13 heures,Anglais,,,general,,
56316,4172,Découverte de Milan en balade,,183.18,213,3 heures,Anglais,,,general,,
56258,4172,Promenade en train panoramique Bernina dans les Alpes suisses,,187.48,218,12 heures 45 minutes,Anglais,,,general,,
73171,4172,Milan : visite privée à pied d'une demi-journée,,189.20,220,3 heures,,,,solo,,
44337,4172,Lac de Côme : excursion d'une demi-journée,,195.22,227,4 heures,Anglais,,,general,,
56452,4172,Excursion d'une journée à Monaco et Nice au départ de Milan,,196.94,229,15 heures,Anglais,,,general,,
53014,4172,Faits saillants et joyaux cachés avec les habitants: visite privée,,201.24,234,2 heures à 3 heures,Anglais,,,solo,,
55469,4172,Visite guidée privée coupe-file du musée du théâtre La Scala,,202.10,235,2 heures à 5 heures,Français|Anglais,,,solo,,
56448,4172,"Visite privée Duomo, château des Sforza et dégustation de Gelato",,241.66,281,3 heures,Français|Anglais,,,solo,,
56454,4172,Visite privée de dégustation de vin à Milan avec un expert en vin,,258.86,301,2 heures à 3 heures,Français|Anglais,,,solo,,
66875,4172,Croisière luxuriante privée sur le lac Majeur (Milan),,282.08,328,1 heure à 6 heures,Anglais,,,couple,,
56378,4172,Circuit privé : lac de Côme et de Valtellina au départ de Milan,,315.62,367,12 heures,Anglais,,,solo,,
56444,4172,"Visite guidée privée le Duomo, La Scala et le château des Sforza",,325.08,378,3 heures,Anglais,,,solo,,
37076,4172,Expérience de course avec essai de pilotage d’une Ferrari,,336.26,391,45 minutes,Français|Anglais,,,general,,
54941,4172,Les trois îles Borromées avec un guide privé,,391.30,455,6 heures à 8 heures,Anglais,,,solo,,
71923,4172,Visite guidée de la cathédrale et des terrasses de Milan avec accès accéléré,,771.42,897,2 heures,,,,general,,
53858,4172,Visite privée d'une journée complète au lac de Côme,,1035.44,1204,8 heures à 10 heures,,,,solo,,
56304,4172,Excursion privée : Cinque Terre au départ de Milan,,1282.26,1491,11 heures,Français|Anglais,,,solo,,
53155,4860,Marrakech : dîner et spectacle au restaurant marocain Fantasia,,61.06,71,4 heures,Audio|Français|Anglais,,,general,,
54878,4860,Vol en montgolfière à Marrakech : vol et promenade à dos de chameau,,173.72,202,5 heures,,,,general,,
54492,4860,Marrakech : Vol en montgolfière avec petit déjeuner,,174.58,203,4 heures,,,,general,,
55855,4860,Palmeraie de Marrakech : tour en quad et balade à dos de chameau,,44.72,52,3 heures,,,,general,,
51769,4860,Marrakech : sur les traces des Berbères visite en 4x4 avec déjeuner,,81.70,95,8 heures,,,,general,,
74195,4860,Vol VIP en montgolfière privée à Marrakech avec petit-déjeuner,,0,0,La durée du programme complet est d'environ 5 heures,,,,solo,,
74194,4860,Marrakech Tour privé souks artisanat et place Jemaa El Fna,,95.46,111,3 heures,,,,solo,,
74192,4860,Marrakech Tour privé journée complète monuments et souks,,205.54,239,6 heures,,,,solo,,
24041,4860,Zagora et les montagnes de l'Atlas à Marrakech : circuit de 2 jours,,76.54,89,48 heures,Français|Anglais,,,general,,
24000,4860,Merzouga : excursion de 3 jours au départ de Marrakech,,103.20,120,72 heures,Français|Anglais,,,general,,
54926,4860,Dîner magique au coucher du soleil dans le désert d'Agafay,,21.50,25,5 heures,Français|Anglais,,,general,,
55742,4860,Excursion à cascades d'Ouzoud et promenade en bateau,,18.06,21,10 heures,Français|Anglais,,,general,,
61835,4860,"Jardin Majorelle, à Saint-Laurent et au musée berbère : visite avec pick up",,70.52,82,2 heures à 3 heures,,,,general,,
73309,4860,Dîner-spectacle dans le désert d’Agafay avec buggy et balade à dos de chameau,,47.30,55,6 heures,Français|Anglais,,,general,,
55741,4860,Cascades d'Ouzoud au départ de Marrakech avec promenade en bateau,,13.76,16,10 heures à 11 heures,Français|Anglais,,,general,,
54433,4860,Visite à pied privée de la médina de Marrakech avec un guide local officiel,,37.84,44,3 heures à 4 heures,Français|Anglais,,,solo,,
56134,4860,Déjeuner dans le Haut Atlas: Cascades et 3 Vallées de la Vallée de l'Ourika,,14.62,17,7 heures,Français|Anglais|Audio|Écrit,,,general,,
56130,4860,Excursion à la découverte du massif de l'Atlas au départ de Marrakech,,19.78,23,7 heures,Français|Anglais,,,general,,
54491,4860,Cascade d’Ouzoud : excursion d'une journée au départ de Marrakech,,46.44,54,10 heures,,,,general,,
56132,4860,Excursion d'une journée dans le massif du Haut Atlas et les 4 vallées,,75.68,88,7 heures à 8 heures,Français|Anglais,,,general,,
64966,4860,Excursion d'une journée complète de Marrakech à Essaouira Mogador,,18.92,22,10 heures,Français|Anglais,,,general,,
54364,4860,Marrakech : excursion d'une demi-journée à Ourika,,37.84,44,4 heures,,,,general,,
52329,4860,Marrakech : visite des palais et des monuments,,50,50,3 heures,,,,general,,
55589,4860,Marrakech : excursion botanique de 3 heures en calèche,,61.92,72,3 heures,Français|Anglais,,,general,,
31536,4860,Dunes de Merzouga : excursion au départ de Marrakech,,138.46,161,72 heures,Français|Anglais,,,general,,
53829,4860,"Marrakech: Palais, Médina & Souks avec Expert local",,23.22,27,3 heures 30 minutes,Français|Anglais,,,general,,
73957,4860,"Marrakech : Palais Bahia, Tombes Saadiennes, Souk & Médina Visite Guidée",,24.08,28,4 heures,Français,,,general,,
28180,4860,Marrakech : visite privée avec promenade à dos de chameau,,25.80,30,6 heures à 8 heures,Français|Anglais,,,solo,,
55594,4860,Marrakech : dîner-spectacle au Palais Dar Dmana Restaurant,,50,50,3 heures,,,,general,,
52324,4860,Ouarzazate : excursion d'une journée au départ de Marrakech,,46.44,54,13 heures,,,,general,,
74055,4860,"Billet pour le jardin Majorelle, St Laurent et le musée berbère",,55.04,64,1 heure à 3 heures,Français|Anglais,,,general,,
55628,4860,Marrakech : dîner-spectacle 1001 nuits avec transport privé,,72.24,84,4 heures,,,,solo,,
55814,4860,Excursion de 3 jours à Essaouira au départ de Marrakech,,0,0,72 heures,,,,general,,
74197,4860,Visite de Casablanca depuis Marrakech - Privé,,0,0,10-11 heures,,,,solo,,
55339,4860,"Ouarzazate, vallée du Draâ et M'hamid : excursion de 3 jours au désert",,0,0,24 heures,,,,general,,
74040,4860,"Visite guidée privée d'une demi-journée, Découvrir Marrakech",,24.94,29,4 heures,,,,solo,,
73586,4860,Visite magique de Marrakech en soirée.,,28.38,33,2 heures,,,,general,,
55590,4860,Marrakech : visite des Souks et de la Medina,,32.68,38,3 heures,Français|Anglais,,,general,,
73588,4860,Marrakech by night : balade en Caleche avec Temps Libre à Jemaa El-Fna,,33.54,39,3 heures 30 minutes,Français|Anglais,,,general,,
54474,4860,Marrakech : excursion à dos de dromadaire dans la palmeraie,,34.40,40,3 heures,,,,general,,
73961,4860,Oasiria Marrakech : billet parc aquatique avec transfert,,51.60,60,8 heures,,,,general,,
54473,4860,Marrakech : tour en quad dans la Palmeraie,,62.78,73,4 heures,,,,general,,
73958,4860,Chez Ali Marrakech : billet coupe-file spectacle Fantazia,,63.64,74,3 heures à 4 heures,,,,general,,
54490,4860,Marrakech : excursion guidée d'une journée à Essaouira,,65.36,76,8 heures,,,,general,,
55591,4860,Marrakech : visite d'une journée avec déjeuner,,65.36,76,9 heures,,,,general,,
55611,4860,Marrakech : Aventure dans la nature,,67.08,78,8 heures,,,,general,,
54475,4860,Imlil : excursion d'une journée au départ de Marrakech,,71.38,83,8 heures,,,,general,,
73470,4860,Nuitée dans le désert d'agafay avec dîner et spectacle traditionnel,,100,100,48 heures,Français|Anglais,,,general,,
55815,4860,Marrakech : visite botanique privée,,92.02,107,3 heures,Français|Anglais,,,solo,,
73956,4860,Maison de la Photographie Marrakech : visite guidée privée,,105.78,123,2 heures,,,,solo,,
51770,4860,Marrakech : sur les traces des Berbères visite privée en 4x4,,114.38,133,8 heures,,,,solo,,
51771,4860,Essaouira : excursion privée d'une journée,,130.72,152,8 heures,Français,,,solo,,
74227,4860,Visite privée d'une journée à Ouarzazate,,135.88,158,13 heures,,,,solo,,
55610,4860,Visite d'une journée de Marrakech depuis Casablanca,,322.50,375,8 heures,,,,general,,
57876,4860,Excursion de Marrakech à Fès dans le désert 3 jours,,399.04,464,72 heures,Français|Anglais,,,general,,
72955,1138,Grand musée égyptien : Billet coupe-file,,36.98,45,,,,,general,,
72783,1138,Visite d'une demi-journée du Grand Musée égyptien,,53.32,62,4 heures à 5 heures,Français|Anglais,,,general,,
62077,1138,Excursion d'une journée VIP à l'intérieur des pyramides de Gizeh,,113.52,132,3 heures à 5 heures,Français|Anglais,,,general,,
72870,1138,Grand musée égyptien : billet d'entrée avec transferts,,0,0,08:00,,,,general,,
62070,1138,Balade à dos de chameau aux pyramides de Gizeh au lever du soleil,,5.16,6,3 heures,Français|Anglais,,,general,,
62069,1138,"Pyramides de Gizeh, Sphinx et Grand Musée égyptien avec Khan Bazaar",,11.18,13,8 heures,Anglais,,,general,,
62030,1138,Visite guidée privée des pyramides et du Sphinx de Gizeh,,18.06,21,4 heures à 5 heures,Français|Anglais,,,solo,,
62068,1138,"Visites des pyramides, VTT, balade à dos de chameau, dîner et shopping",,21.50,25,12 heures,Anglais,,,general,,
62053,1138,Dîner-croisière privé sur le Nil au Caire,,22.36,26,3 heures à 4 heures,Anglais|Audio,,,couple,,
62021,1138,Visite guidée privée des pyramides de Gizeh et du grand sphinx,,24.08,28,4 heures à 5 heures,Anglais,,,solo,,
62058,1138,"Visite privée d'une journée aux pyramides de Gizeh, au Sphinx, à Memphis et à Saqqarah",,24.94,29,8 heures,Anglais,,,solo,,
73953,1138,"Visite privée des pyramides de Gizeh, Saqqarah et Memphis",,29,29,8 heures,,,,solo,,
62061,1138,Visite guidée privée d'une demi-journée des grandes pyramides de Gizeh et du Sphinx,,25.80,30,4 heures à 5 heures,Anglais,,,solo,,
62056,1138,Visite du grand musée égyptien et des pyramides de Gizeh,,25.80,30,4 heures à 5 heures,Français|Anglais,,,general,,
62051,1138,Visite privée d'une journée à Gizeh,,26.66,31,6 heures à 7 heures,Anglais,,,solo,,
73684,1138,"Demi-journée Pyramides de Gizeh, Sphinx, promenade en chameau, déjeuner et pyramide intérieure",,37.84,44,4 heures à 5 heures,,,,general,,
62059,1138,Croisière en plein air de 2 heures sur le Nil au Caire et à Gizeh,,38.70,45,2 heures,Français|Anglais,,,couple,,
62079,1138,"Visite privée du Caire copte, y compris l'église Saint-Simon à Moqqatam",,41.28,48,6 heures,Anglais,,,solo,,
58213,1138,Excursion historique dans Le Caire islamique,,41.28,48,8 heures,Français|Anglais,,,general,,
53845,1138,Visite privée du musée égyptien du Caire avec déjeuner,,50,50,5 heures,Français|Anglais,,,solo,,
62080,1138,Le lever du soleil ou le coucher du soleil à dos de chameau autour du désert des pyramides de Gizeh,,44.72,52,4 heures,Français|Anglais,,,general,,
62036,1138,Feluca de luxe sur le Nil avec nourriture incluse (voyage romantique),,45.58,53,4 heures,Anglais,,,couple,,
72782,1138,Journée complète Pyramides de Gizeh &Grand Musée égyptien,,47.30,55,6 heures à 8 heures,,,,general,,
62062,1138,Visite de la ville du Caire avec la tour du Caire,,47.30,55,3 heures,Anglais,,,general,,
62076,1138,Croisière en soirée sur le Nil au Caire avec transport privé,,47.30,55,2 heures,Français|Anglais,,,couple,,
62073,1138,"Excursion privée d'une journée au Caire copte, au Caire islamique et au bazar",,48.16,56,4 heures à 5 heures,Anglais,,,solo,,
62065,1138,Le Caire: Le musée égyptien et les pyramides de Gizeh et le Sphinx - Journée complète,,49.02,57,7 heures à 9 heures,Français|Anglais,,,general,,
62075,1138,Billets d'entrée aux pyramides de Gizeh,,49.88,58,4 heures,Anglais|Audio,,,general,,
24676,1138,Pyramides de Gizeh et Sphinx : excursion d'une journée depuis Gizeh,,49.88,58,5 heures,Anglais,,,general,,
73599,1138,Grand musée égyptien : Billet d'entrée,,50.74,59,2 heures à 3 heures,,,,general,,
62063,1138,Croisière de luxe 5 étoiles sur le Pharaon sur le Nil,,53.32,62,3 heures,Anglais,,,couple,,
62027,1138,Excursion privée : excursion d'une journée aux Pyramides et au Sphinx au départ du Caire,,54.18,63,4 heures à 5 heures,Anglais,,,solo,,
62086,1138,Réservez en ligne un voilier sur le Nil avec Fel-Felouque,,57.62,67,3 heures à 4 heures,Anglais|Audio,,,general,,
62072,1138,Tour privé à la tour du Caire felouque et koshary,,57.62,67,4 heures,Français|Anglais,,,solo,,
72941,1138,"Visite de groupe aux pyramides de Gizeh, à la ville de Memphis et à la pyramide de Sakkara",,57.62,67,8 heures,,,,groupe,,
62029,1138,"Excursion aux pyramides de Dahchour, Memphis, Sakkara et felouque",,60.20,70,12 heures,Français|Anglais,,,general,,
72780,1138,Visite privée des pyramides de Gizeh et du Grand Musée égyptien,,61.92,72,4 heures à 8 heures,,,,solo,,
62071,1138,"Pyramides et tombeaux de Memphis, Dahchour et Saqqarah (voiture climatisée + chauffeur + guide + déjeuner",,63.64,74,6 heures à 8 heures,Anglais|Écrit,,,general,,
62064,1138,"Excursion d'une journée à Dahshour, Memphis, Saqqara",,66.22,77,6 heures,Anglais,,,general,,
53885,1138,"Visite de de Gizeh, Sphinx, Memphis et promenade en chameau",,70.52,82,8 heures à 9 heures,Français|Anglais,,,general,,
72781,1138,Visite privée des pyramides de Gizeh et du Grand Musée égyptien,,71.38,83,2 heures à 6 heures,,,,solo,,
62074,1138,Visite privée des pyramides de Gizeh Sakkara Memphis Dahshur,,72.24,84,10 heures à 12 heures,Français|Anglais,,,solo,,
72962,1138,"Pyramides de Gizeh, Sphinx, Sakkara et Memphis : Visite guidée du Caire avec déjeuner",,72.24,88,07:30,,,,general,,
62043,1138,Visite d'une journée : le Caire copte et islamique.,,76.54,89,4 heures à 6 heures,Français|Anglais,,,general,,
62060,1138,Visite d'escale personnalisable depuis l'aéroport du Caire,,80.84,94,7 heures,Français|Anglais,,,general,,
62078,1138,"Tout compris : excursion d'une journée aux pyramides de Gizeh, à Saqqarah et à Dahshur",,80.84,94,6 heures à 8 heures,Anglais,,,general,,
62084,1138,Balade à cheval ou à dos de chameau avec spectacle équestre dansant,,100,100,5 heures,Anglais,,,general,,
62057,1138,Séance photo unique de 2 heures (PhotoShoot) aux pyramides de Gizeh,,90.30,105,2 heures,Anglais|Audio|Écrit,,,general,,
72779,1138,Visite du Grand Musée égyptien et de 12 galeries principales,,95.46,111,3 heures à 4 heures,,,,general,,
62050,1138,"Visite des palais: excursion d'une journée au palais Baron, au palais Abdeen et au palais Manial.",,104.06,121,6 heures à 7 heures,Français|Anglais,,,general,,
62052,1138,Visite guidée privée de l'église rupestre et des anciennes églises copte du vieux Caire,,105.78,123,4 heures à 5 heures,Français|Anglais,,,solo,,
62055,1138,"Pyramides de Gizeh, Sphinx, Memphis, Saqqarah, avec guide privé",,113.52,132,7 heures à 8 heures,Anglais,,,solo,,
73146,1138,Visite aux pyramides de Gizeh,,113.52,132,6 heures à 7 heures,,,,general,,
62023,1138,Visite du grand musée égyptien,,126.42,147,3 heures,Français|Anglais,,,general,,
62040,1138,Excursion d'une journée à Alexandrie depuis le Caire,,128.14,149,10 heures,Anglais,,,general,,
53882,1138,Caire : Circuit de 3 jours,,134.16,156,72 heures,Anglais,,,general,,
53872,1138,Caire et à Alexandrie : circuit de 3 jours au départ du Caire,,142.76,166,72 heures,Français|Anglais,,,general,,
62039,1138,Visite unique au GEM et à l'intérieur de la grande pyramide de Gizeh,,202.10,235,6 heures à 7 heures,Français|Anglais,,,general,,
71477,1138,Visite VIP: Pyramides de Gizeh & Sphinx & Grandes Pyramides Entrée,,202.10,235,4 heures à 6 heures,Français|Anglais,,,general,,
62082,1138,Excursion d'une journée à El Amarna et El Minya au départ du Caire,,208.98,243,9 heures,Français|Anglais,,,general,,
62025,1138,Incroyable excursion d'une journée à Louxor depuis le Caire en avion,,494.50,575,11 heures à 13 heures,Français|Anglais|Audio|Écrit,,,general,,
71790,651,Lacs andines traversant PTV à BRC,,0,0,12 heures,,,,general,,
51574,651,Orongo & Rano Kau Half Day Tour,,52.46,61,3 heures 30 minutes,,,,general,,
51566,651,Ahu Akivi Mini Island : visite d'une demi-journée,,52.46,61,3 heures 30 minutes,,,,general,,
69655,651,Lever du soleil à Tongariki sur l'île de Pâques Rapa Nui,,109.22,127,3 heures 30 minutes,Anglais,,,general,,
69506,651,Excursion d'une journée complète - RÊVE,,110.94,129,8 heures à 9 heures,Anglais,,,general,,
51572,651,Full Day Anakena Island Tour,,115.24,134,8 heures,,,,general,,
49192,651,Ile de Pâques : excursion privée d’une journée,,218.44,254,7 heures,Anglais,,,solo,,
69505,651,Deux jours de visite d'une journée complète à Rapa Nui + lever du soleil à Tongariki,,231.34,269,72 heures,Anglais,,,general,,
69511,651,Rano Kau et Orongo : visite privée d'une demi-journée,,231.34,269,3 heures,Anglais,,,solo,,
69652,651,T2-Les IMMANQUABLES de l'Île de Pâques,,233.92,272,8 heures,Français|Anglais,,,general,,
51571,651,"Île de Pâques : excursion à Ahu Akivi, Orongo et la plage d’Anakena",,238.22,277,14 heures,,,,general,,
69507,651,Visite privée : points forts de l'île de Pâques d'une journée,,243.38,283,6 heures,Français|Anglais,,,solo,,
69508,651,Visite privée: sites archéologiques d'une journée sur l'île de Pâques,,249.40,290,7 heures,Français|Anglais,,,solo,,
49193,651,Ile de Pâques : visite d’une journée du sud et de l’est de l’ile,,267.46,311,6 heures 30 minutes,Anglais,,,general,,
69509,651,Mystères et Légendes : Compléter le Voyage de Rapa Nui en 3 Tours,,274.34,319,72 heures,Anglais,,,general,,
69513,651,Rapanui Origins: Visite privée d'une journée,,276.92,322,7 heures 30 minutes,Anglais,,,solo,,
69510,651,T1-Découvrez L'ÎLE DE PÂQUES et ses réalisations architecturales,,313.04,364,9 heures à 10 heures,Français|Anglais,,,general,,
69512,651,Moai Rise and Fall: visite privée d'une journée complète,,323.36,376,5 heures à 8 heures,Anglais,,,solo,,
51082,9693,Istanbul : croisière sur le Bosphore avec un billet de téléphérique,,39.56,46,3 heures 30 minutes,Anglais,,,couple,,
53513,9693,Istanbul : dîner-croisière avec spectacle et table privée,,32.68,38,2 heures 30 minutes,,,,couple,,
51070,9693,"Istanbul : tour guidé classique de la ville, visite matinale",,80.84,94,3 heures,Anglais,,,general,,
13249,9693,Istanbul et palais Dolmabahce : visite avec croisière sur le Bosphore,,130.72,152,8 heures,Français|Anglais,,,couple,,
51076,9693,Istanbul : visite d'une journée des reliques byzantines et ottomanes,,164.26,191,8 heures,Anglais,,,general,,
54113,9693,Excursion privée d'une demi-journée de l'empire byzantin,,84.28,98,4 heures à 6 heures,Français|Anglais,,,solo,,
70317,9693,Sainte-Sophie : billet d'entrée à la mosquée,,0,0,,Audio|Français|Anglais,,,general,,
71286,9693,La citerne de la basilique à Istanbul : billet coupe-file,,0,0,,,,,general,,
14774,9693,Istanbul : excursion à la Corne d'Or et au parc Miniatürk,,40.42,47,3 heures,Français|Anglais,,,general,,
72684,9693,Palais de Topkapi et Musée du Harem : Billet coupe coupe-file + audioguide,,67.94,83,,,,,general,,
51092,9693,Visite du Palais de Dolmabahçe avec Croisière sur le Bosphore,,116.96,136,8 heures,Français|Anglais,,,couple,,
53285,9693,Une journée dans les îles des Princes,,45.58,53,8 heures,Français|Anglais,,,general,,
51094,9693,Îles des princes : excursion d'une journée au départ d'Istanbul,,64.50,75,8 heures,Français|Anglais,,,general,,
53517,9693,Visite des reliques ottomanes et byzantines avec déjeuner,,0,0,9 heures,Anglais,,,general,,
54110,9693,Visite privée d'une journée de la vieille ville d'Istanbul,,0,0,4 heures à 7 heures,Anglais,,,solo,,
51081,9693,Istanbul : visite de la ville avec croisière sur le Bosphore,,40.42,47,3 heures,Français|Anglais,,,couple,,
17290,9693,Istanbul : excursion sur le Bosphore et visite de la Corne d'Or,,40.42,47,3 heures 30 minutes,Français|Anglais,,,general,,
56091,9693,"Istanbul: bain turc privé, massage, sauna et piscine",,45.58,53,2 heures 30 minutes,Anglais,,,solo,,
14487,9693,Istanbul : excursion au Palais de Dolmabahçe,,75.68,88,3 heures,Anglais,,,general,,
19248,9693,Istanbul : croisière sur le Bosphore et le bazar égyptien,,79.12,92,3 heures,Anglais,,,couple,,
70275,9693,"Le meilleur d'Istanbul : Visite guidée privée d’une journée, de 2 jours ou de 3 jours",,88.58,103,7 heures à 21 heures,Français|Anglais,,,solo,,
25874,9693,Istanbul : visite privée,,89.44,104,8 heures,Anglais,,,solo,,
51087,9693,Palais de Dolmabahce et deux continents : excursion guidée,,91.16,106,3 heures,Français|Anglais,,,general,,
21976,9693,Pass touristique d'Istanbul : attractions et transfert aéroport,,114.38,133,24 heures à 168 heures,Anglais,,,general,,
56088,9693,Soirée gastronomie et culture - Dîner au dessert asiatique en Europe,,115.24,134,3 heures,Anglais,,,general,,
14097,9693,Istanbul : visite de la ville,,150.50,175,8 heures,Anglais,,,general,,
54112,9693,Visite privée de l'île des Princes au départ d'Istanbul,,396.46,461,7 heures,Français|Anglais,,,solo,,
71741,9693,Visite privée personnalisée d'Istanbul Guide et véhicule autorisés,,523.74,609,8 heures à 9 heures,Français|Anglais,,,solo,,
53574,9693,Istanbul : visite du palais de Dolmabahçe,,0,0,4 heures,Anglais,,,general,,
53573,9693,Visite classique d'une demi-journée à Istanbul,,0,0,4 heures 1 minutes,,,,general,,
53516,9693,Croisière sur le Bosphore avec visite du palais Dolmabahce,,0,0,8 heures,Anglais,,,couple,,
73413,9693,Istanbul : Croisière touristique sur le Bosphore avec audioguide,,9.46,12,02:00,Français|Anglais,,,couple,,
53580,9693,Visite d'une journée au lac Sapanca et Masukiye depuis Istanbul,,21.50,25,12 heures,Anglais,,,general,,
53524,9693,Istanbul : Tour des îles des princes,,23.22,27,9 heures,Anglais,,,general,,
72119,9693,Visite à pied des mosquées d'Istanbul : Sainte-Sophie et la Mosquée bleue,,25.80,30,4 heures,,,,general,,
24466,9693,Hodjapasha Istanbul : derviches tourneurs,,28.38,33,1 heure,Écrit|Français|Anglais,,,general,,
53577,9693,"Istanbul : croisière sur le Bosphore, visite en bus et téléphérique",,30.96,36,4 heures,Anglais,,,couple,,
70564,9693,Visite guidée l'après midi : Istanbul Classics Eco,,36.12,42,3 heures,,,,general,,
70566,9693,Visite guidée le matin : Istanbul Classics Eco,,36.12,42,4 heures,,,,general,,
70730,9693,"Istanbul : expérience de bain turc, spa et massage à Taksim.",,36.12,42,,,,,general,,
73642,9693,Visite privée des sites ottomans et byzantins d'Istanbul,,43.86,51,6 heures à 8 heures,,,,solo,,
72685,9693,Tour de Galata : Billet d'entrée + Audioguide,,52,52,,,,,general,,
70581,9693,Istanbul : Visite guidée d'Ottoman Relics,,44.72,52,3 heures,,,,general,,
72686,9693,Palais de Dolmabahçe : Billet coupe-file + Audioguide,,50.74,62,02:00,,,,general,,
70729,9693,Istanbul : Hammam Cemberlitas dans la vieille ville,,55.90,65,,,,,general,,
53575,9693,Visite de la veille ville d'Istanbul,,57.62,67,4 heures,Anglais,,,general,,
56092,9693,Bain turc traditionnel à Istanbul,,59.34,69,1 heure,Anglais,,,general,,
22635,9693,Istanbul : tour du patrimoine byzantin et ottoman,,61.92,72,8 heures,Anglais,,,general,,
70588,9693,Visite shopping d'Istanbul,,67.08,78,4 heures,,,,general,,
51099,9693,Corne d'Or d'Istanbul : visite guidée,,68.80,80,3 heures,Anglais,,,general,,
71497,9693,Istanbul : dîner croisière sur le Bosphore avec animation,,72.24,84,"2,5h",,,,couple,,
22159,9693,Grand Bazar et Bazar égyptien : tour shopping,,75.68,88,4 heures,Anglais,,,general,,
70567,9693,Istanbul Combo,,80.84,94,7 heures,Anglais,,,general,,
70577,9693,Visite de la Bursa verte,,82.56,96,13 heures,,,,general,,
53514,9693,Excursion d'une journée à Bursa avec téléphérique et déjeuner,,87.72,102,15 heures,Anglais,,,general,,
73785,9693,Excursion sur la côte d'Istanbul : visite privée à succès d'Istanbul,,87.72,102,7 heures 15 minutes,,,,solo,,
53578,9693,Visite combinée d'Istanbul : la vieille ville avec croisière,,95.46,111,9 heures,Anglais,,,couple,,
63153,9693,Excursion à la ville antique d'Éphèse et musée archéologique de Selcuk,,95.46,111,7 heures à 15 heures,Anglais,,,general,,
18290,9693,Istanbul : croisière dans le détroit du Bosphore et la mer Noire,,99.76,116,5 heures,Anglais,,,couple,,
53276,9693,Istanbul Daily Sapphire Combo,,102.34,119,8 heures,Français,,,general,,
53274,9693,Istanbul Gold Combo : visite de la ville avec croisière,,102.34,119,8 heures,Français,,,couple,,
16787,9693,Istanbul : spectacle de derviches tourneurs,,104.92,122,1 heure,,,,general,,
73944,9693,Topkapi Palace et musée Harem Billet avec audioguide,,104.92,122,3 heures à 4 heures,,,,general,,
70589,9693,Billet coupe-file Hagia Sophia et Grand Bazar,,107.50,125,4 heures,,,,general,,
63146,9693,"Visite privée d'Ephèse depuis / vers Kusadasi, Istanbul et Bodrum",,118.68,138,7 heures à 16 heures,Anglais,,,solo,,
73943,9693,Visite du palais de Topkapi et du Harem (petit groupe et entrée rapide),,125.56,146,3 heures,,,,groupe,,
53515,9693,Visite des palais d'Istanbul : palais Dolmabahce Topkapi,,126.42,147,9 heures,Anglais,,,general,,
53277,9693,Istanbul Daily Silver Combo,,136.74,159,8 heures,Anglais,,,general,,
53275,9693,Istanbul Daily Platium Combo,,136.74,159,8 heures,Français,,,general,,
72320,9693,Merveilles byzantines et ottomanes d'une demi-journée,,140.18,163,1 heure à 4 heures,,,,general,,
63807,9693,Visite des piscines thermales de Pamukkale ville antique de Hiérapolis,,149.64,174,7 heures à 16 heures,Anglais,,,general,,
74492,9693,Istanbul : visite privée à pied avec un guide,,150.50,175,2 heures,,,,solo,,
22183,9693,Topkapi : entrée coupe-file avec Süleymaniye et atelier de céramique,,150.50,175,4 heures,Anglais,,,general,,
53287,9693,Croisière au coucher du soleil sur le Bosphore,,164.26,191,1 heure 30 minutes,,,,couple,,
72536,9693,"Visite guidée privée les incontournables d’Istanbul (1, 2 ou 3 jours)",,173.72,202,72 heures,,,,solo,,
70561,9693,Billet coupe-file pour le palais de Topkapi et la mosquée Süleymaniye,,178.88,208,4 heures,Anglais,,,general,,
25701,9693,Istanbul : balade Orient Express,,180.60,210,3 heures 20 minutes à 4 heures 10 minutes,Anglais,,,general,,
53278,9693,Treasures of Istanbul,,182.32,212,8 heures,Anglais,,,general,,
74491,9693,Visite d'Istanbul avec guide privé,,190.92,222,6 heures,Français|Anglais,,,solo,,
73786,9693,Istanbul Shore Excursion,,199.52,232,6 heures,,,,general,,
17262,9693,Gallipoli : excursion d'une journée au départ d'Istanbul,,199.52,232,14 heures,Anglais,,,general,,
18514,9693,Beyoglu : excursion culinaire à pied la nuit,,200.38,233,3 heures 30 minutes,Anglais,,,general,,
19969,9693,Kadikoy : promenade culinaire avec petit-déjeuner,,200.38,233,5 heures 30 minutes,Anglais,,,general,,
16307,9693,Istanbul : excursion sur le café turc avec cours de préparation,,200.38,233,3 heures à 4 heures,Anglais,,,general,,
16271,9693,Bosphore : croisière romantique au coucher du soleil,,200.38,233,1 heure,Écrit|Anglais,,,couple,,
72321,9693,Visite privée de l'histoire de l'empire byzantin à Istanbul,,212.42,247,2 heures à 4 heures,,,,solo,,
19661,9693,Grand Bazar d'Istanbul : sortie shopping en petit groupe,,221.02,257,3 heures à 4 heures,Anglais,,,groupe,,
16492,9693,"Salt Galata, rue Istiklal et musée d'art moderne : visite guidée",,226.18,263,3 heures 20 minutes à 4 heures 10 minutes,Anglais,,,general,,
70563,9693,Excursion quotidienne à Gallipoli et Anzac au départ d'Istanbul,,227.90,265,16 heures,,,,general,,
70578,9693,Visite d'une demie journée du patrimoine juif d'Istanbul,,233.06,271,3 heures - demi-journée,,,,general,,
73788,9693,Visite privée de la vieille ville d'Istanbul avec guide professionnel et transfert,,235.64,274,1 heure à 8 heures,,,,solo,,
13664,9693,Istanbul : visite gastronomique,,239.08,278,4 heures,Anglais,,,general,,
72965,9693,Réveillon sur le Bosphore : dîner-croisière à Istanbul,,240.80,280,4 heures à 5 heures,,,,couple,,
54114,9693,Visite privée d'une journée des sites de l'empire byzantin à Istanbul,,250.26,291,8 heures,Français|Anglais,,,solo,,
54115,9693,Croisière privée et personnalisable :dîner ou déjeuner sur le Bosphore,,250.26,291,2 heures à 3 heures,,,,couple,,
72963,9693,Nouvel An sur le Bosphore à Istanbul,,292,292,5 heures,,,,general,,
18658,9693,Istanbul : croisière sur le Bosphore et la Corne d'Or,,251.12,292,4 heures,Anglais,,,couple,,
19738,9693,Aquarium d'Istanbul et Aqua Florya : visite et sortie shopping,,251.12,292,4 heures 30 minutes,Anglais,,,general,,
73787,9693,Visite privée d'une demi-journée à Istanbul,,254.56,296,4 heures,,,,solo,,
72966,9693,Réveillon au Bosphore : croisière avec dîner à Istanbul,,260.58,303,4 heures à 5 heures,,,,couple,,
72968,9693,Nouvel An 2026 : dîner et croisière sur le Bosphore,,260.58,303,4 heures à 5 heures,,,,couple,,
72316,9693,Istanbul : visite culinaire à Pera,,268.32,312,3h,Anglais,,,general,,
72319,9693,Istanbul : visite gastronomique à Kadiköy,,268.32,312,4h,Anglais,,,general,,
70568,9693,Visite d'une journée du patrimoine juif d'Istanbul,,277.78,323,6 heures,,,,general,,
52416,9693,Montgolfière en Cappadoce,,313.04,364,1 heure,Anglais,,,general,,
72539,9693,Excursion de 2 jours à Istanbul avec guide privé,,336.26,391,48 heures,,,,solo,,
24523,9693,Gallipoli-Troie : excursion depuis Istanbul pour 2 jours et 1 nuit,,339.70,395,48 heures,Anglais,,,general,,
72967,9693,Croisière spéciale Saint-Sylvestre avec dîner et spectacle à Istanbul,,341.42,397,4 heures,,,,couple,,
72537,9693,"Découverte privée d’Istanbul : les sites emblématiques en 1, 2 ou 3 jours",,348.30,405,72 heures,,,,solo,,
72538,9693,Excursion à terre à Istanbul visite guidée privée de 1 ou 2 jours avec véhicule privatif,,350.88,408,48 heures,,,,solo,,
25652,9693,Istanbul du côté asiatique : visite avec déjeuner à Uskudar et Kadikoy,,350.88,408,8 heures,Anglais,,,general,,
14622,9693,"Mosquée bleue, palais de Topkapi et Grand Bazar : visite à pied",,375.82,437,7 heures 30 minutes à 8 heures 20 minutes,Anglais,,,general,,
72540,9693,Visite privée de 2 jours en Cappadoce au départ d'Istanbul avec vol inclus,,393.02,457,48 heures,,,,solo,,
32595,9693,Éphèse : excursion d'une journée au départ d'Istanbul par avion,,519.44,604,6 heures,Français|Anglais,,,general,,
23836,9693,Éphèse et maison de la Vierge Marie : excursion privée depuis Istanbul,,524.60,610,12 heures,Anglais,,,solo,,
72307,9693,Escapade magique en Cappadoce : voyage de 2 jours avec vol en montgolfière optionnel,,524.60,610,48 heures,,,,general,,
72311,9693,Merveilles de Cappadoce : 2 jours de découverte avec option vol en montgolfière,,524.60,610,48 heures,,,,general,,
70580,9693,Fête du Nouvel An sur le Bosphore,,536.64,624,5 heures,Audio|Anglais,,,general,,
17959,9693,Istanbul : croisière sur le Bosphore et visite du palais Dolmabahçe,,551.26,641,8 heures,Anglais,,,couple,,
72306,9693,Cappadoce en rêve : excursion de 2 jours au départ d'Istanbul avec vol en montgolfière,,600.28,698,48 heures,,,,general,,
70562,9693,Visite d'une journée de l'ancienne Pergame en bus au départ d'Istanbul,,638.12,742,,,,,general,,
25663,9693,Istanbul impériale : visite en petit groupe avec déjeuner,,651.88,758,6 heures 40 minutes à 7 heures 30 minutes,Anglais,,,groupe,,
72308,9693,Splendeur de la Cappadoce : forfait de 3 jours avec vol en montgolfière optionnel,,680.26,791,72 heures,,,,general,,
53837,9693,Circuit privé de 2 jours en Cappadoce depuis Istanbul,,791.20,920,48 heures,Français|Anglais,,,solo,,
72310,9693,Séjour en Cappadoce : 2 jours 1 nuit avec vol en montgolfière et avion inclus,,801.52,932,48 heures,,,,general,,
23521,9693,"Istanbul, Ephèse et Pamukkale : circuit de cinq jours",,890.10,1035,120 heures,Anglais,,,general,,
21268,9693,Cappadoce : excursion de 4 nuits au départ d'Istanbul,,1157.56,1346,120 heures,Anglais,,,general,,
32956,9693,Turquie occidentale : circuit privé de 5 jours au départ d'Istanbul,,1326.98,1543,120 heures,Anglais,,,solo,,
33291,9693,Turquie : tour privé de 5 jours au départ d'Istanbul,,1354.50,1575,120 heures,Français|Anglais,,,solo,,
70579,9693,"Visite du Nemrut, Trône des Dieux & Haute Mésopotamie",,1823.20,2120,2 jours,,,,general,,
34538,9693,Turquie : circuit privé de 10 jours,,3974.06,4621,240 heures,Anglais,,,solo,,
54247,1138,"Mosquée d'Albâtre, Sultan Hassan, Khan el-Khalili : visite privée",,64.50,75,3 heures,,,,solo,,
54244,1138,"Caire copte, Eglise suspendue, Abu Serga, Ben Ezra : visite privée",,93.74,109,3 heures,,,,solo,,
54250,1138,Memphis et Saqqarah : visite privée,,92.02,107,3 heures,,,,solo,,
54252,1138,"Pyramides, Sphinx, Musée égyptien et Khan el-Khalili : visite privée",,116.96,136,6 heures,,,,solo,,
54237,1138,Musée égyptien du Caire : visite guidée privée,,56.76,66,3 heures,,,,solo,,
54871,1138,"Pyramides de Gizeh, Sphinx, Memphis et Dahchour : excursion privée",,134.16,156,6 heures,,,,solo,,
31410,1138,"Pyramides de Gizeh, Memphis et Saqqarah : visite privée",,65.36,76,8 heures,Français|Anglais,,,solo,,
30580,1138,Pyramides de Gizeh et du Sphinx : tour d'une journée avec déjeuner,,41.28,48,3 heures à 4 heures,Anglais|Audio,,,general,,
53943,1138,"Excursion au musée égyptien, vieux Caire et bazar Khan El Khalili",,99.76,116,5 heures,Français|Anglais,,,general,,
54035,1138,Promenade en felouque sur le Nil au Caire,,8.60,10,2 heures,Anglais|Audio,,,general,,
58214,1138,Excursion d'une heure en felouque sur le Nil,,21.50,25,2 heures,Anglais|Audio,,,general,,
72833,1138,Grand musée du Caire : Visite guidée privée,,100.62,117,3 heures,,,,solo,,
73522,1138,Visite guidée privée des Pyramides de Gizeh et visite du grand musée égyptien,,129.86,151,6 heures,Français|Anglais,,,solo,,
58216,1138,Du Caire : excursion d'une journée à Alexandrie,,139.32,162,10 heures à 11 heures,Français|Anglais,,,general,,
73696,1138,"Visite privée d'une journée des pyramides de Gizeh, des pyramides de Memphis et de Sakkara",,31.82,37,7 heures à 9 heures,Français|Anglais,,,solo,,
53852,1138,"Visite guidée privée de Sakkara, Memphis et Dahchour avec déjeuner",,87.72,102,6 heures,Français|Anglais,,,solo,,
74360,1138,"Visite d'une journée des pyramides de Gizeh, du grand musée égyptien et du bazar",,8.60,10,6 heures à 8 heures,Français|Anglais,,,general,,
30581,1138,"Musée égyptien, Vieux Caire et souk Khan : excursion d'une journée",,12.90,15,8 heures,Anglais|Audio,,,general,,
47277,1138,Saqqarah : excursion privée d’une journée et aventure en quad,,29.24,34,6 heures,Français|Anglais,,,solo,,
53886,1138,"Excursion dans la vieille citadelle, le Caire copte et islamique, la mosquée d'Albâtre",,37.84,44,6 heures à 8 heures,Français|Anglais,,,general,,
47275,1138,Pyramides de Gizeh : excursion de 2 heures en quad,,41.28,48,2 heures,Anglais,,,general,,
69636,1138,Croisière sur le Nil Pharaon sur le Nil,,41.28,48,3 heures,Anglais|Audio,,,couple,,
69635,1138,"Excursion d'une journée complète aux pyramides de Gizeh, Memphis, Sakkara et Dahshur avec guide privé",,57.62,67,8 heures,Anglais|Audio,,,solo,,
72760,1138,"Visite des monuments de Saqqara, y compris la pyramide à degrés et les tombes",,57.62,67,5 heures à 10 heures,Français|Anglais,,,general,,
27026,1138,Pyramides de Gizeh : excursion privée d'une journée avec déjeuner,,70.52,82,8 heures à 10 heures,Anglais|Audio,,,solo,,
58248,1138,Visite du village pharaonique,,76.54,89,4 heures,Français|Anglais,,,general,,
47276,1138,Pyramides de Gizeh : excursion privée et aventure en quad,,79.12,92,6 heures,Français|Anglais,,,solo,,
55221,1138,"Le Caire : visite privée des Pyramides, Sphinx, Memphis et Saqqarah",,166.84,194,6 heures,,,,solo,,
54738,1138,Balade à dos de chameau et quad autour des pyramides de Gizeh,,0,0,4 heures,Anglais,,,general,,
72960,1138,Pyramides de Gizeh et Grand Sphinx : visite guidée privée,,0,0,04:00,,,,solo,,
73982,1138,"Excursion privée d'une journée à Saqqara Pyramids, Memphis, Dahshur Pyramids",,2.58,3,6 heures à 7 heures,,,,solo,,
73978,1138,"Pyramides privées de luxe de Gizeh, sphinx, chameau, à l'intérieur pyramides et frais",,4.30,5,4 heures,,,,solo,,
54737,1138,"Pyramides de Gizeh, balade à dos de chameau, excursion privée en quad",,7.74,9,4 heures,Anglais,,,solo,,
73976,1138,"Visite privée VIP des pyramides de Gizeh Sphinx, chameau, à l'intérieur de la pyramide",,8.60,10,6 heures,,,,solo,,
73132,1138,"Pyramides de Gizeh, Sphinx, déjeuner, chameau, pyramide d'intérieur",,8.60,10,4 heures à 5 heures,,,,general,,
58249,1138,Visite privée de la ville du Caire avec visite gastronomique,,10.32,12,4 heures,Anglais,,,solo,,
58242,1138,Meilleures visites du Caire Visite du musée égyptien,,12.90,15,4 heures,Anglais|Audio,,,general,,
27052,1138,Pyramides de Gizeh et Caire : excursion d'une journée,,12.90,15,8 heures à 10 heures,Anglais|Audio,,,general,,
28057,1138,"Pyramides de Dahchour, Saqqarah et Memphis : tour depuis le Caire",,12.90,15,5 heures,Anglais|Audio,,,general,,
26224,1138,"Musée égyptien, mosquée Mohamed Ali et souk : tour d'une journée",,12.90,15,8 heures à 10 heures,Anglais|Audio,,,general,,
69637,1138,Visite copte du Caire: église rupestre de Saint-Simon et églises du vieux Caire,,12.90,15,4 heures,Anglais,,,general,,
62163,1138,Visite privée de la citadelle du musée égyptien et du Caire copte,,12.90,15,8 heures,Anglais,,,solo,,
69640,1138,Excursion d'une journée au Caire islamique et chrétien,,12.90,15,6 heures,Anglais|Audio,,,general,,
73977,1138,Excursion d'une journée aux pyramides de Gizeh dans la ville de Memphis et la pyramide de Sakkara,,12.90,15,8 heures,,,,general,,
53942,1138,"Visite du musée égyptien, vieux Caire et bazar de Khan El Khalili",,12.90,15,8 heures,Anglais|Audio,,,general,,
73680,1138,Excursions privée d'une demi-journée au Caire vers les Pyramides de Gizeh et le Sphinx,,12.90,15,4 heures,,,,solo,,
73644,1138,Visite privée des pyramides et du sphinx de Gizeh,,12.90,15,3 heures à 4 heures,,,,solo,,
30522,1138,Le Caire : visite du quartier islamique et chrétien de la ville,,12.90,15,6 heures,Anglais|Audio,,,general,,
53879,1138,"Visite privée : Gizeh, Sphinx, musée égyptien avec déjeuner",,13.76,16,8 heures,Anglais,,,solo,,
72694,1138,Musée égyptien du Caire : Billet coupe-file,,14.62,18,03:00,,,,general,,
73676,1138,"Visite guidée du Caire d'une demi-journée des pyramides de Gizeh, Sphinx",,15.48,18,4 heures,,,,general,,
73972,1138,Visite nocturne Le Caire rue Al Muizz et Khan el-Khalili,,16.34,19,4 heures,,,,general,,
73973,1138,"Pyramides privées de Gizeh, Sphinx, Memphis et Sakkara",,17.20,20,9 heures,,,,solo,,
58246,1138,Visite shopping au Caire et visite d'une usine de parfums,,17.20,20,2 heures à 3 heures,Français|Anglais,,,general,,
30553,1138,Caire et pyramides de Gizeh : visite privée et journée d'escale,,17.20,20,8 heures à 10 heures,Anglais|Audio,,,solo,,
27038,1138,Pyramides de Gizeh et Sphinx : tour privé à dos de chameau,,17.20,20,4 heures à 5 heures,Anglais|Audio,,,solo,,
58220,1138,Hurghada : aventure en parachute ascensionnel,,18.92,22,15 minutes,Anglais,,,general,,
73975,1138,"Pyramides de Gizeh, Sakkara et Memphis",,19.78,23,8 heures,,,,general,,
73697,1138,"Chevauchée privée VIP de chameau de sphinx de pyramides de Gizeh à l'intérieur de pyramide, déjeuner",,20.64,24,4 heures à 6 heures,,,,solo,,
73974,1138,"Visite privée des pyramides de Gizeh, Saqqara et Memphis avec balade à dos de chameau",,22.36,26,8 heures à 10 heures,,,,solo,,
53862,1138,"Memphis, Saqqarah et Gizeh : excursion privée d'une journée",,24.94,29,24 heures,Français|Anglais,,,solo,,
56996,1138,Petit déjeuner authentique avec les habitants et visite des pyramides,,29.24,34,5 heures,Anglais,,,general,,
53937,1138,Visites du Caire dans les souks locaux et les vieux marchés,,29.24,34,3 heures à 6 heures,Anglais,,,general,,
53875,1138,Excursion au Caire au départ de l'aéroport du Caire,,29.24,34,6 heures à 7 heures,Anglais,,,general,,
58241,1138,Visite privée de l'opéra et visite des anciens arts célèbres,,32.68,38,4 heures à 6 heures,Anglais,,,solo,,
58221,1138,Aventure de randonnée au cœur du Caire,,33.54,39,6 heures,Anglais,,,general,,
30985,1138,Nécropole du Caire et mosquée Ibn Touloun : excursion privée,,33.54,39,4 heures,Anglais,,,solo,,
58212,1138,Excursion d'une journée au Caire islamique,,33.54,39,4 heures,Anglais|Audio,,,general,,
58247,1138,Visite shopping au Khan El Khalili et du bazar,,34.40,40,4 heures,Français|Anglais,,,general,,
73951,1138,"Pyramides de Gizeh, Sphinx, Saqqara et Memphis Journée complète au Caire",,36.12,42,8 heures,,,,general,,
73971,1138,Visite Le Caire demi-journée rue El Moez parc Al Azhar et Khan el-Khalili,,36.98,43,5 heures à 6 heures,,,,general,,
73135,1138,Excursion privée d'une journée au Caire : Islam et Copte,,36.98,43,24 heures,,,,solo,,
53888,1138,Visite privée d'une demi-journée au Caire islamique,,37.84,44,5 heures,Anglais|Audio,,,solo,,
53855,1138,"Pyramides, musée égyptien et l'église suspendue : visite guidée",,37.84,44,9 heures,Français|Anglais,,,general,,
24700,1138,Musée copte du Caire et souk Khan el Khalili : excursion d'une journée,,39.56,46,7 heures,Anglais,,,general,,
71499,1138,"Le Caire ,Escale, Prise en charge depuis l'aéroport du Caire pour visiter les pyramides et le sphinx de Gizeh",,39.56,46,4 heures à 6 heures,Français|Anglais,,,general,,
54078,1138,Visite privée guidée d'une demi-journée du musée égyptien,,41.28,48,5 heures,Français|Anglais,,,solo,,
53869,1138,Promenade à dos de chameau dans les pyramides du Caire,,42.14,49,5 heures,Français|Anglais,,,general,,
30876,1138,Dahchour : visite guidée privée d’une demi-journée au départ du Caire,,45.58,53,4 heures,Anglais,,,solo,,
53861,1138,"Excursion d'une journée dans les pyramides, Memphis et Sakkara",,45.58,53,8 heures,Français|Anglais,,,general,,
53870,1138,"Musée égyptien, mosquée en albâtre et Caire copte : Visite guidée",,45.58,53,8 heures,Français|Anglais,,,general,,
69626,1138,Expérience privée pour une visite gastronomique en classe à la manière égyptienne originale,,45.58,53,4 heures,Anglais|Audio,,,solo,,
73134,1138,Visite privée du Caire islamique et copte,,49.02,57,7 heures à 8 heures,,,,solo,,
30611,1138,Mosquées historiques du Caire : tour d'une journée avec déjeuner,,49.88,58,6 heures,Anglais|Audio,,,general,,
30587,1138,Caire : balade de 4 heures et visite de la ville en calèche,,49.88,58,3 heures à 5 heures,Anglais|Audio,,,general,,
30506,1138,Le Caire : visite d'une ferme écologique avec petit-déjeuner,,49.88,58,2 heures à 3 heures,Anglais|Audio,,,general,,
58244,1138,Visite de la campagne égyptienne avec une famille égyptienne,,50.74,59,6 heures,Anglais,,,famille,,
53935,1138,Balade à dos de chameau aux pyramides,,51.60,60,5 heures,Français|Anglais,,,general,,
26388,1138,"Pyramides de Gizeh, musée égyptien et Sphinx : tour d'une journée",,52.46,61,7 heures,Anglais,,,general,,
73970,1138,Visite Le Caire médiéval mosquée Ibn Touloun et Khan el-Khalili,,52.46,61,4 heures,,,,general,,
58243,1138,Visite de Tuk Tuk,,52.46,61,4 heures,Français|Anglais,,,general,,
72562,1138,"Excursion privée aux pyramides de Gizeh, à la ville de Memphis, à Dahchour et aux pyramides de Saqqarah",,53.32,62,9 heures,,,,solo,,
58245,1138,Visite d'une journée complète à Alexandrie,,55.90,65,10 heures à 11 heures,Anglais,,,general,,
72939,1138,"Excursion d'une journée aux pyramides de Gizeh, au musée égyptien et au bazar du Caire",,56.76,66,8 heures,,,,general,,
53844,1138,"Le Caire : visite des pyramides de Gizeh, Saqqarah et Memphis",,60.20,70,7 heures à 8 heures,Anglais,,,general,,
53864,1138,Excursion privée aux pyramides de Gizeh et au musée Égyptien,,60.20,70,8 heures,Anglais,,,solo,,
29884,1138,Monastères de Wadi El-Natrun : tour privé au départ du Caire,,62.78,73,8 heures,Anglais,,,solo,,
53878,1138,"Visite privée des pyramides de Gizeh, Sphinx, Saqqarah et Memphis",,64.50,75,6 heures à 8 heures,Français|Anglais,,,solo,,
53880,1138,Visite privée d'une journée aux pyramides de Gizeh et aventure en quad,,66.22,77,6 heures à 7 heures,Anglais,,,solo,,
26291,1138,"Eglise Saint-Serge, citadelle et mosquées : excursion d'une journée",,69.66,81,6 heures,Anglais|Audio,,,general,,
26352,1138,"Pyramides de Gizeh, Memphis et Saqqarah : visite privée avec déjeuner",,69.66,81,7 heures,Anglais,,,solo,,
74359,1138,"Pyramides de Gizeh, Sphinx, Grand Musée égyptien et bazar",,69.66,81,8 heures,,,,general,,
73136,1138,Vieux Caire et Citadelle : visite privée,,70.52,82,4 heures,,,,solo,,
73981,1138,"Visite privée d'une journée aux pyramides de Gizeh, Memphis, Sakkara et Dahshur",,73.96,86,8 heures,,,,solo,,
72940,1138,Visite des pyramides de Gizeh,,75.68,88,4 heures,,,,general,,
23480,1138,Pyramides d'Égypte : excursion d'une journée,,78.26,91,8 heures,Anglais,,,general,,
28044,1138,Mosquée d'albâtre et l'Église suspendue : tour depuis le Caire,,82.56,96,8 heures,Anglais,,,general,,
53860,1138,"Visite privée au Gizeh, Sphinx, Memphis et à Saqqarah",,83.42,97,8 heures 30 minutes,Français|Anglais,,,solo,,
58215,1138,Excursion au marché aux chameaux au Caire,,84.28,98,4 heures à 5 heures,Français|Anglais,,,general,,
53887,1138,"Visite de l'Église des cavernes, Garbage City et La cité des morts",,100,100,4 heures,Français|Anglais,,,general,,
53883,1138,Visite privée de 2 jours au Caire et à Gizeh avec dîner-croisière,,90.30,105,48 heures,Anglais,,,couple,,
73776,1138,"Dîner Croisière sur le Nil au Caire à bord du Nile Maxim Cruise, avec spectacle de danse orientale",,96.32,112,4 heures,,,,couple,,
53857,1138,"Pyramides de Gizeh, musée égyptien et Caire copte : Visite privée",,98.04,114,9 heures,Français|Anglais,,,solo,,
53871,1138,"Pyramides de Gizeh, musée égyptien et vieux Caire : Visite privée",,99.76,116,9 heures à 10 heures,Français|Anglais|Audio|Écrit,,,solo,,
23863,1138,"Pyramides, Sphinx et musée égyptien : visite de 2 jours avec transfert",,102.34,119,48 heures,Français|Anglais,,,general,,
30664,1138,"Gizeh, le Caire, le musée égyptien et le souk : escale privée",,103.20,120,10 heures,Anglais|Audio,,,solo,,
73924,1138,Voyage 2jours et 1nuitée dans le désert blanc et noir au départ du Caire All Inclusive,,110.08,128,48 heures,,,,general,,
73925,1138,Safari privé en jeep de 2 jours dans le désert blanc et l'oasis de Bahariya,,131.58,153,48 heures,,,,solo,,
71606,1138,Tell el-Amarna inhabituel Journée privée,,262.30,305,12 heures,Français|Anglais,,,solo,,
58250,1138,Visite guidée d'une demi-journée des églises du Caire,,262.30,305,3 heures,Français|Anglais,,,general,,
73922,1138,2 Journée Aventure dans le désert blanc au départ du Caire,,292.40,340,48 heures,,,,general,,
30521,1138,Louxor : excursion d'une journée depuis le Caire en avion,,344.86,401,18 heures,Anglais|Audio,,,general,,
73923,1138,"Excursion de 4 jours à El Fayoum, désert blanc et oasis de Bahariya",,614.04,714,96 heures,,,,general,,
58224,1138,Croisière Dahabiya Yalla Bina sur plusieurs jours,,6385.50,7425,96 heures,Français|Anglais,,,couple,,
45809,5681,Lisboa Card : accès jusqu'à 51 attractions avec transports publics,,31.82,45,,,,,general,,
39626,5681,Fado in Chiado : spectacle de fado à Lisbonne,,21.50,25,50 minutes,,,,general,,
33907,5681,Spectacle de Fado : visite de Lisbonne avec un dîner,,80.84,94,3 heures 30 minutes,Français|Anglais,,,general,,
52031,5681,Lisbonne : excursion d'une heure en tuk tuk,,92.88,108,1 heure,Français|Anglais,,,general,,
59806,5681,Excursion en bateau sur le Tage,,18.06,21,1 heure 40 minutes,Audio|Français|Anglais,,,general,,
71612,5681,Monastère des Hiéronymites : billet d'entrée,,19.78,28,,,,,general,,
74288,5681,Oceanário de Lisboa : Billet d'entrée,,24.94,31,,,,,general,,
73949,5681,Visite guidée Lisbonne et Belém en petit groupe,,30.96,36,4 heures,,,,groupe,,
74234,5681,Visite d'une demie journée de Sintra et du Palais de la Regaleira,,55.04,64,5 heures,,,,general,,
74041,5681,"Visite en petit groupe de Fátima, Batalha, Óbidos et Nazaré",,67.08,78,10 heures,,,,groupe,,
74232,5681,"Belém, Estoril, Cascais & Sintra avec Palais de Pena : Excursion en petit groupe",,67.08,78,9 heures,,,,groupe,,
74027,5681,Visite privée d'une demi-journée de nuit à Lisbonne,,117.82,137,4 heures,,,,solo,,
74029,5681,Visite privée de la ville de Lisbonne,,147.92,172,8 heures,,,,solo,,
74051,5681,Visite privée d'une demi-journée à Fátima,,212.42,247,4 heures,,,,solo,,
74052,5681,"Visite privée de Fátima, Óbidos, Batalha et Nazaré",,269.18,313,10 heures,,,,solo,,
52023,5681,Lisbonne : excursion partagée d'une demi-journée,,44.72,52,4 heures,,,,general,,
33841,5681,"Óbidos, Alcabbaça, Nazaré, Batalha et Fatima : visite guidée",,69.66,81,11 heures,Français|Anglais,,,general,,
52042,5681,Arrábida : excursion en Jeep au départ de Lisbonne,,92.02,107,7 heures,Français|Anglais,,,general,,
52027,5681,Sintra et Cascais : excursion en vélo au départ de Lisbonne,,74.82,87,8 heures,Français|Anglais,,,general,,
52046,5681,Lisbonne : excursion en catamaran à voile au coucher du soleil,,28.38,33,2 heures,Anglais,,,general,,
52026,5681,Découverte de Lisbonne : tour en vélo électrique,,28.38,33,1 heure 30 minutes,Anglais,,,general,,
13635,5681,Excursion privée : le meilleur de Lisbonne en side-car,,278.64,324,3 heures,Français|Anglais,,,solo,,
72031,5681,Panthéon national du Portugal,,11.18,15,,,,,general,,
72358,5681,Palais National et Parc de Pena : Billet d'entrée,,21.50,26,,,,,general,,
72653,5681,Castelo de São Jorge : Entrée + Audioguide,,27.52,34,,,,,general,,
74039,5681,Visite d'une journée complète de l'expérience Fátima,,50,50,6 heures,,,,general,,
56420,5681,Cours de cuisine portugaise à Lisbonne,,94.60,110,3 heures 30 minutes,Anglais,,,general,,
74031,5681,Visite privée de la ville de Lisbonne,,112.66,131,4 heures,,,,solo,,
70481,5681,"Visite essentielle de Lisbonne : Histoire, Récits et Mode de Vie",,23.22,27,3 heures,Français|Anglais,,,general,,
33869,5681,Fátima : excursion d'une demi-journée au départ de Lisbonne,,51.60,60,5 heures 30 minutes,Anglais,,,general,,
52045,5681,Lisbonne : tour en yacht à voile de luxe au coucher du soleil,,55.90,65,2 heures,Anglais,,,general,,
21307,5681,Lisbonne : location de vélos électriques,,18.92,22,1 heure à 24 heures,Écrit|Anglais,,,general,,
21399,5681,Collines de Lisbonne : excursion en vélo électrique,,20.64,24,3 heures,Français|Anglais,,,general,,
52043,5681,Lisbonne : excursion en bateaux à voile au coucher du soleil avec vin,,51.60,60,2 heures,Anglais,,,general,,
33795,5681,Évora : excursion d'une journée au départ de Lisbonne,,78.26,91,10 heures,Anglais,,,general,,
56716,5681,Visite Deluxe de Sintra à Lisbonne,,78.26,91,9 heures,Français|Anglais,,,general,,
72258,5681,Musée National d’Art Ancien: billet d’entrée,,0,0,,,,,general,,
72035,5681,Oceanário de Lisboa & Monastère des Hiéronymites : Billet d'entrée,,0,0,,,,,general,,
72034,5681,Carte de Lisbonne + Oceanário de Lisboa,,0,0,,,,,general,,
72036,5681,Pilar 7 Bridge Experience: billet d'entrée,,6.02,9,,,,,general,,
72043,5681,Lisboa Story Centre: billet d'entrée avec audioguide,,8.60,12,,Audio|Français|Anglais,,,general,,
72656,5681,Lisbonne : Promenade en calèche à Belém,,9.46,12,,,,,general,,
72259,5681,Le musée national d'art contemporain : billet d'entrée,,11.18,15,,,,,general,,
72042,5681,Musée du trésor royal,,12.04,17,,,,,general,,
72033,5681,Palais national d'Ajuda : Billet d'entrée,,16.34,26,,,,,general,,
52009,5681,Lisbonne : croisière en bateau à arrêts multiples,,25.80,30,Valable pour 48 heures/2h00 de croisière,Audio|Français|Anglais,,,couple,,
71291,5681,Lisbonne : Pass basique 24h Hop On Hop Off,,25.80,30,24 heures,Audio|Français|Anglais,,,general,,
71307,5681,Lisbonne : Pass classique 24h Hop On Hop Off,,29.24,34,24 heures,Audio|Français|Anglais,,,general,,
72440,5681,HIPPOtrip Lisbonne : Visite en Bus et Bateau amphibien,,30.96,38,01:30,,,,general,,
71292,5681,Lisbonne : Explorer Pass 48h Hop On Hop Off,,32.68,38,48 heures,Audio|Français|Anglais,,,general,,
71943,5681,Détendez-vous sur un petit bateau confortable avec bar ouvert et collations,,32.68,38,2 heures,,,,general,,
71172,5681,Croisière au coucher du soleil sur le fleuve Lisbonne,,35.26,41,2 heures,Anglais,,,couple,,
71921,5681,Découverte de Sesimbra en kayak,,35.26,41,3 heures,,,,general,,
71942,5681,Fête de DJ sur un bateau de luxe avec Open Bar & Snacks - Coucher de soleil/Nuit,,37.84,44,2 heures,,,,general,,
58746,5681,Stand-Up Paddle sur la côte de Lisbonne,,39.56,46,2 heures,Français|Anglais,,,general,,
71300,5681,Lisbonne : Expert Pass 48h Hop On Hop Off avec croisière,,42.14,49,48 heures,Audio|Français|Anglais,,,couple,,
71308,5681,Lisbonne : Epic Pass 72h Hop On Hop Off,,46.44,54,72 heures,Audio|Français|Anglais,,,general,,
71310,5681,Lisbonne : tour en bus hop on hop off avec billet Oceanário,,46.44,54,"24h, 48h ou 72h",Audio|Français|Anglais,,,general,,
56722,5681,"Visite de Sintra, Cascais et Estoril avec guide anglais",,57.62,67,5 heures,Anglais,,,general,,
56229,5681,Algarve : visite de la ville de Lisbonne et shopping depuis Praia da,,61.06,71,10 heures,,,,general,,
56423,5681,Excursion gastronomique de Lisbonne en petit groupe,,61.92,72,3 heures,Anglais,,,groupe,,
52039,5681,Lisbonne : excursion en bateau à voile la nuit,,63.64,74,2 heures,Anglais,,,general,,
72142,5681,"Fátima, Obidos, Nazaré et Batalha : visite guidée",,63.64,74,11h,Français|Anglais,,,general,,
56417,5681,Leçon de surf privée,,69.66,81,2 heures,Anglais,,,solo,,
71382,5681,"Lisbonne : visite guidée, balade en tramway et croisière à Belém",,80.84,94,4h30,Anglais,,,couple,,
53185,5681,"Lisbonne : visite à pied, en vélo électrique et en bateau",,89.44,104,5 heures,Anglais,,,general,,
58742,5681,Visite gastronomique et à pied (visite végétalienne disponible),,89.44,104,2 heures 45 minutes,Français|Anglais,,,general,,
58256,5681,Visite de 3 villes au départ de Lisbonne,,98.90,115,12 heures,,,,general,,
58276,5681,Charmes de Lisbonne : visite des tapas d'Alfama,,107.50,125,4 heures,Anglais,,,general,,
52030,5681,Belém : excursion en Tuk Tuk Tour,,121.26,141,2 heures,Français|Anglais,,,general,,
73539,5681,Tour en quad à Lisbonne,,128.14,149,2 heures,,,,general,,
57941,5681,"Visite de Sintra avec visite du palais de Pena, Cabo da Roca et Prai",,134.16,156,6 heures,Anglais,,,general,,
53186,5681,Lisbonne : visite de Setubal et expérience viticole,,134.16,156,5 heures,Anglais,,,general,,
53262,5681,Excursion à Sintra et Cabo da Roca en 4x4 depuis Lisbonne,,134.16,156,6 heures 30 minutes,Anglais,,,general,,
53182,5681,"Lisbonne 360 : visite à pied, en hélicoptère et en bateau",,134.16,156,5 heures,Anglais,,,general,,
58284,5681,Vol en hélicoptère de 10 minutes au-dessus du littoral de Lisbonne,,134.16,156,1H- 10 MIN DE VOL,Anglais,,,general,,
58252,5681,Visite d'une journée des essentiels de Lisbonne,,134.16,156,8 heures,Anglais,,,general,,
58253,5681,"Visite de Lisbonne à 360° : vélo électrique, bateau et hélicoptère",,134.16,156,4 heures,Anglais,,,general,,
57948,5681,Sintra avec visite du palais de Pena et des vignobles,,161.68,188,6 heures,Anglais,,,general,,
58274,5681,Équitation sur la plage de Comporta et Setubal f,,223.60,260,6 heures,Anglais,,,general,,
74245,5681,Visite privée du vin d'Óbidos,,238.22,277,8 heures,,,,solo,,
54568,5681,Lisbonne : vol en montgolfière avec une boisson,,242.52,282,3 heures à 4 heures,Anglais|Écrit,,,general,,
74026,5681,Visite privée des vins d'Arrábida et de Comporta,,306.16,356,10  heures,,,,solo,,
57914,5681,"Visite de Sintra, Nazaré et Fátima",,313.04,364,9 heures,Anglais,,,general,,
54569,5681,Vol exclusif en montgolfière pour 2 au départ de Coruche,,1401.80,1630,3 heures,Anglais,,,general,,
39694,185168,Gozo : excursion d'une journée au départ de Malte,,64.50,75,,,,,general,,
39792,185168,Gozo et Comino le Lagon Bleu : croisière d'une journée,,41.28,48,6 heures,,,,couple,,
39780,185168,Grotte Bleue et village de Marsaxlokk : excursion d'une demi-journée,,27.52,32,,,,,general,,
39772,185168,La Valette : excursion d'une demi-journée,,45.58,53,4 heures,,,,general,,
39775,185168,Temples préhistoriques de Malte : excursion d'une demi-journée,,45.58,53,,,,,general,,
39768,185168,"Mosta, village de Ta Qali Crafts et Mdina : visite d'une demi-journée",,32.68,38,4 heures,,,,general,,
39766,185168,"Cospicua, Vittoriosa et Senglea : excursion avec dégustation de vin",,42.14,49,,,,,general,,
39796,185168,Gozo : tour en bus à arrêt multiples,,20.64,24,"- Ligne bleue : de 11h35 à 17h30, durée : 55 minutes, fréquence : 45 minutes",Audio|Français|Anglais,,,general,,
53105,185168,Parc d'attractions Popeye Village : billet d'entrée,,16.34,19,1 heure à 8 heures,Écrit|Français|Anglais,,,general,,
53096,185168,Croisière commentée autour de Marsamxett et le Grand Harbours,,20.64,24,1 heure 15 minutes,Audio|Anglais,,,couple,,
53099,185168,"Îles de Comino : Lagon bleu, lagon Crystal et grottes marines",,30.10,35,4 heures à 6 heures,Audio|Français|Anglais,,,general,,
67019,185168,Visite guidée des falaises de Dingli et des jardins de San Anton,,37.84,44,4 heures,Français|Anglais,,,general,,
39773,185168,"Palazzo Parisio, Clapham Junction et Dingli : tour d'une demi-journée",,41.28,48,,,,,general,,
53090,185168,Visite en français des temples préhistoriques de Malte,,50.74,59,4 heures à 5 heures,Français|Anglais,,,general,,
74487,185168,Mdina et les points forts de Malte : visite guidée avec déjeuner et transferts,,72.24,84,7 heures à 8 heures,Français,,,general,,
53100,185168,Malte : Multi pass,,78.26,91,72 heures à 144 heures,Audio|Français|Anglais,,,general,,
71703,185168,Excursion en quad tout compris au Blue Lagoon et au coucher du soleil à Gozo,,98.04,114,8 heures,Français|Anglais,,,general,,
72166,185168,Visite privée de l'île avec chauffeur de Malte et de Gozo,,258.86,301,1 heure à 8 heures,Français|Anglais|Audio|Écrit,,,solo,,
53098,185168,La Valette : excursion privée à pied,,276.06,321,3 heures,Français|Anglais,,,solo,,
39787,185168,Valetta : croisière autour des deux ports et leurs dix criques,,18.92,22,1 heure 30 minutes,,,,couple,,
53094,185168,Visite guidée à pied de La Vallette,,20.64,24,2 heures 30 minutes,Anglais,,,general,,
53106,185168,Visite à pied de la ville Mdina et Rabat,,20.64,24,2 heures,Anglais,,,general,,
53108,185168,Croisière sur le grand port de Malte et le port de Marsamxett,,20.64,24,1 heure 30 minutes,Anglais|Audio,,,couple,,
53114,185168,Spectacle audiovisuel d'histoire des îles maltaises,,20.64,24,1 heure 15 minutes,Anglais|Audio,,,general,,
70424,185168,Malta : tour en bus hop-on hop-off - Pass 24 heures,,25.80,30,24 heures,,,,general,,
57046,185168,Mariage maltais avec le chocolat,,31.82,37,1 heure,Anglais,,,general,,
57040,185168,Location de bateaux privés - Comino / Parties de Gozo,,36.98,43,3 minutes à  30 minutes,,,,solo,,
53097,185168,Excursion à Malte en voiture électrique sans chauffeur,,48.16,56,2 heures 30 minutes,Audio|Français|Anglais,,,general,,
53110,185168,Excursion au Blue Lagoon de Comino en bateau à moteur,,50.74,59,6 heures,Anglais,,,general,,
43214,185168,Gozo : tour dans la ville de La Valette et à la cité des chevaliers,,54.18,63,4 heures,Français|Anglais,,,general,,
56891,185168,Visite à pied de la cuisine et de la culture de la rue de La Valette,,55.90,65,3 heures,Anglais,,,general,,
56892,185168,Visite gastronomique de La Valette,,55.90,65,3 heures 30 minutes,Anglais,,,general,,
57042,185168,Aventure des passagers d'une croisière vers les joyaux cachés de Malte,,65.36,76,4 heures,Anglais,,,couple,,
53092,185168,Visite guidée en Segway de La Valette,,67.94,79,2 heures 15 minutes,Anglais,,,general,,
56895,185168,Dîner traditionnel maltais et spectacle folklorique avec transferts,,73.10,85,3 heures,Écrit|Français|Anglais,,,general,,
67487,185168,Sunset Tuk Tuk Tour à Gozo et Blue Lagoon à Comino,,85.14,99,7 heures,Français|Anglais,,,general,,
66982,185168,Excursion à Gozo en quad avec bateau privé aller-retour pour Gozo,,97.18,113,6 heures,Anglais,,,solo,,
71704,185168,Excursion en quad Gozo avec mini croisière Comino,,102.34,119,7 heures à 8 heures,Anglais,,,couple,,
57045,185168,Journée complète à Eco Tour Twizy 2 places en voiture à Malte,,104.92,122,1 heure à 8 heures,Anglais|Audio|Écrit,,,general,,
73823,185168,Visite privée à pied de Mdina et Rabat,,150.50,175,2 heures à 3 heures,,,,solo,,
53102,185168,Visite de La Valette en un jour,,160.82,187,7 heures à 8 heures,Français|Anglais,,,general,,
72103,185168,"Bateau Privé, Lagon Bleu, Lagune Crystal de Comino, Gozo Malte",,169.42,197,2 heures,,,,solo,,
72003,185168,"Malte Location de bateau Pas besoin de permis, Visite de Blue Lagoon et Comino",,186.62,217,3 heures,,,,general,,
72104,185168,"Points forts de Comino, excursion en bateau privé au lagon bleu/cristal et aux grottes",,270.04,314,3 heures,,,,solo,,
53101,185168,Visite privée à pied de Mdina avec un guide professionnel,,300.14,349,2 heures,Anglais,,,solo,,
53091,185168,Visite des sites archéologiques et villages de pêcheurs,,313.04,364,6 heures à 8 heures,Anglais|Audio,,,general,,
53104,185168,"Visite privée à Dingli, Bahrija, Fomm ir-Rih, Rabat et Mdina",,364.64,424,8 heures,Écrit|Anglais,,,solo,,
43215,185168,Gozo : visite guidée d'une journée à Malte,,367.22,427,5 heures,Anglais,,,general,,
71360,185168,Le charme historique de La Valette : une visite guidée à pied,,392.16,456,2 heures,Français|Anglais,,,general,,
53115,185168,Séance photo de nuit au néon à Paceville,,430.86,501,1 heure 30 minutes,,,,general,,
37923,7777,Everglades de Miami : excursion en hydroglisseur,,48.16,56,4 heures,Audio|Anglais,,,general,,
39819,7777,Parc des Everglades : entrée avec un tour de 30 min en hydroglisseur,,29.24,34,-  Merci de noter que les excursions dans les Everglades présentent une accessibilité limitée pour les personnes à mobilité réduite.,Audio|Anglais,,,general,,
37925,7777,Everglades de Miami : excursion en hydroglisseur avec croisière,,68.80,80,6 heures,,,,couple,,
37930,7777,Key West : excursion d'une journée au départ de Miami,,57.62,67,12 heures,Audio|Anglais,,,general,,
39797,7777,Miami : visite de la ville,,30.10,35,4 heures,Anglais,,,general,,
14548,7777,Circuit en « Big Bus » à arrêts multiples à Miami,,40.42,47,2 heures,Audio|Anglais,,,general,,
40221,7777,Miami Seaquarium : billet d'entrée,,50,50,,,,,general,,
39830,7777,Miami : visite de la ville avec croisière sur la Baie de Biscayne,,48.16,56,7 heures,Anglais,,,couple,,
42247,7777,"Little Havana, Brickell et Downtown Miami : excursion d'une demi-journée",,50.74,59,3 heures 30 minutes,,,,general,,
37931,7777,Key West : excursion avec tour en train touristique au départ de Miami,,91.16,106,12 heures,,,,general,,
42240,7777,Wynwood : excursion d'une demi-journée,,50.74,59,3 heures 30 minutes,,,,general,,
42230,7777,South Beach : tour en vélo,,85.14,99,3 heures 30 minutes,,,,general,,
37928,7777,Key West : excursion avec vol en parachute au départ de Miami,,95.46,111,12 heures,,,,general,,
39864,7777,Key West : excursion avec tour en train de Fort Lauderdale,,137.60,160,12 heures,Anglais,,,general,,
41930,7777,Bimini Bahamas : billet de ferry en classe économique premium,,236.50,275,17 heures,,,,general,,
52584,7777,Miami : Croisière dans la baie de Biscayne,,27.52,32,1 heure 30 minutes,,,,couple,,
44914,7777,Miami : shooting photo avec un photographe professionnel,,181.46,211,2 heures,,,,general,,
56560,7777,Tour privé en hélicoptère de luxe à Miami et South Beach,,269.18,313,40 minutes,Français|Anglais,,,solo,,
72688,7777,"Musée des sciences, aquarium et planétarium Phillip & Patricia Frost : Billet d'entrée",,23.22,29,,,,,general,,
70249,7777,Visite en bateau des maisons de célébrités à Miami,,30.10,35,1 heure 30 minutes,Anglais,,,general,,
73987,7777,Miami : billet pour l'expérience artistique immersive Superblue Miami,,34.40,40,1 heure 30 minutes à 2 heures,,,,general,,
51024,7777,Coconut Grove : location d'une heure d'un Kayak simple,,36.98,43,1 heure,,,,general,,
71392,7777,Miami Explorer Pass,,73.10,85,24 heures à 720 heures,Écrit|Anglais,,,general,,
56704,7777,Visite de Miami de nuit en français,,77.40,90,2 heures,Français,,,general,,
51041,7777,Bimini Bahamas : billet de ferry d'une journée en classe économique,,206.40,240,17 heures,,,,general,,
53192,7777,Visite privée de la ville de Miami avec chauffeur / guide privé,,356.04,414,4 heures,Anglais,,,solo,,
42246,7777,Wynwood et Design Disctrict de Miami : excursion privée,,363.78,423,3 heures 30 minutes,,,,solo,,
42235,7777,South Beach : tour privé en vélo,,461.82,537,3 heures 30 minutes,,,,solo,,
54678,7777,Sortie de pêche d'une demi-journée au peacock bass à Miami,,480.74,559,4 heures,Anglais|Écrit,,,general,,
50011,7777,Everglades de Miami : excursion partagée guidée en français,,73.10,85,"- La durée totale de l'excursion dépend du nombre de ramassages, du temps d'attente du bateau et de la programmation du spectacle au parc.",,,,general,,
39848,7777,Key West : excursion avec une croisière sur le récif corallien,,98.90,115,12 heures,Audio|Anglais,,,couple,,
56512,7777,Croisière cocktail au coucher du soleil à Miami,,61.92,72,2 heures,Anglais,,,couple,,
37929,7777,Key West : excursion et sortie en bateau avec plongée depuis Miami,,91.16,106,12 heures,,,,general,,
39891,7777,Transport partagé aller-retour de Miami à Key West,,114.38,133,,,,,general,,
72690,7777,Domaine de Deering : Billet d'entrée,,17.20,21,,,,,general,,
72689,7777,L'île de la jungle : Billet d'entrée,,30.96,38,,,,,general,,
56575,7777,Miami : Hard Rock Cafe,,38.70,45,2 heures,,,,general,,
53902,7777,"Miami : tour en bus hop on, hop off - Pass 24 heures",,48.16,56,Hop on hop off de 9h30 à 17h,Audio|Français|Anglais,,,general,,
56549,7777,Visite touristique de Miami et tour en bateau à rames millionnaire,,53.32,62,5 heures à 6 heures,Anglais|Audio,,,general,,
33812,7777,Star Island : excursion en segway,,64.50,75,1 heure,Anglais|Audio,,,general,,
56540,7777,Visite à pied et tour gastronomique de South Beach,,65.36,76,2 heures 30 minutes,Anglais,,,general,,
39858,7777,Miami : excursion de pêche d'une demi-journée au départ du South Beach,,67.94,79,4 heures,,,,general,,
39887,7777,Key West : excursion d'une journée de Fort Lauderdale,,75.68,88,12 heures,,,,general,,
39854,7777,Musée et jardins Vizcaya : visite avec transport,,79.12,92,4 heures,,,,general,,
72044,7777,Tour en avion : vol de 30 minutes de Miami Downtown,,79.12,92,30 minutes,,,,general,,
56561,7777,Visite nocturne des lumières de Miami en kayak à lumière LED,,79.12,92,2 heures,Anglais,,,general,,
72050,7777,Tour en avion : Vol de 40 minutes de Miami South Beach,,86.86,101,40 minutes,,,,general,,
56513,7777,Croisière en yacht privé de 2 heures à Miami avec champagne,,89.44,104,2 heures,,,,couple,,
56515,7777,Activité nocturne en VTT à Miami,,89.44,104,1 heure,Anglais,,,general,,
39884,7777,Key West : visite avec tour hop-on hop-off en trolley depuis Miami,,91.16,106,12 heures,Anglais|Audio,,,general,,
72052,7777,Tour en avion : vol de 50 minutes de Miami Luxury,,106.64,124,50 minutes,,,,general,,
39866,7777,Key West : visite avec sortie en bateau de Fort Lauderdale,,114.38,133,12 heures,Anglais,,,general,,
56551,7777,Croisière au coucher du soleil Castaway the Day à Miami,,115.24,134,2 heures,Anglais,,,couple,,
71406,7777,Miami : tour complet d'une journée,,120.40,140,13 heures,,,,general,,
56695,7777,Le meilleur vol privé de Miami,,150,150,40 minutes,Anglais,,,solo,,
39886,7777,Key West : visite avec tour hop-on hop-off de Fort Lauderdale,,137.60,160,12 heures,Anglais,,,general,,
39881,7777,Key West : visite avec vol en parachute de Fort Lauderdale,,142.76,166,12 heures,,,,general,,
39896,7777,Transport partagé aller-retour de Fort Lauderdale à Key West,,151.36,176,,,,,general,,
51296,7777,Miami : tour de 30 minutes en flyboard,,173.72,202,30 minutes,,,,general,,
74006,7777,Tour en hélicoptère à Miami South Beach et centre-ville,,256.28,298,40 minutes,,,,general,,
71740,7777,Miami : tour en hélicoptère de 45 minutes avec transport,,878.92,1022,Vol en hélicoptère de 45 minutes,,,,general,,
72350,7777,Visite privée à Key Largo et Isla Morada au départ de Miami Dade,,1154.98,1343,12 heures,,,,solo,,
66349,203137,Randonnée pédestre à Petra,,10.32,12,48 heures,Anglais,,,general,,
57984,203137,Henna Fantasia - Jordan Folklore Night,,29.24,34,2 heures,Anglais|Audio|Écrit,,,general,,
66330,203137,Visite guidée privée à pied de Pétra,,67.94,79,2 heures 30 minutes,Anglais,,,solo,,
53367,203137,Visite guidée privée à Petra avec prise en charge à l'hôtel,,73.10,85,2 heures à 3 heures,Anglais,,,solo,,
57988,203137,Tour de Petra à Amman ou à l'aéroport avec facultatif,,88.58,103,3 heures 30 minutes,Anglais|Audio|Écrit,,,general,,
57982,203137,Safari 4x4 de 3 heures à Little Petra,,92.02,107,3 heures,Anglais,,,general,,
57989,203137,Visite privée du sentier archéologique Indiana-Jones,,97.18,113,2 heures à 3 heures,Anglais,,,solo,,
57974,203137,Visite privée d'une demi-journée de Petra avec déjeuner,,126.42,147,6 heures,Anglais|Écrit,,,solo,,
57991,203137,Excursion d'une journée dans le Wadi Rum au départ de Petra à Aqaba,,134.16,156,6 heures,Anglais,,,general,,
66343,203137,Aventure à cheval de 3 heures dans la région de Petra,,140.18,163,3 heures,Anglais,,,general,,
53368,203137,Découvrez les joyaux cachés de Petra,,145.34,169,2 heures à 8 heures,Français|Anglais,,,general,,
57979,203137,Dîner bédouin privé en plein air à Petra,,145.34,169,5 heures,Anglais,,,solo,,
53366,203137,Visites privées à Petra et en Jordanie,,167.70,195,3 heures à 8 heures,Anglais,,,solo,,
57975,203137,Visite privée de l'entrée arrière de Petra avec guide.,,173.72,202,5 heures à 7 heures,Anglais,,,solo,,
66342,203137,DE PETRA | Aller-retour à la mer Morte | Déjeuner et frais d'entrée inclus,,178.88,208,8 heures à 10 heures,Anglais,,,general,,
66348,203137,Visite privée à cheval dans le procès Petra-tomb Haroun,,184.04,214,9 heures,Anglais,,,solo,,
58028,203137,Excursion d'une journée à Aqaba Mer Rouge depuis les hôtels de Petra.,,193.50,225,8 heures,Anglais,,,general,,
66340,203137,Visite privée du Wadi Rum au départ de Petra avec le site du film Martian et Star Wars,,206.40,240,6 heures,Anglais,,,solo,,
66345,203137,Journée dans le Wadi Rum | Boîte à lunch et frais d'entrée inclus,,212.42,247,8 heures,Anglais,,,general,,
58038,203137,Visite privée d'une journée à la mer Morte depuis Pétra,,232.20,270,10 heures,Anglais,,,solo,,
58029,203137,Visite privée du sentier arrière de Petra au départ du monastère,,283.80,330,12 heures à 13 heures,Français|Anglais,,,solo,,
57981,203137,Excursion d'une journée à Petra depuis le port d'Aqaba,,312.18,363,8 heures,Anglais,,,general,,
66338,203137,Pétra et Wadi Rum en une journée | Les cartographes jordaniens,,325.94,379,8 heures à 10 heures,Anglais,,,general,,
66347,203137,Petra back-road Trail / Randonnée d'une journée complète,,367.22,427,8 heures à 9 heures,Anglais,,,general,,
66332,203137,Petra et Wadi Rum d'Aqaba (Enfants bienvenus),,386.14,449,10 heures,Anglais,,,famille,,
66334,203137,Petra et Wadi Rum d'Aqaba (visites privées et personnalisées),,386.14,449,8 heures,Anglais,,,solo,,
58001,203137,Petra et Wadi Rum d'Aqaba,,450,450,10 heures,Anglais,,,general,,
57978,203137,Croisière Petra et Wadi Rum Frais d'admission et déjeuner inclus,,450,450,8 heures à 10 heures,Anglais,,,couple,,
57996,203137,Petra et Wadi Rum d'Aqaba (Excursions à terre),,392.16,456,8 heures,Anglais,,,general,,
57987,203137,Visite à pied du meilleur de Petra,,451.50,525,2 heures,Anglais,,,general,,
66341,203137,3 nuits épiques dans le sud de la Jordanie à explorer avec les locaux.,,626.94,729,96 heures,Anglais,,,general,,
54782,4717,Tokyo : visite privée et personnalisée avec un guide local,,40.42,47,2 heures à 8 heures,Français|Anglais,,,solo,,
54783,4717,"Excursion en bus d'une journée au mont Fuji et Hakone, retour en train",,143.62,167,11 heures,Anglais|Audio|Écrit,,,general,,
41555,4717,Mont Fuji : excursion avec croisière sur le lac Ashi depuis Tokyo,,135.02,157,12 heures 35 minutes,Anglais|Audio,,,couple,,
72738,4717,Tokyo Skytree : Billet d'entrée,,13.76,17,,,,,general,,
51876,4717,Tokyo : excursion nostalgique de Yanaka à pied,,63.64,74,3 heures 30 minutes,Français|Anglais,,,general,,
51871,4717,Mont Fuji et Hakone : excursion d'une journée en bus,,117.82,137,11 heures,Anglais|Audio,,,general,,
72737,4717,Billet d'entrée à l'observatoire de la tour de Tokyo,,9.46,12,,,,,general,,
74303,4717,teamLab Planets TOKYO : Billet d'entrée,,22.36,28,,,,,groupe,,
74311,4717,Tokyo : Bus Hop-on Hop-off + Guide audio,,30.10,37,,,,,general,,
56026,4717,Fuji-Q Highland : e-ticket,,32.68,46,,,,,general,,
74306,4717,Warner Bros. Studio Tour Tokyo - Le tournage de Harry Potter,,39.56,48,,,,,general,,
73014,4717,"Hakone, Fuji-Hakone et Hakone-Kamakura : Pass Transport",,44.72,55,,,,,general,,
72739,4717,Tokyo Skytree & teamLab Planets : Billet d'entrée,,47.30,58,,,,,groupe,,
73915,4717,Tokyo Shinjuku Sumo Show et expérience avec photo,,69.66,81,1 heure 30 minutes,,,,general,,
74444,4717,Tokyo: Billet d'entrée au parc Disneyland,,91.16,106,2 heures,,,,general,,
74414,4717,Tokyo : expérience authentique de sumo avec initiation,,92.02,107,1 heure,,,,general,,
57070,4717,Balade gastronomique et culturelle au marché aux poissons de Tsukiji,,98.04,114,3 heures,Anglais,,,general,,
74401,4717,Visite complète du marché aux enchères de thon et de toyosu avec Fumi,,110.08,128,4 heures,,,,general,,
74443,4717,Shibuya Tokyo : 2 heures de karting,,125.56,152,02:00,,,,general,,
74446,4717,Tokyo DisneySea : billet 1 jour avec transferts privés,,141.04,164,24 heures,,,,solo,,
74457,4717,Vue de la ville de Tokyo : Billet d'entrée pour le pont d'observation,,12.90,16,,,,,general,,
74450,4717,Tokyo: Visite historique à pied de Shinjuku et rues secrètes,,15.48,18,1 heure 30 minutes,,,,general,,
74451,4717,Croisière dans la baie de Tokyo avec options,,30.10,35,30 minutes,,,,couple,,
74300,4717,Tokyo Skytree Pass (Tokyo Skytree + Sumida Aquarium),,35.26,43,,,,,general,,
74448,4717,Tokyo : visite à pied d'Asakusa et Senso-Ji avec un guide,,36.98,43,2 heures,,,,general,,
74449,4717,Tokyo : visite privée des sites incontournables,,41.28,48,2 heures,,,,solo,,
74463,4717,Tokyo : visite guidée de Shibuya et Harajuku,,42.14,49,3 heures,,,,general,,
74462,4717,Tokyo : visite guidée du Palais Impérial et des Shoguns (Guide Français),,43.86,51,2 heures,,,,general,,
70622,4717,Expérience de fabrication de sushis (Tokyo/Asakusa),,52.46,61,1 heure 40 minutes,Anglais,,,general,,
74461,4717,"Nikko : sanctuaire Toshogu, lac Chuzenji et chutes Kegon",,61.06,71,10 heures,,,,general,,
57058,4717,"Expérience Tokyo Go Kart à Asakusa, Skytree, Akihabara",,85.14,99,1 heure 10 minutes,Anglais,,,general,,
54993,4717,Akihabara Aventure Food Tour pour les amateurs d'animes et de mangas,,178.02,207,4 heures,Anglais,,,general,,
57090,4717,"Expériences incontournables à Tokyo, kimono | cérémonie du thé",,250.26,291,4 heures,Anglais,,,general,,
70289,4717,"Hakone FreePass, 2-3 jours au Japon",,63.64,74,48 heures à 72 heures,Audio|Anglais,,,general,,
44358,4717,Sumo à Tokyo : visite matinale du centre de formation,,83.42,97,1 heure,Anglais,,,general,,
44372,4717,Tokyo : visite d'une demi-journée,,83.42,97,3 heures à 4 heures,Anglais|Audio,,,general,,
42490,4717,Tokyo : circuit en bus d'un jour,,113.52,132,9 heures à 10 heures,Anglais|Audio,,,general,,
74302,4717,"Métro de Tokyo : Ticket 24, 48 ou 72 heures",,0,0,,,,,general,,
74313,4717,Musée Ueshima : Billet d'entrée,,11.18,14,,,,,general,,
74309,4717,Aquarium Sunshine : Billet d'entrée,,16.34,20,,,,,general,,
74310,4717,Musée Art Aquarium : Billet d'entrée,,17.20,21,,,,,general,,
74305,4717,Maxell Aqua Park Shinagawa : Billet coupe-file + Spectacle de dauphins,,18.06,22,,,,,general,,
74304,4717,Small Worlds Tokyo: Billet d'entrée,,19.78,24,,,,,general,,
74307,4717,Sanrio Puroland : 1 jour Pass,,25.80,32,,,,,general,,
74395,4717,Tokyo Local Tattoo Amical Public Bath Experience,,35.26,41,1 heure,,,,general,,
74394,4717,Onsen en plein air et tatouage,,36.98,43,1 heure 30 minutes,,,,general,,
74314,4717,Shinjuku : Ninja + Kabuki Tokyo Ticket d'entrée,,42.14,51,01:20,,,,general,,
74301,4717,Tokyo : Have Fun in Tokyo Pass d'une semaine,,52,52,,,,,general,,
70624,4717,Meilleure expérience de samouraï à Tokyo,,56.76,66,1 heure,Anglais,,,general,,
74402,4717,Visite du marché aux poissons de Toyosu et de l’enchère de thon accompagnée d’un ancien chef sushi.,,56.76,66,2 heures à 3 heures,,,,general,,
54408,4717,Séance photo en kimono à Asakusa,,57.62,67,20 minutes,Anglais,,,general,,
74522,4717,Tokyo : expérience JDM à Daikoku PA,,74.82,87,4 heures,,,,general,,
51874,4717,Excursion privée : visite à pied de l'architecture de Ginza,,115.24,134,3 heures 30 minutes,Anglais,,,solo,,
74524,4717,Tokyo : visite nocturne en voiture JDM à Daikoku PA,,138.46,161,3 heures,,,,general,,
74525,4717,Tokyo : expérience JDM et découverte nocturne de Daikoku PA,,144.48,168,4 heures,,,,general,,
54543,4717,Expérience de tournoi de sumo à Tokyo,,161.68,188,24 heures,Anglais,,,general,,
51875,4717,Tokyo : excursion d'une journée à pied,,288.10,335,8 heures,Anglais,,,general,,
74538,4717,Tokyo : expérience JDM privée en R34 Skyline et Daikoku PA,,288.10,335,3 heures 30 minutes,,,,solo,,
57064,4717,Visite guidée en chauffeur privé de Tokyo - chauffeur parlant anglais,,410.22,477,7 heures à 9 heures,Anglais,,,solo,,
73828,4717,Visite guidée privée d'une journée de Tokyo à Kyoto,,447.20,520,9 heures,Français|Anglais,,,solo,,
11771,560,Québec et chute Montmorency : excursion d'une journée depuis Montréal,,65.36,76,12 heures,Français|Anglais,,,general,,
36659,560,Visite à pied du Vieux Montréal,,23.22,27,2 heures,Français|Anglais,,,general,,
11940,560,Montréal : visite guidée de la ville,,48.16,56,3 heures 30 minutes,Français|Anglais,,,general,,
13981,560,Montréal : croisière des explorateurs historiques,,34.40,40,1 heure 30 minutes,Français|Anglais|Audio,,,couple,,
50214,560,Promenade privée dans le vieux Montréal,,147.92,172,2 heures,Français|Anglais,,,solo,,
13308,560,Montréal : visite de 3 heures en vélo,,62.78,73,3 heures,Français|Anglais,,,general,,
59632,560,Visite privée d'une demi-journée à Montréal avec un local,,100,100,3 heures à 4 heures,Français|Anglais,,,solo,,
59635,560,Visite à pied du centre-ville de Montréal et de la ville souterraine,,149.64,174,2 heures,Français|Anglais,,,general,,
59625,560,Visite d'une journée complète de la ville de Québec,,89.44,104,13 heures,Français|Anglais,,,general,,
59638,560,Croisière sur le fleuve Saint-Laurent à bord du Bateau-Mouche,,30.10,35,1 heure à 1 heure 30 minutes,Français|Anglais|Audio,,,couple,,
59658,560,Visite à pied des fantômes hantés de Griffintown à Montréal,,23.22,27,1 heure 30 minutes,Anglais,,,general,,
54094,560,"Séjour de 2 jours à Toronto, les chutes du Niagara et les Mille-Îles",,316.48,368,48 heures,Français|Anglais,,,general,,
59637,560,Légendes et histoires du Vieux-Montréal,,23.22,27,1 heure 30 minutes,Français|Anglais,,,general,,
74241,560,Visite privée à pied de Montréal avec un guide local,,43,43,2 heures à 6 heures,,,,solo,,
59653,560,Excursion en bord de mer à Montréal : visite guidée,,40.42,47,3 heures 30 minutes,Français|Anglais,,,general,,
72375,560,Excursion de 2 jours à Toronto et aux chutes du Niagara au départ de Montréal,,190.92,222,48 heures,,,,general,,
52623,560,Excursion privée d’une journée à Mont-Tremblant au départ de Montréal,,307.02,357,7 heures à 9 heures,Français|Anglais|Écrit,,,solo,,
59645,560,Visite privée à pied de Montréal avec guide touristique agréé,,323.36,376,2 heures,Français|Anglais,,,solo,,
54445,560,Excursion privée au parc Omega et pavillon Montebello depuis Montréal,,329.38,383,6 heures à 8 heures,Français|Anglais|Écrit,,,solo,,
72758,560,La Grande Roue de Montréal : Billet d'entrée à la Grande Roue,,22.36,28,,,,,general,,
72759,560,Musée des illusions Montréal : Billet d'entrée,,24.08,30,,,,,general,,
58488,5572,Visite d'Auschwitz Birkenau avec prise en charge et déjeuner,,61.92,72,4 heures à 7 heures,Français|Anglais,,,general,,
53602,5572,Auschwitz Birkenau : visite guidée partagée avec transport privé,,383.56,446,7 heures,,,,solo,,
39575,5572,Wieliczka : visite de la mine de sel,,73.10,85,4 heures 30 minutes,,,,general,,
61172,5572,Cracovie : Visite guidée de l'usine Schindler,,30.10,35,1 heure 30 minutes,Français|Anglais,,,general,,
59069,5572,Tour d'Auschwitz et de Birkenau,,41.28,48,4 heures à 7 heures,Français|Anglais,,,general,,
55620,5572,Visite privée à pied des points forts de la vieille ville de Cracovie,,82.56,96,2 heures à 6 heures,Français|Anglais,,,solo,,
53605,5572,Cracovie : concert de piano Chopin,,24.94,29,1 heure 30 minutes,,,,general,,
53604,5572,Wieliczka : visite partagée de la mine de sel avec transfert privé,,256.28,298,4 heures 30 minutes,,,,solo,,
53601,5572,Colline de Wawel : visite du château avec guide privé,,437.74,509,1 heure 30 minutes,,,,solo,,
58474,5572,De Cracovie: visite guidée en groupe de la mine de sel de Wieliczka,,21.50,25,1 heure à 5 heures,Français|Anglais,,,groupe,,
57558,5572,Cracovie: visite guidée du château de Wawel et de la cathédrale,,56.76,66,2 heures,Français|Anglais,,,general,,
58487,5572,Cracovie : visite guidée de la ville en voiturette de golf,,47.30,55,1 heure à 2 heures 30 minutes,Français|Anglais|Audio,,,general,,
39622,5572,Château Wawel : visite guidée au départ de Wawel,,24.94,29,2 heures,,,,general,,
61152,5572,Zakopane et thermes : visite au départ de Cracovie,,48.16,56,11 heures,Anglais|Écrit,,,general,,
59059,5572,Les traces de la culture juive de Cracovie,,61.92,72,3 heures 30 minutes,Français|Anglais,,,general,,
58486,5572,Excursion à Cracovie autour de la Vodka,,85.14,99,2 heures 30 minutes,Anglais,,,general,,
39577,5572,Cracovie : citypass,,41.28,48,,,,,general,,
70584,5572,Visite privée du château et de la cathédrale de Wawel,,144.48,168,2 heures à 3 heures,Français|Anglais,,,solo,,
61155,5572,Cracovie: champ de tir extrême avec prise en charge à l'hôtel,,24.94,29,2 heures 30 minutes,Anglais,,,general,,
67757,5572,Location de scooter électrique à Cracovie pendant 4 heures,,25.80,30,4 heures,Anglais,,,general,,
61171,5572,"ZAKOPANE et SOURCES THERMIQUES, Funiculaire, Dégustation de fromages",,49.02,57,11 heures,Anglais|Écrit,,,general,,
58484,5572,Expérience en soirée aux thermes de Chocholow au départ de Cracovie,,63.64,74,8 heures,Anglais,,,general,,
71483,5572,Visite guidée d'Auschwitz-Birkenau avec transport privé au départ de Cracovie,,93.74,109,7 heures à 8 heures,Français|Anglais|Écrit,,,solo,,
61164,5572,Visite de dégustation de plats à Cracovie avec Delicious Poland,,101.48,118,3 heures,Anglais,,,general,,
58483,5572,Motoneiges et piscines thermales de Cracovie,,102.34,119,11 heures,Anglais|Écrit,,,general,,
73416,5572,Visite de la mine de sel de Wieliczka avec chauffeur privé depuis Cracovie,,161.68,188,4 heures,Français,,,solo,,
52677,5113,Keukenhof : entrée coupe-file au départ d'Amsterdam,,31.82,37,6 heures,,,,general,,
54983,5113,Musée Van Gogh Amsterdam : billet d'entrée avec audioguide,,30.10,44,,,,,general,,
62092,5113,"I amsterdam City Card : Pass 100+ musées, attractions et transports publics",,70.52,98,,,,,general,,
44088,5113,Amsterdam : visite guidée à vélo,,35.26,50,,Français,,,general,,
44332,5113,Musée Moco Amsterdam : billet d'entrée,,19.78,28,,Audio|Français|Anglais,,,general,,
52907,5113,"Depuis Amsterdam : Zaanse Schans, Edam, Volendam et Marken",,27.52,32,6 heures 30 minutes,Anglais,,,general,,
72368,5113,Balade à travers l'histoire fascinante d'Anne Frank,,30.96,36,2 heures,Français,,,general,,
52679,5113,Keukenhof  : billet coupe-file avec croisière au départ d'Amsterdam,,53.32,62,6 heures,,,,couple,,
55412,5113,Musée Madame Tussauds à Amsterdam : billet d'entrée,,16.34,23,,,,,general,,
55418,5113,Musée Upside Down à Amsterdam : billet d'entrée,,25.80,36,,,,,general,,
72291,5113,Amsterdam: visite à vélo avec un guide local français,,34.40,40,2 heures 30 minutes,Français|Audio|Écrit,,,general,,
55694,5113,"Excursion aux moulins de Zaanse Schans, à Marken et à Volendam",,42.14,49,7 heures,Anglais|Audio,,,general,,
74376,5113,Amsterdam : croisière sur les canaux depuis la gare centrale,,14.62,17,1 heure,Audio|Français|Anglais,,,couple,,
72178,5113,Musée Heineken Experience Amsterdam : billet d'entrée,,27.52,39,,Anglais|Audio,,,general,,
44877,5113,City Sightseeing Amsterdam : Visite en bus touristique Hop-on Hop-off,,30.96,44,,Audio|Français|Anglais,,,general,,
49415,5113,Amsterdam : croisière touristique et billet d'entrée à la Heineken Experience,,40.42,58,,Audio|Anglais,,,couple,,
52678,5113,Keukenhof : excursion guidée au départ d'Amsterdam,,78.26,91,8 heures 30 minutes,Anglais,,,general,,
54040,5113,Rijksmuseum : excursion guidée en petit groupe,,84.28,98,2 heures 30 minutes,Anglais,,,groupe,,
71150,5113,Excursion d'une journée à la Parade des Fleurs et à Keukenhof depuis Amsterdam,,133.30,155,10 heures,,,,general,,
55858,5113,Les canaux d'Amsterdam : croisière de 75 minutes,,13.76,16,1 heure 15 minutes,Audio|Français|Anglais,,,couple,,
74352,5113,XtraCold Icebar Amsterdam : billet d'entrée,,20.64,24,1 jour,,,,general,,
74375,5113,Body Worlds Amsterdam : billet d’entrée coupe file,,20.64,24,1 jour,,,,general,,
72149,5113,Musée Stedelijk Amsterdam : billet d'entrée,,23.22,33,,Audio|Anglais,,,general,,
74386,5113,Visite classique en bateau à Amsterdam avec fromage et vin,,31.82,37,1 heure et 30 minutes,,,,general,,
74366,5113,Amsterdam : croisière sur les canaux avec pizza,,31.82,37,1 heure 15 minutes,,,,couple,,
72148,5113,Zoo Royal ARTIS : billet d'entrée,,31.82,44,,,,,general,,
74363,5113,"Amsterdam : visite des moulins, Marken et Volendam",,40.42,47,5 heures 30 minutes,Audio|Français|Anglais,,,general,,
74364,5113,"Au départ d'Amsterdam : Rotterdam, Delft et La Haye",,51.60,60,9 heures,,,,general,,
74365,5113,Visite d'une journée à Giethoorn,,53.32,62,7 heures et 30 minutes,,,,general,,
71147,5113,"Excursion d'une journée à Giethoorn depuis Amsterdam, croisière authentique sur les canaux et visite à pied",,61.06,71,8 heures,,,,couple,,
64230,5113,Excursion d'une journée à Paris à partir d'Amsterdam,,71.38,83,24 heures,,,,general,,
74367,5113,Amsterdam : dîner croisière sur les canaux,,79.98,93,2 heures,,,,couple,,
41800,5113,Rembrandts Experience à Amsterdam : billet d'entrée,,17.20,24,,Audio|Français|Anglais,,,general,,
49356,5113,Ripley's Believe It or Not! Amsterdam : billet d'entrée,,23.22,33,,,,,general,,
54390,5113,Parc d'attraction Madurodam : billet d'entrée,,24.08,34,,,,,general,,
52922,5113,"Depuis Amsterdam : Volendam, Marken, Edam et les moulins à vent",,36.98,43,5 heures 30 minutes,Anglais,,,general,,
54872,5113,Visite guidée privée dans Amsterdam avec un guide local,,234.78,273,3 heures,Français|Anglais,,,solo,,
54054,5113,Visite privée à pied d'Anne Frank et du quartier juif d'Amsterdam,,244.24,284,2 heures,Français|Anglais,,,solo,,
55608,5113,Pass à Amsterdam : Carte de la fête des tulipes,,0,0,15-25 minutes,,,,general,,
54283,5113,Visite privée de Delft et de La Haye au départ d'Amsterdam,,0,0,6 heures,,,,solo,,
73678,5113,Musée de la tulipe : billet d'entrée,,6.88,9,,,,,general,,
72518,5113,Amsterdam : croisière romantique en soirée,,12.90,16,01:00,,,,couple,,
74381,5113,Amsterdam : croisière sur les canaux depuis le Rijksmuseum,,14.62,17,1 heure,,,,couple,,
74378,5113,Amsterdam : croisière sur les canaux au départ de la maison d’Anne Frank,,14.62,17,1 heure,,,,couple,,
74379,5113,Amsterdam : croisière sur les canaux depuis la place Leidse,,14.62,17,1 heure,,,,couple,,
72670,5113,Vieille église d'Amsterdam,,16.34,20,,,,,general,,
72671,5113,La nouvelle église d'Amsterdam,,20.64,25,,,,,general,,
74368,5113,Musée Red Light Secrets et croisière sur le canal,,22.36,26,1 jour,,,,couple,,
74374,5113,Amsterdam : pass 24h en bus Hop on Hop off,,26.66,31,Billets valables jusqu'à 24 heures,,,,general,,
74371,5113,Amsterdam : croisière et entrée à l'Xtracold Icebar,,31.82,37,1 jour,,,,couple,,
74373,5113,Amsterdam : visite en bus à arrêts multiples et croisière,,31.82,37,Billets valables jusqu'à 24 ou 48 heures,,,,couple,,
56485,5113,Forfait Dîner dans le noir Amsterdam 3 plats,,42.14,49,2 heures,,,,general,,
53612,5113,Amsterdam: excursion et croisière avec déjeuner hollandais typique,,67.94,79,8 heures 30 minutes,Anglais,,,couple,,
64252,5113,Parc Efteling depuis Amsterdam : billet d'entrée,,83.42,97,10 heures,,,,general,,
57431,5113,La vraie tournée gastronomique d'Amsterdam avec Adam et Eve,,88.58,103,3 heures,Anglais,,,general,,
57430,5113,Tour culinaire à pied dans le quartier Jordaan à Amsterdam,,102.34,119,3 heures,Anglais,,,general,,
53204,5113,Excursion privée : Visite guidée du musée Van Gogh d'Amsterdam,,149.64,174,2 heures 30 minutes,Français|Anglais,,,solo,,
72516,5113,Amsterdam : croisière semi-privée avec dégustation de Vin,,152.22,185,01:30,,,,couple,,
56478,5113,Visite privée au Keukenhof,,251.12,292,4 heures à 5 heures,Anglais,,,solo,,
56479,5113,Amsterdam : Zaanse Schans Windmills 1/2 journée visite privée,,281.22,327,4 heures,Anglais,,,solo,,
55005,5113,Amsterdam : dîner-croisière privé avec excursion de 2 heures,,356.04,414,2 heures,Anglais,,,couple,,
72517,5113,Amsterdam : visite en bateau-salon privé,,468,468,01:30,,,,solo,,
56471,5113,Excursion privée d'une journée dans la campagne d'Amsterdam,,773.14,899,7 heures,Anglais,,,solo,,
74660,5113,Huis Willet-Holthuysen : billet d'entrée avec audioguide,,15.48,19,,,,,general,,
73682,5113,Défilé floral  : coulisses avec visite de la ferme de tulipes,,0,0,6 heures,,,,general,,
73683,5113,Défilé de fleurs Bollenstreek et jardins de Keukenhof avec déjeuner,,0,0,9 heures,,,,general,,
74662,5113,Museum Ons’ Lieve Heer op Solder : billet d'entrée avec audioguide,,18.92,23,,,,,general,,
71141,5113,Festival des Lumières d'Amsterdam,,26.66,31,1 heure et 30 minutes,,,,general,,
72793,5113,Amsterdam : Bateau du festival des lumières avec option boissons et collations à volonté,,28.38,33,1 heure 15 minutes,,,,general,,
56482,5113,Spectacle Coqtales : spectacle Magic Mike d'Amsterdam,,58.48,68,1 heure 30 minutes,,,,general,,
71872,5113,Visite privée du meilleur du centre d'Amsterdam avec un guide local,,61.06,71,3 heures,Français|Anglais,,,solo,,
71891,5113,Visite privée personnalisée d'Amsterdam: Points forts locaux et pierres précieuses cachées,,64.50,75,2 heures à 6 heures,,,,solo,,
71148,5113,"Depuis Amsterdam : Haarlem, Keukenhof et Flower Para",,85.14,99,7.5 heures,,,,general,,
73681,5113,Défilé de fleurs et visite de la ferme de tulipes,,134.16,156,7 heures,,,,general,,
71775,5113,Visite avec guide officiel à Amsterdam,,187.48,218,2 heures 30 minutes,Français,,,general,,
35161,8067,New York CityPASS,,125.56,146,,,,,general,,
34505,8067,Gospel New York : excursion dimanche matin,,68.80,80,4 heures,,,,general,,
34280,8067,Le Roi Lion à Broadway New York : billet d'entrée au spectacle,,104.92,122,,,,,general,,
34543,8067,Gospel New York : excursion mercredi matin,,68.80,80,3 heures,,,,general,,
34285,8067,Chicago à Broadway New York : billet d'entrée au spectacle,,63.64,74,,,,,general,,
50257,8067,Big Apple New York : vol en hélicoptère de 17 minutes,,219.30,255,17 minutes,,,,general,,
37429,8067,Bushwick et Williamsburg : visite de Brooklyn en français,,50.74,59,3 heures 30 minutes,,,,general,,
40113,8067,Central Park : visite guidée à vélo en français,,48.16,56,2 heures,,,,general,,
37645,8067,Harlem : visite guidée en français,,50.74,59,3 heures 30 minutes,,,,general,,
41088,8067,Top of the Rock New York : billet d'entrée,,36.98,52,,,,,general,,
55774,8067,Empire State Building New York : billet d'entrée express,,81.70,112,,Audio|Français|Anglais,,,general,,
72588,8067,One World Observatory + Mémorial et musée du 11 septembre,,0,0,,,,,general,,
72534,8067,Musée d'Art Moderne (MoMA) : billet d'entrée,,25.80,32,,,,,general,,
55706,8067,Madame Tussauds à New York : billet d'entrée + Attraction Marvel 4D,,33.54,45,,,,,general,,
34278,8067,Disney Aladdin à Broadway New York : billet d'entrée au spectacle,,87.72,102,,,,,general,,
37678,8067,"Soho, Greenwich Village et Meatpacking District : visite en français",,50.74,59,3 heures 30 minutes,,,,general,,
40051,8067,New York Central Park : location de vélo,,15.48,18,,,,,general,,
50261,8067,NYC Empire State building : vol en hélicoptère de 25 minutes,,345.72,402,25 minutes,,,,general,,
37582,8067,Circle Line : croisière Liberty à New York,,27.52,32,1 heure,,,,couple,,
44304,8067,Washington D.C : excursion d'une journée au départ de New York,,143.62,167,13 heures,,,,general,,
50610,8067,New York : tour de 3 heures en limousine,,886.66,1031,3 heures,,,,general,,
48863,8067,Zoo de Central Park à New York : billet d'entrée,,19.78,28,,,,,general,,
37581,8067,Circle Line : Croisière touristique à New York,,42.14,49,2 heures 30 minutes,,,,couple,,
50394,8067,Statue de la Liberté et Ellis Island  : visite audioguidée,,58,58,,Audio|Anglais,,,general,,
53620,8067,Musée de Broadway : billet d'entrée,,40.42,47,,,,,general,,
53465,8067,MJ à Broadway New York : billet d'entrée au spectacle,,58.48,68,,,,,general,,
70433,8067,SUMMIT One Vanderbilt : billet d'entrée,,47.30,64,,,,,general,,
47987,8067,New York C3,,98.04,114,,,,,general,,
49584,8067,Moulin Rouge the Musical à Broadway New York : billet d'entrée,,81.70,95,,,,,general,,
53165,8067,Croisière en bateau de 60 minutes à bord du Lady Liberty,,17.20,20,1 heure,Anglais,,,couple,,
34286,8067,Wicked à Broadway New York : billet d'entrée au spectacle,,100.62,117,,,,,general,,
37873,8067,New York : shootings photo avec un photographe professionnel,,181.46,211,1 heure,,,,general,,
38186,8067,Harlem : visite privée guidée,,363.78,423,3 heures 30 minutes,,,,solo,,
37252,8067,Circle Line : Harbor Lights croisière au crépuscule,,44.72,52,2 heures,,,,couple,,
37643,8067,New York : accueil personnalisé,,190.92,222,1 heure 30 minutes,,,,general,,
38182,8067,Bushwick et Williamsburg : visite privée avec un guide en français,,363.78,423,3 heures 30 minutes,,,,solo,,
38204,8067,"Soho, Greenwich Village et Meatpacking District : visite guidée privée",,363.78,423,3 heures 30 minutes,,,,solo,,
71100,8067,Harlem Hallelujah : la chorale du gospel à New York,,21.50,25,1 heure,,,,general,,
40099,8067,Central Park : Pique-nique avec location de vélo à la journée,,56.76,66,8 heures,,,,general,,
48424,8067,Spectacle Harry Potter et l'Enfant Maudit à Broadway New York,,58.48,68,- La 2ème partie du spectacle n'est pas forcément programmée le même jour que la 1ère partie.,,,,famille,,
37767,8067,East village et food tour : visite guidée en français,,71.38,83,3 heures,,,,general,,
40066,8067,Pont de Brooklyn : location de vélo,,15.48,18,2 heures,,,,general,,
72590,8067,"Musée d'art métropolitain : Entrée + visite (privée, en petit groupe, autoguidée)",,45.58,56,02:00,Français|Anglais,,,groupe,,
70487,8067,The Great Gatsby à Broadway New York : billet d'entrée au spectacle,,53.32,62,Conditions d'annulation,,,,general,,
43709,8067,Philadelphie et pays des Amish : excursion d'une journée depuis NYC,,143.62,167,13 heures,,,,general,,
72877,8067,New York : dîner-croisière avec musique live,,180.60,219,03:00,,,,couple,,
50604,8067,New York : tour de 2 heures en limousine,,724.98,843,2 heures,,,,general,,
73666,8067,Musée Guggenheim : Billet d'entrée,,25.80,32,,,,,general,,
74516,8067,Statue de la Liberté et Ellis Island : Billet d'entrée + ferry aller-retour depuis Manhattan,,30.10,37,,,,,general,,
73673,8067,Musée Américain d'Histoire Naturelle : Billet d'entrée,,31.82,39,,,,,general,,
56046,8067,New York : location de vélo électrique,,35.26,41,,,,,general,,
40106,8067,Central Park : visite guidée à vélo,,38.70,45,2 heures,,,,general,,
74103,8067,Empire State Building : Admission à l'observatoire du 86e étage,,52,52,,,,,general,,
34422,8067,The Book of Mormon à Broadway New York : billet d'entrée au spectacle,,59.34,69,,,,,general,,
72359,8067,Stranger Things: The First Shadow à Broadway New York billet d'entrée au spectacle,,67.08,78,- La pièce se déroule dans l'univers et la mythologie de Stranger Things. Il est conseillé de vérifier que vous êtes à l'aise avec le contenu de la série.,,,,general,,
53461,8067,Hamilton à Broadway New York : billet d'entrée au spectacle,,110.94,129,,,,,general,,
43989,8067,"Journée à Southampton, Sag Harbor et Outlet Shopping au départ de New York",,143.62,167,13 heures,,,,general,,
44138,8067,"Philadelphie, Washington DC, Pays des Amish : visite de 2 jours de NYC",,308.74,359,48 heures,,,,general,,
38209,8067,East village et food tour : visite privée guidée,,368.94,429,3 heures,,,,solo,,
73674,8067,Musée d'Art Américain Whitney : Billet d'entrée,,0,0,,,,,general,,
74128,8067,New York : Croisière jazz au coucher du soleil,,0,0,01:45,,,,couple,,
74130,8067,NYC Grand Central Terminal : Visite guidée officielle,,0,0,01:30,,,,general,,
73656,8067,Viste du Jardin botanique de New York  et le Zoo du Bronx,,0,0,,,,,general,,
73664,8067,Intrepid Museum : Billet d'entrée,,0,0,,,,,general,,
72592,8067,New York City : Location de vélos à Central Park,,6.02,8,"* Vélo Cannondale, casque, cadenas et panier",,,,general,,
74509,8067,Vessel à Hudson Yards : billet d'entrée,,13.76,17,* L'attraction peut fermer en cas de conditions météorologiques extrêmes,,,,general,,
74680,8067,Entrée à la Cathédrale Saint-Jean le Théologien : Visite autonome,,13.76,17,01:00,,,,general,,
74110,8067,Visite audio officielle de la cathédrale Saint-Patrick : Excursion audio,,20.64,25,00:50,,,,general,,
74126,8067,Rockefeller Center : Visite à pied,,24.08,30,01:15,,,,general,,
74676,8067,Musée des illusions New York : Billet d'entrée,,24.94,31,,,,,general,,
37583,8067,Circle Line : Croisière à bord The Beast à New York,,27.52,32,30 minutes,,,,couple,,
72591,8067,"NYC : Holiday Walking Tour 5th Ave, Rockefeller Tree & Xmas Village",,26.66,33,01:30,,,,general,,
72827,8067,"New York City : Tour des toits, des bars et de la musique live à New York",,28.38,35,03:00,,,,general,,
73658,8067,Jardin botanique de New York : Carte d'accès à tous les jardins,,30.10,37,,,,,general,,
72587,8067,Le Mémorial et Musée national du 11 septembre : Billet d'entrée,,31.82,39,,,,,general,,
40805,8067,Circle Line : croisière Landmarks,,36.12,42,1 heure 30 minutes,,,,couple,,
73653,8067,Edge NYC : Admission générale,,36.12,44,* Accessible aux personnes à mobilité réduite,,,,general,,
72589,8067,New York : Visite à pied de Broadway et Times Square,,36.98,45,01:45,,,,general,,
73672,8067,Musée Spyscape : billet d'entrée,,36.98,45,,,,,general,,
74686,8067,One Times Square : billet d'entrée i Candy NYC,,36.98,45,,,,,general,,
74687,8067,New York : billet d'entrée à Color Factory NYC,,37.84,46,01:30,,,,general,,
74675,8067,Zoo du Bronx : Billet d'entrée,,37.84,46,,,,,general,,
72502,8067,New York : Visite à pied des sites de télévision et de cinéma de Central Park,,38.70,47,02:00,Anglais|Audio,,,general,,
73660,8067,Visite guidée du Radio City Music Hall,,38.70,47,01:00,,,,general,,
74123,8067,Tournée au Madison Square Garden,,42.14,51,01:00,,,,general,,
72829,8067,New York City : Visite guidée en bus de nuit,,43.86,54,03:00,,,,general,,
74127,8067,Visite de luxe des lumières de Noël de Dyker Heights et chocolat chaud,,43.86,54,03:30,,,,general,,
74677,8067,Billet d'entrée : museum of Ice Cream à New York,,44.72,55,,,,,general,,
40130,8067,Pont de Brooklyn : tour en vélo,,47.30,55,2 heures,,,,general,,
72825,8067,Woodbury Common Premium Outlets : Tour de shopping depuis Manhattan,,46.44,57,,,,,general,,
72831,8067,New York – Visite en bus Hop-On Hop-Off,,47.30,58,,,,,general,,
71115,8067,Statue de la Liberté et Ellis Island : visite guidée,,58,58,Ce prix n'inclut pas,Anglais|Audio,,,general,,
71999,8067,New york : visite guidée à pieds de Midtown,,50.74,59,3 heures 30 minutes,,,,general,,
73665,8067,Laboratoires Mercer : Billet d'entrée,,48.16,59,02:00,,,,general,,
72585,8067,Central Park New York : Visite à pied,,49.88,61,02:00,,,,general,,
48421,8067,Hadestown à Broadway New York : billet d'entrée au spectacle,,54.18,63,,,,,general,,
72828,8067,"Wall Street New York : Visite guidée, trajet en ferry jusqu'à Ellis Island + guide audio",,51.60,63,05:00,,,,general,,
74710,8067,"New York : Statue de la Liberté, Ellis Island et visite guidée du mémorial du 11-Septembre",,55.04,64,5 heures,,,,general,,
40135,8067,New York City : tour en vélo,,66.22,77,3 heures 30 minutes,,,,general,,
72586,8067,Visite de Central Park en scooter,,69.66,85,02:00,,,,general,,
72504,8067,New York : visite des hauts lieux de Sex and The City,,70.52,86,03:00,Anglais,,,general,,
74115,8067,Edge NYC et Vessel à Hudson Yards : Admission flexible,,73.96,90,"* Les vélos, scooters et planches à roulettes sont interdits.",,,,general,,
72506,8067,New York : visite guidée des sites des Sopranos,,79.98,97,04:00,Anglais,,,general,,
74109,8067,New York : 1 jour de bus Hop-on Hop-off + Empire State Building,,83.42,101,,,,,general,,
74678,8067,New York : Spa italien de luxe,,116.10,141,,,,,general,,
44106,8067,"Excursion d'une journée à Boston, Cambridge et Harvard",,143.62,167,13 heures,,,,general,,
55900,8067,Empire State Building au lever du soleil  : billet d'entrée,,124.70,167,,Audio|Français|Anglais,,,general,,
53286,8842,Séville : visite guidée de l'Alcazar et de la Cathédrale,,56.76,66,3 heures,,,,general,,
54685,8842,Alcazar royal de Séville : billet d'entrée,,22.36,32,,,,,general,,
53298,8842,Séville : visite guidée de l'Alcazar avec entrée coupe file,,33.54,39,1 heure 15 minutes,,,,general,,
36974,8842,Séville : tour en bus à arrêts multiples - Pass 24 heures,,25.80,30,,Audio|Français|Anglais,,,general,,
54686,8842,Cathédrale de Séville & Giralda : billet coupe-file,,18.92,27,,,,,general,,
55225,8842,Guadalquivir : croisière sur la rivière,,19.78,23,1 heure,Audio|Français|Anglais,,,couple,,
55239,8842,Excursion d'une journée à Cordoue et à la Mosquée depuis Séville,,88.58,103,10 heures,,,,general,,
53289,8842,Séville : visite guidée de la Cathédrale avec entrée coupe file,,34.40,40,1 heure,,,,general,,
55240,8842,Villages blancs et Ronda : visite d'une journée depuis Seville,,71.38,83,10 heures,Français|Anglais,,,general,,
72334,8842,Billet d'entrée pour la Cathédrale de Séville & La Giralda avec audioguide,,24.94,31,01:15,Audio|Français|Anglais,,,general,,
55243,8842,Grenade et l'Alhambra : excursion d'une journée au départ de Séville,,151.36,176,13 heures,Français|Anglais,,,general,,
53300,8842,"Seville, art et tradition: Salvador, Maison Pilatos et Metropol",,37.84,44,2 heures 30 minutes,,,,general,,
73411,8842,Théâtre Flamenco de Séville : Spectacle de flamenco,,29.24,36,01:00,,,,general,,
74650,8842,"Séville : soirée flamenco avec spectacle, boisson ou tapas",,32.68,40,1h30,,,,general,,
72340,8842,Alcázar de Séville : billet avec accès rapide et application d'audioguide,,27.52,35,1h15,Audio|Français|Anglais,,,general,,
67174,8842,Cathédrale de Séville et Giralda : visite guidée en français,,25.80,36,,Français|Anglais,,,general,,
55242,8842,Jerez et Cadix : excursion d'une journée au départ de Séville,,94.60,110,10 heures,,,,general,,
55329,8842,Visitez les ruines romaines d'Italica depuis Séville,,37.84,44,4 heures,Anglais,,,general,,
55324,8842,Excursion d'une demie journée à Carmona au départ de Séville,,43.86,51,4 heures,Français|Anglais,,,general,,
55137,8842,Visite à pied de Triana avec spectacle Flamenco,,71.38,83,4 heures,Français|Anglais,,,general,,
55306,8842,Caminito del Rey : randonnée au départ de Seville,,88.58,103,10 heures,Français|Anglais,,,general,,
73469,8842,Pass Andalousie,,0,0,,,,,general,,
55670,8842,Séville : guide audio de la ville pour votre smartphone,,8.60,12,,Audio|Anglais,,,general,,
55311,8842,Musée des Beaux-Arts de Séville : visite guidée,,16.34,19,1 heure 30 minutes,Anglais,,,general,,
74156,8842,Aquarium de Séville : Billet d'entrée,,18.06,22,,,,,general,,
73412,8842,Théâtre Triana à Séville : Spectacle de flamenco,,24.94,31,01:00,,,,general,,
74165,8842,Isla Mágica & Agua Mágica : Billet combiné,,36.98,45,,,,,general,,
71751,8842,"Séville : visite guidée d'Alcazar, Cathédrale et Giralda",,49.02,61,2 heures 30 minutes,,,,general,,
71575,8842,Cathédrale et Giralda : visite guidée en français,,31.82,37,1h30,Français|Audio,,,general,,
55234,8842,Séville : Tour à vélo des points forts de la ville,,31.82,37,2 heures 30 minutes,Anglais|Audio,,,general,,
72442,8842,Cathédrale de Séville et La Giralda : visite guidée,,31.82,39,01:00,Français,,,general,,
54228,8842,Séville : Apprendre le Flamenco en 90 minutes,,39.56,46,1 heure 30 minutes,Français|Anglais,,,general,,
55333,8842,Excursion viticole d'une demi-journée au départ de Séville,,85.14,99,4 heures,Anglais,,,general,,
72474,8842,Cathédrale de Séville : visite guidée des toits,,0,0,01:30,,,,general,,
74164,8842,Isla Mágica Séville : Billet d'entrée,,0,0,,,,,general,,
64065,8842,Escape Game en Plein Air à Séville : L'Héritage,,6.88,8,1 heure 20 minutes,Écrit|Anglais,,,general,,
74017,8842,Jeu d'exploration de Séville et visite de la ville sur votre téléphone,,7.74,9,2 heures à 3 heures,,,,general,,
71574,8842,Visite de Séville à vélo,,8.60,10,,,,,general,,
55316,8842,Séville enchantée : visite à pied du centre historique de la ville,,13.76,16,2 heures,Anglais,,,general,,
55223,8842,Visite guidée des ruines romaines d'Italica,,14.62,17,1 heure 30 minutes,Français|Anglais,,,general,,
71538,8842,Croisière sur un yacht exclusif sur le fleuve Guadalquivir,,14.62,17,1 heure à 1 heure 30 minutes,Français|Anglais,,,couple,,
74011,8842,Visite à pied des attractions incontournables de Séville avec un guide,,18.06,21,2 heures,,,,general,,
74012,8842,Visite à pied du quartier juif de Séville et de Santa Cruz avec un guide,,21,21,2 heures,,,,general,,
74163,8842,Agua Mágica : Billet d'entrée,,22.36,28,,,,,general,,
55312,8842,Visite guidée de la cathédrale de Séville et de la Giralda,,31.82,37,1 heure 30 minutes,Anglais,,,general,,
74648,8842,Séville : visite guidée à vélo,,32.68,40,2h30,,,,general,,
55313,8842,Visite guidée de l'Alcazar royal de Séville,,35.26,41,1 heure 30 minutes,Anglais,,,general,,
55314,8842,Route 4×4 à travers le nord de Doñana depuis El Rocio,,35.26,41,4 heures,Anglais,,,general,,
55229,8842,Guadalquivir : Promenade en kayak,,35.26,41,2 heures,Anglais,,,general,,
71576,8842,Séville : visite guidée de 3 heures,,36.12,42,3h,Anglais,,,general,,
55318,8842,Tour du cochon ibérique dans la Sierra au départ de Huelva,,43.86,51,2 heures 30 minutes,Anglais,,,general,,
72473,8842,"Alcazar royal, Cathédrale et Giralda : visite guidée",,48.16,59,03:15,Français|Anglais,,,general,,
55238,8842,Alcazar et cathédrale de Séville : visite avec billet coupe-file,,58.48,68,3 heures 30 minutes,Anglais,,,general,,
55222,8842,Excursion dans le quartier de Triana avec dégustation des tapas,,61.92,72,3 heures,Français|Anglais,,,general,,
74651,8842,Séville : villages blancs et Ronda avec dégustation d'huile d'olive,,75.68,92,10 heures,,,,general,,
74160,8842,Ronda et les Villages Blancs d’Andalousie : excursion guidée depuis Séville,,79.98,93,10 heures,,,,general,,
55335,8842,Visite du moulin à huile d'olive à Séville,,79.98,93,4 heures,Français|Anglais,,,general,,
55320,8842,Excursion au parc national de Doñana au départ de Séville,,84.28,98,10 heures,Français|Anglais,,,general,,
55321,8842,Excursion d'une journée à Aracena et Riotinto au départ de Séville,,85.14,99,10 heures,Français|Anglais,,,general,,
55334,8842,Ferme d'élevage de taureaux : visite guidée d'une demi-journée,,85.14,99,4 heures,Français|Anglais,,,general,,
74010,8842,Balade panoramique à Séville,,88.58,103,2 heures,,,,general,,
71798,8842,"Visite de Cordoue, des Villages Blancs et de Ronda depuis Séville",,91.16,106,13h,Anglais,,,general,,
71641,8842,Excursion à l’Alcázar et sur les toits,,97.18,113,2 heures 30 minutes,Français|Anglais,,,general,,
74693,8842,Séville : excursion au Caminito del Rey,,95.46,116,10 heures,,,,general,,
55328,8842,Excursion d'une journée à Gibraltar au départ de Séville,,116.10,135,10 heures,Français|Anglais,,,general,,
74089,8842,Visite guidée privée du véritable Alcazar de Séville,,126.42,147,1 heure 30 minutes,,,,solo,,
55859,8842,Alhambra : visite d'une demi-journée au départ de Séville,,143.62,167,12 heures,Anglais,,,general,,
71935,8842,"Visite gastronomique de Seville : tapas, vin et toits",,168.56,196,3h30,Anglais,,,general,,
71886,8842,"Séville : visite de la vieille ville, musée du Flamenco et croisière sur le Guadalquivir",,178.02,207,4h30,Anglais,,,couple,,
71881,8842,"Séville : visite à pied, dégustation de tapas et spectacle de flamenco",,184.90,215,3 heures 30 minutes,Anglais,,,general,,
55325,8842,Excursion d'une journée à Tanger au départ de Seville,,196.08,228,15 heures,Français|Anglais,,,general,,
13537,8842,Séville : tour pédestre privé des monuments,,213.28,248,3 heures à 4 heures,Français|Anglais,,,solo,,
71412,8842,Séville : excursion d'une journée au départ de Madrid,,223.60,260,12h,Anglais,,,general,,
71936,8842,Excursion d'une journée de Séville à Cordoue avec Mezquita-Cath,,268.32,312,10h,Anglais,,,general,,
74166,8842,"Excursion privée d'une journée à Cordoue, au départ de Séville",,491.06,571,10 heures,,,,solo,,
38025,1366,Alhambra et les jardins du Generalife : entrée coupe file à 9h00,,36.98,43,3 heures,Audio|Français|Anglais,,,general,,
38050,1366,Alhambra : visite d'une demi-journée avec guide en français,,53.32,62,3 heures,,,,general,,
66880,1366,Alhambra et les jardins du Generalife : entrée coupe file à 10h00,,36.98,43,3 heures,Audio|Français|Anglais,,,general,,
51746,1366,Alhambra : visite privée d'une demi-journée sans pickup,,389.58,453,3 heures,,,,solo,,
60919,1366,Alhambra et les jardins du Generalife : entrée coupe file à 14h,,36.98,43,3 heures,Audio|Français|Anglais,,,general,,
56682,1366,Grenade : visite de la ville en train à arrêts multiples,,6.88,8,1 ou 2 jours,,,,general,,
48071,1366,Grenade : balade aux quartiers de l'Albaicin et Sacromonte,,15.48,18,2 heures 30 minutes,Français|Anglais,,,general,,
74653,1366,Grenade : spectacle de flamenco à la Cueva Venta del Gallo,,31.82,39,1 heure,,,,general,,
56844,1366,Excursion privée avec un local : Points forts de Grenade,,202.96,236,6 heures,Français|Anglais,,,solo,,
72450,1366,Alhambra et Palais Nasrides : billet coupe-file,,29.24,36,,,,,general,,
70001,1366,Alhambra et les jardins du Generalife : entrée coupe file à 11h00,,36.98,43,3 heures,Audio|Français|Anglais,,,general,,
53926,1366,Visite privée de l'Albaicin et du Sacromonte,,93.74,109,2 heures à 3 heures,Français|Anglais,,,solo,,
74207,1366,Forteresse de La Mota : Billet avec accès rapide,,8.60,11,01:30,,,,general,,
74212,1366,Grottes de Nerja : Billet d'entrée,,17.20,21,,,,,general,,
52069,1366,Grenade : visite panoramique en segway,,33.54,39,1 heure,Français|Anglais,,,general,,
52071,1366,Grenade : excursion en vélo électrique en petit groupe,,46.44,54,2 heures,Français|Anglais,,,groupe,,
38020,1366,Alhambra : visite d'une demi-journée à 10h00 avec pickup,,65.36,76,3 heures,Anglais,,,general,,
52622,1366,Spectacle de flamenco dans un restaurant-grotte à Grenade,,30.10,35,1 heure,,,,general,,
55860,1366,Alhambra : visite guidée des jardins du Generalife et de l'Alcazaba,,49.02,57,1 heure 30 minutes,Anglais,,,general,,
72458,1366,Alhambra : visite audioguidée avec billet accès rapide,,29.24,36,03:30,Audio|Français|Anglais,,,general,,
52075,1366,Sacromonte et Albaicin : visite monumentale en Segway,,46.44,54,2 heures,Français|Anglais,,,general,,
55793,1366,Visite guidée de l'Alhambra avec un dîner spectacle Flamenco,,147.92,172,5 heures,,,,general,,
72879,1366,Alhambra & Palais Nasrides : Billet coupe-file + Visite guidée en petit groupe,,0,0,03:00,,,,groupe,,
74652,1366,Grenade : train touristique Hop-on Hop-off,,6.88,9,24h / 48h,,,,general,,
52059,1366,Excursion gastronomique à pieds : dégustation des tapas,,23.22,27,1 heure 30 minutes,Anglais,,,general,,
66881,1366,Alhambra et les jardins du Generalife : entrée coupe file à 13h00,,36.98,43,3 heures,Audio|Français|Anglais,,,general,,
70012,1366,Alhambra et les jardins du Generalife : entrée coupe file à 12h00,,36.98,43,3 heures,Audio|Français|Anglais,,,general,,
70013,1366,Alhambra et les jardins du Generalife : entrée coupe file à 15h00,,36.98,43,3 heures,Audio|Français|Anglais,,,general,,
70015,1366,Alhambra et les jardins du Generalife : entrée coupe file à 16h00,,36.98,43,3 heures,Audio|Français|Anglais,,,general,,
70025,1366,Alhambra et les jardins du Generalife : entrée coupe file à 17h00,,36.98,43,3 heures,Audio|Français|Anglais,,,general,,
69998,1366,Alhambra et les jardins du Generalife : entrée coupe file à 08h30,,36.98,43,3 heures,Audio|Français|Anglais,,,general,,
55319,1366,Visite guidée de l'Alhambra et du Palais Nasride depuis Grenade,,49.02,57,3 heures 30 minutes,Anglais,,,general,,
69997,1366,Visite le matin des Jardins de l'Alhambra : Généralife et Alcazaba,,49.02,57,1 heure 30 minutes,Anglais,,,general,,
62328,1366,Visite guidée de l'Alhambra le matin (entrée à 10h00),,54.18,63,3 heures,Anglais,,,general,,
69956,1366,Visite guidée de l'Alhambra le matin (entrée à 12h00),,54.18,63,3 heures,Anglais,,,general,,
69966,1366,Visite guidée de l'Alhambra l'après-midi (entrée à 16h00),,54.18,63,3 heures,Anglais,,,general,,
56842,1366,Excursion en catamaran et plongée en apnée à Playa Granada,,59.34,69,1 heure,Anglais,,,general,,
74202,1366,Excursion d'une journée sur la côte tropicale avec les grottes de Nerja au départ de Grenade sans déjeuner,,62.78,73,10 heures,,,,general,,
59671,1366,Via Ferrata à Moclín depuis Grenade,,63.64,74,3 heures,Anglais,,,general,,
74208,1366,Excursion d'une journée dans les Alpujarras au départ de Grenade,,63.64,74,10 heures,,,,general,,
70030,1366,Alhambra : visite d'une demi-journée à 14h00 avec pickup,,65.36,76,3 heures,Français|Anglais,,,general,,
70031,1366,Alhambra : visite d'une demi-journée à 12h00 avec pickup,,65.36,76,3 heures,Anglais,,,general,,
74201,1366,Côte tropicale et Caves de Nerja – Excursion journée depuis Grenade avec déjeuner,,80.84,94,10 heures,,,,general,,
69359,1366,Alhambra : visite guidée en petit groupe,,85.14,99,3 heures,Anglais,,,groupe,,
69360,1366,Alhambra : visite guidée en petit groupe à 16h00,,85.14,99,3 heures,Anglais,,,groupe,,
69361,1366,Alhambra : visite guidée en petit groupe à 12h00,,85.14,99,3 heures,Anglais,,,groupe,,
69362,1366,Alhambra : visite guidée en petit groupe à 14h00,,85.14,99,3 heures,Anglais,,,groupe,,
56832,1366,Raquettes à neige dans le parc de la Sierra Nevada Granada,,94.60,110,4 heures,Anglais,,,general,,
55842,1366,Visite guidée de l'Alhambra avec un spectacle Flamenco,,96.32,112,5 heures,Anglais,,,general,,
40348,1366,Alhambra et Hammams : excursion d'une demi-journée avec pick up,,140.18,163,4 heures,Anglais,,,general,,
32622,7502,Las Vegas : mariage Elvis à la chapelle de Graceland,,286.38,333,2 heures,,,,general,,
26249,7502,Grand Canyon : tour en hélicoptère avec entrée au Skywalk,,0,0,12 heures,Anglais,,,general,,
26190,7502,Skywalk : billet d'entrée avec excursion au plateau ouest,,177.16,206,12 heures,,,,general,,
52278,7502,Michael Jackson ONE par le Cirque du soleil : billet d'entrée,,113.52,132,1 heure 30 minutes,,,,general,,
12141,7502,Vol de nuit en hélicoptère à Las Vegas,,86.86,101,1 heure à 2 heures,Anglais,,,general,,
53758,7502,« O™ » par le Cirque du soleil au Casino-Hôtel Bellagio,,154.80,180,1 heure 30 minutes,,,,general,,
44901,7502,Vol en hélicoptère au-dessus du Grand Canyon depuis Tusayan,,315.62,367,45 minutes,Anglais,,,general,,
66729,7502,"Camping 3 jours : Bryce Canyon, Monument Valley et Grand Canyon",,739.60,860,72 heures,Anglais|Audio,,,general,,
52279,7502,Terrasse panoramique de la tour du Stratosphere : ticket d'entrée,,25.80,30,4 heures,,,,general,,
47101,7502,Blue Man Group au Luxor Hotel : billet d’entrée au spectacle,,69.66,81,1 heure 30 minutes,,,,general,,
55847,7502,Visite privée de la ville fantôme de Nelson avec séance photo,,100,100,5 heures,Anglais,,,solo,,
55149,7502,Excursion d'une journée à Los Angeles au départ de Las Vegas,,246.82,287,14 heures,Anglais,,,general,,
50840,7502,Las Vegas : visite partagée du Strip,,50.74,59,3 heures 30 minutes,,,,general,,
52267,7502,Grand Canyon : visite de la rive sud avec tour en hélicoptère,,386.14,449,14 heures,,,,general,,
26250,7502,Barrage Hoover de Las Vegas : visite d'une demi journée,,75.68,88,4 heures 30 minutes,Anglais,,,general,,
39324,7502,Survol de nuit du Strip de Las Vegas en hélicoptère avec transport,,86.86,101,10 minutes,Audio|Anglais,,,general,,
25967,7502,Grand Canyon : excursion plateau sud avec entrée au théâtre IMAX,,118.68,138,14 heures,Anglais,,,general,,
55182,7502,Tour en hélicoptère du Grand Canyon au départ de Las Vegas,,485.04,564,7 heures,Anglais|Audio,,,general,,
55104,7502,Survol en hélicoptère sur le plateau ouest du Grand Canyon,,482.46,561,4 heures,Audio|Anglais,,,general,,
13307,7502,Mike Hammer Comedy Magic Show : billet d'entrée au spectacle de magie,,33.54,39,1 heure 10 minutes,Anglais,,,general,,
50847,7502,Las Vegas : visite partagée du old Vegas et son Street Art,,50.74,59,3 heures 30 minutes,,,,general,,
74231,7502,Excursion au Grand Canyon West Rim avec arrêt Hoover Dam depuis Las Vegas,,114.38,133,12 heures,,,,general,,
74230,7502,Excursion au Grand Canyon South Rim depuis Las Vegas et visite guidée,,116.10,135,14 heures,,,,general,,
56162,7502,"Grand Canyon, barrage Hoover, visite VIP des 7 montagnes magiques",,166.84,194,12 heures à 13 heures,Anglais,,,general,,
50849,7502,Las Vegas : accueil personnalisé,,190.92,222,1 heure 30 minutes,,,,general,,
50848,7502,Las Vegas : visite privée du old Vegas et son Street Art,,363.78,423,3 heures 30 minutes,,,,solo,,
50841,7502,Las Vegas : visite privée du Strip,,363.78,423,3 heures 30 minutes,,,,solo,,
54018,7502,Strip de Las Vegas en limousine avec photographe personnel,,517.72,602,1 heure 30 minutes à 2 heures,Anglais,,,general,,
40626,7502,Grand Canyon : excursion de luxe en hélicoptère sur le plateau ouest,,438.60,510,3 heures,Anglais,,,general,,
25407,7502,Grand Canyon : excursion d'une journée au plateau ouest,,0,0,12 heures,Anglais,,,general,,
52284,7502,Le Big Apple Coaster au New York New York Hotel : billet d'entrée,,18.92,22,1 heure,,,,general,,
52289,7502,Las Vegas : Le High Roller du LINQ,,20.64,24,30 minutes,,,,general,,
44907,7502,Comedy Pet Theater de Gregory Popovich : ticket d'entrée,,29.24,34,1 heure 10 minutes,,,,general,,
21831,7502,Fremont Street à Las Vegas : visite à pied,,32.68,38,2 heures,Anglais,,,general,,
52281,7502,Titanic : The Artifact Exhibition au Luxor Hotel et Casino,,33.54,39,2 heures,,,,general,,
47100,7502,Tournament of Kings : dîner-spectacle à l'Excalibur Hotel and Casino,,71.38,83,1 heure 30 minutes,,,,general,,
56481,7502,Rouge - Le spectacle le plus sexy de Vegas au STRAT Hotel and Casino,,73.96,86,1 heure 10 minutes,,,,general,,
65023,7502,"Excursion d'une journée au Grand Canyon, Skywalk et au barrage Hoover avec déjeuner au départ de Las Vegas",,83.42,96,10 heures à 11 heures,Anglais,,,general,,
52287,7502,Las Vegas : excursion en kayak dans la grotte d'émeraude,,87.72,102,5 heures à 6 heures,Anglais,,,general,,
49333,7502,Désert de Mojave : aventure en RZR tout-terrain au départ de Las Vegas,,101.48,118,4 heures,Anglais,,,general,,
54032,7502,Vol en hélicoptère au Grand Canyon et atterrissage au vallée de feu,,516.86,601,4 heures,Audio|Anglais,,,general,,
72673,7502,High Roller : Billet d'une demi-heure de bonheur,,0,0,00:30,,,,general,,
74235,7502,High Roller : Billet d'entrée,,0,0,00:30,,,,general,,
74199,7502,"Musée d'Histoire Naturelle, Las Vegas : Billet d'entrée",,11.18,14,,,,,general,,
52283,7502,Musée du monstre de Tom Devlin : billet coupe-file,,18.06,21,45 minutes à 1 heure 30 minutes,,,,general,,
72674,7502,Mob Museum : Billet d'entrée,,31.82,39,,,,,general,,
56167,7502,Las Vegas iCard City Hopper : Boutique VIP et dîner 4Less,,35.26,41,2160 heures,,,,general,,
72672,7502,Fly LINQ Zipline Las Vegas : Ticket d'entrée,,34.40,42,,,,,general,,
71006,7502,Las Vegas : tour en bus à arrêt multiple,,43.86,51,Horaires d'ouverture : 10h – 16h30,,,,general,,
55155,7502,Visite à pieds du Arts District & Brewery Row Las Vegas,,68.80,80,2 heures,Anglais,,,general,,
56467,7502,Excursion en kayak Emerald Cave Express au départ de Las Vegas,,98.04,114,3 heures,Anglais,,,general,,
55759,7502,Criss Angel MINDFREAK à Las Vegas,,106.64,124,1 heure 15 minutes,Anglais,,,general,,
56547,7502,Visite gastronomique du quartier des arts,,108.36,126,3 heures,Anglais,,,general,,
56476,7502,Visite nocturne de Las Vegas en jeep à ciel ouvert,,113.52,132,3 heures,Anglais,,,general,,
56474,7502,Red Rock Canyon avec Rocky Gap 4x4 Jeep Adventure,,135.02,157,4 heures,Anglais,,,general,,
56534,7502,Excursion en bus dans le parc national du Grand Canyon,,147.06,171,15 heures à 16 heures,Anglais,,,general,,
52691,7502,Excursion d'une journée à Lower Antelope Canyon au départ de Las Vegas,,202.96,236,15 heures 30 minutes,Anglais,,,general,,
56219,7502,Excursion d'une journée complète à Hollywood au départ de Las Vegas,,247.68,288,14 heures,Anglais,,,general,,
74407,7502,Visite de Grand Canyon en hélicoptère et Western Ranch Adventure Landing,,515.14,599,5 heures 30 minutes,,,,general,,
64953,7502,Visite privée de l'Antelope Canyon X et Horseshoe Bend,,3605.98,4193,14 heures,Anglais|Audio,,,solo,,
73499,203298,Safari dans le parc national Kruger et Game Drive.,,106.64,124,8 heures,,,,general,,
73491,203298,"Excursion d‘une journée complète à Blyde River Canyon au départ de Nelspruit,",,133,133,8 heures,,,,general,,
73493,203298,Tour du Swaziland,,138.46,161,11 heures,,,,general,,
73496,203298,Visite guidée panoramique et du Blyde River Canyon au départ de Nelspruit,,138.46,161,10 heures,,,,general,,
73497,203298,Excursion d'une journée en Eswatini au départ de Mbombela (Min. 2 pax),,234.78,273,10 heures,,,,general,,
73498,203298,Excursion d'une journée à Maputo au départ de Mbombela,,264.88,308,6 heures à 10 heures,,,,general,,
73495,203298,Circuit de deux jours et une nuit: de la rivière Blyde au parc national Kruger,,396,396,48 heures,,,,general,,
73492,203298,Tour du léopard nocturne du parc national Kruger de Nelspruit,,442.04,514,48 heures,,,,general,,
72496,203298,Safari Kruger : excursion de 2 jours au départ de Nelspruit,,618.34,719,48 heures,Anglais|Écrit,,,general,,
73501,203298,2 Nuits nocturnes à l'éléphant de Nelspruit,,750,750,72 heures,,,,general,,
73502,203298,Safaris Kruger de 2 jours et 1 nuit au départ de la ville de Maputo,,756.80,880,48 heures,,,,general,,
72497,203298,Safari Kruger : excursion de 3 jours au départ de Nelspruit,,765.40,890,72 heures,Anglais|Écrit,,,general,,
72498,203298,Kruger Park Safari : excursion privée de 3 jours au départ de l'aéroport de,,1721,1721,72 heures,Anglais,,,solo,,
73494,203298,Safari immersif de 5 jours dans le parc national Kruger,,1535.96,1786,120 heures,,,,general,,
39251,2222,Paris : croisière dîner sur la Seine à 20h30 à bord des Bateaux Parisiens,,106.64,124,2 heures 30 minutes,,,,couple,,
39247,2222,Paris : croisière promenade sur la Seine à bord des Bateaux Parisiens,,16.34,19,1 heure,,,,couple,,
39249,2222,Paris : croisière déjeuner sur la Seine à 12h45 à bord des Bateaux Parisiens,,73.10,85,2 heures,,,,couple,,
40358,2222,Billet coupe-file à la Tour Eiffel au 2ème étage avec application mobile,,71.38,83,2 heures,Audio|Français|Anglais,,,general,,
26557,2222,Paris et la Tour Eiffel (2ème étage) : visite avec croisière,,88.58,103,5 heures,Audio|Français|Anglais,,,couple,,
50526,2222,Moulin Rouge : spectacle Revue Féerie,,133.30,155,- Le Moulin Rouge est un établissement non-fumeur.,,,,general,,
42452,2222,Tour Eiffel : accès réservé au 3ème étage et croisière sur la Seine,,106.64,124,3 heures,Audio|Français|Anglais,,,couple,,
50528,2222,Moulin Rouge : dîner Toulouse-Lautrec avec spectacle Revue,,246.82,287,- Le Moulin Rouge est un établissement non-fumeur.,,,,general,,
42451,2222,La Tour Eiffel : accès prioritaire et croisière sur la Seine,,79.98,93,3 heures,,,,couple,,
26727,2222,Château de Versailles : visite avec audioguide,,74.82,87,6 heures,Audio|Français|Anglais,,,general,,
26236,2222,Château Versailles : visite audioguidée d'une journée avec transport,,80.84,94,9 heures,Audio|Français|Anglais,,,general,,
50213,2222,Moulin Rouge : dîner Belle Époque avec spectacle Revue,,280.36,326,- Le Moulin Rouge est un établissement non-fumeur.,,,,general,,
25504,2222,Musée du Louvre Paris : visite guidée,,78.26,91,2 heures,Anglais,,,general,,
74050,2222,Vedettes de Paris : croisière guidée,,18.06,22,1 heure,,,,couple,,
26373,2222,Paris : tour audioguidé en bus avec croisière sur la Seine,,36.12,42,2 heures 30 minutes,Audio|Français|Anglais,,,couple,,
39348,2222,Paradis Latin : spectacle et champagne,,91.16,106,2 heures 30 minutes,,,,general,,
26810,2222,Dîner Croisière en début de Soirée,,100,100,1 heure 15 minutes,,,,couple,,
39440,2222,Crazy Horse : billet d'entrée au spectacle avec champagne,,135.88,158,,,,,general,,
55693,2222,Visite de l'Arc de Triomphe à Paris : billet d'entrée + Accès au toit,,18.92,27,,,,,general,,
26375,2222,Paris : tour de ville et accès au 2ème étage de la Tour Eiffel,,79.98,93,3 heures,,,,general,,
54664,2222,Cité des Sciences et de l'Industrie à Paris : billet d'entrée,,14.62,21,,Français|Anglais,,,general,,
72013,2222,"Notre-Dame : entrée, visite du quartier et croisière",,35.26,41,3 heures,Français|Anglais,,,couple,,
55796,2222,Disneyland Paris : billet d'entrée d'un jour,,98.04,132,,,,,general,,
51734,2222,Musée de cire de Grévin à Paris : billet d'entrée,,29.24,41,,,,,general,,
53270,2222,Billet coupe-file au 3eme étage de la Tour Eiffel avec audio-guide,,88.58,103,2 heures,Audio|Français|Anglais,,,general,,
32465,2222,Mont Saint-Michel : excursion d'une journée au départ de Paris,,93.74,109,14 heures,Audio|Français|Anglais,,,general,,
55674,2222,Bateaux Mouches à Paris : visite audioguidée,,15.48,22,,,,,general,,
26725,2222,Château de Versailles et ses jardins : visite guidée de l'après midi,,61.92,72,6 heures,,,,general,,
26673,2222,Versailles : visite guidée d'une demi-journée avec accès prioritaire,,70.52,82,6 heures,Anglais,,,general,,
44845,2222,Parc Astérix à Plailly : billet d'entrée,,69.66,94,,,,,general,,
26743,2222,"Paris : déjeuner croisière romantique, champagne, table en baie vitrée",,87.72,102,1 heure 30 minutes,,,,couple,,
39449,2222,Crazy Horse : billet d'entrée au spectacle sans boisson,,116.10,135,,,,,general,,
39252,2222,Paris : croisière avec dîner sur la Seine à 18h15 à bord des Bateaux Parisiens,,96.32,112,1 heure 15 minutes,,,,couple,,
39341,2222,Paradis Latin : dîner spectacle,,164.26,191,3 heures 30 minutes,,,,general,,
25189,2222,Paris : tour de la ville en bus à toit ouvrant,,26.66,31,1 heure 30 minutes,Audio|Français|Anglais,,,general,,
26744,2222,Paris : déjeuner croisière sur la Seine sans boissons,,67.94,79,1 heure 30 minutes,,,,couple,,
25719,2222,Paris : visite nocturne avec spectacle du Moulin Rouge,,200,200,4 heures 30 minutes,Audio|Français|Anglais,,,general,,
26374,2222,Paris : tour avec croisière et déjeuner à la Tour Eiffel,,173.72,202,5 heures 30 minutes,Audio|Français|Anglais,,,couple,,
55294,2222,Musée de l'Orangerie à Paris : billet d'entrée,,12.90,19,,,,,general,,
71590,2222,Cathedrale Notre Dame: tournée guidée et crypte,,26.66,31,1 heure,Français|Anglais,,,general,,
48510,2222,Musée d’Orsay Paris : billet d'entrée,,15.48,21,,,,,general,,
71589,2222,Paris : tour en bus à arrêts multiples – Pass 1 jour,,43.86,51,24 heures,Audio|Français|Anglais,,,general,,
26808,2222,Paris : dîner croisière sur la Seine sans boissons,,103.20,120,2 heures,,,,couple,,
31333,2222,Mont-Saint-Michel : visite guidée au départ de Paris,,104.06,121,14 heures,,,,general,,
26889,2222,Paris : pass pour les musées de Paris de 2 jours,,107.50,125,"- Le ticket est valable à tout moment de la journée, selon les horaires d’ouverture du site visité.",,,,general,,
52378,2222,Paris et la Tour Eiffel (3eme étage) : visite avec croisière,,116.10,135,6 heures,Audio|Français|Anglais,,,couple,,
49528,2222,Paris : dîner à la Tour Eiffel et croisière sur la Seine,,311.32,362,4 heures,,,,couple,,
55083,2222,Opéra Garnier à Paris : billet d'entrée,,0,0,,,,,general,,
71912,2222,Jeu de Paume: Billet d'exposition,,0,0,,,,,general,,
73082,2222,Crypte archéologique de Notre-Dame : coupe-file,,12.04,15,,,,,general,,
72580,2222,Panthéon : Billet d'entrée accéléré,,13.76,17,,,,,general,,
41661,2222,Château d'Amboise : billet d'entrée,,15.48,18,,,,,general,,
73989,2222,Musée national Picasso-Paris : billet d'entrée prioritaire,,15.48,20,,,,,general,,
72252,2222,Musée Rodin : billet coupe-file,,14.62,20,,,,,general,,
55366,2222,Musée du quai Branly - Jacques Chirac à Paris : billet d'entrée,,14.62,21,,,,,general,,
72172,2222,Musée Jacquemart-André : billet coupe-file,,19.78,27,,Audio|Français|Anglais,,,general,,
74709,2222,Batobus Paris : Bateau Hop-on Hop-off sur la Seine,,24.08,30,* Les bateaux partent toutes les 25 minutes en haute saison (fin avril,,,,general,,
25717,2222,Paris la nuit : tour de ville,,29.24,34,1 heure 45 minutes,,,,general,,
74312,2222,Découverte de Paris : visite en bus hop on hop off,,44.72,55,"24 heures, 48 heures ou 72 heures",,,,general,,
54997,2222,Visite guidée privée du Musée du Louvre avec entrée coupe-file,,59.34,69,2 heures 30 minutes,Français|Anglais,,,solo,,
25503,2222,Giverny : excursion guidée au départ de Paris,,62.78,73,5 heures 15 minutes,Anglais|Audio,,,general,,
71268,2222,Visite guidée de Paris en bus à arrêts multiples avec croisière sur la Seine,,62.78,84,,,,,couple,,
73457,2222,Tour Eiffel : Entrée réservée + option 2e étage et sommet,,68.80,84,,Anglais,,,general,,
63049,2222,Visite guidée à pied d'une demi-journée à Paris,,74.82,87,3 heures,Français|Anglais,,,general,,
73663,2222,Tour Eiffel : Billet d'entrée + accès au sommet par l'ascenseur,,74.82,91,01:30,,,,general,,
31334,2222,Normandie et les plages de débarquement : excursion au départ de Paris,,86.86,101,14 heures,Anglais,,,general,,
26809,2222,Paris : dîner croisière avec champagne et table en baie vitrée,,157.38,183,2 heures,,,,couple,,
37158,2222,Disneyland Paris  : entrée à 1 parc avec transport,,159.96,186,12 heures,,,,general,,
55288,2222,Bateau restaurant Maxim's : dîner croisière,,162.54,189,1 heure 15 minutes,,,,couple,,
73969,2222,Visite guidée aux plages du Débarquement en Normandie depuis Paris en minivan,,191.78,223,12 heures 30 minutes,Français|Anglais,,,general,,
53283,2222,Visite privée de Paris,,196.94,229,3 heures,Français|Anglais,,,solo,,
73004,2222,Disneyland® Paris : billet 2 parcs,,245.10,297,"* En voiture : Quitter l'autoroute A4 à la sortie 14 ""Parcs Disney® et Bailly-Romainvilliers"". Accéder directement aux parcs de Disneyland® Paris",,,,general,,
51663,2222,Versailles : visite guidée privée du château,,1073.28,1248,8 heures,Français|Anglais,,,solo,,
71917,2222,Visite audioguidée du palais de Versailles au départ de paris,,0,0,6 heures,Audio|Français|Anglais,,,general,,
71916,2222,Visite guidée du palais de Versailles au départ de paris,,0,0,6h,Anglais,,,general,,
72859,2222,Tour Eiffel : accès au 2eme étage avec sommet en option,,0,0,,Français|Anglais,,,general,,
72818,2222,Promenade gourmande de Noël,,0,0,03:00,,,,general,,
72819,2222,Cours de cuisine traditionnelle de Noël avec visite du marché,,0,0,05:30,,,,general,,
74170,2222,Guide IA Paris : 72h hop-on hop-off digital,,8.60,11,72 heures,,,,general,,
72747,2222,Cathédrale Notre-Dame de Paris : Audio Guide App par TouringBee,,8.60,11,02:00,,,,general,,
71910,2222,Grande Galerie de l'Évolution : Billet coupe-file,,12.90,17,,,,,general,,
55583,2222,Musée Marmottan Monet à Paris : billet coupe-file,,12.90,18,"3 jours, 2 nuits",,,,general,,
72437,2222,Petit Palais : Jean-Baptiste Greuze Exposition,,15.48,19,,,,,general,,
71585,2222,Notre-Dame : Audioguide dans la cathédrale avec visite guidée du quartier,,17.20,20,2 heures,Français|Anglais|Audio,,,general,,
74049,2222,Vedettes de Paris : croisière en Famille,,18.06,22,1 heure,,,,famille,,
55575,2222,Exposition The World of Banksy à Paris : billet d'entrée,,16.34,23,,,,,general,,
71911,2222,Bourse de Commerce - Pinault Collection : Entrée avec créneau horaire,,16.34,23,,Audio|Français|Anglais,,,general,,
74048,2222,Vedettes de Paris : croisière musicale,,21.50,26,1 heure,,,,couple,,
72145,2222,Parc Zoologique de Paris : billet d'entrée,,21.50,26,,,,,general,,
74469,2222,Visite intérieure et extérieure premium de Notre-Dame avec entrée gratuite,,24.08,28,45 minutes à 1 heure 15 minutes,,,,general,,
74036,2222,Vedettes de Paris : croisière guidée avec pause gourmande,,23.22,29,1 heure,,,,couple,,
55368,2222,Aquarium de Paris : billet d'entrée,,23.22,33,,,,,general,,
26237,2222,Vallée Village Outlet : shopping et visite d'une journée,,28.38,33,7 heures,,,,general,,
72581,2222,Panthéon & basilique cathédrale de Saint-Denis : entrée prioritaire,,26.66,33,,,,,general,,
74047,2222,Vedettes de Paris : croisière guidée avec champagne,,27.52,34,1 heure,,,,couple,,
74028,2222,Vedettes de Paris : croisière apéro avec bière,,27.52,34,1 heure,,,,couple,,
74030,2222,Vedettes de Paris : croisière apéro avec vin,,27.52,34,1 heure,,,,couple,,
74175,2222,Paris Fashion Tour : visite en bus Hop-On Hop-Off,,27.52,34,1 heure 30 minutes,,,,general,,
73434,2222,Paradox Museum Paris : billet d'entrée prioritaire,,28.38,35,01:30,,,,general,,
74178,2222,Paris la nuit : visite en bus panoramique sans arrêt,,31.82,39,2 heures,,,,general,,
74034,2222,Vedettes de Paris : croisière apéro avec Champagne,,32.68,40,1 heure,,,,couple,,
55718,2222,Sainte Chapelle et Conciergerie : billet d'entrée,,28.38,40,Ce prix inclut,,,,general,,
74174,2222,Kids Tour : visite en bus panoramique sans arrêt,,34.40,42,1 heure 30 minutes,,,,famille,,
74177,2222,Illuminations de Noël à Paris : tour en bus panoramique,,36.12,44,1 heure 30 minutes,,,,general,,
72577,2222,Tour Eiffel : accès au 2e étage par l'escalier,,38.70,47,02:00,,,,general,,
72251,2222,Aquaboulevard: billet d'entrée,,35.26,48,,,,,general,,
55413,2222,Visite de Paris en vélo,,42.14,49,3 heures,Anglais,,,general,,
72253,2222,Catacombes de Paris : billet d'entrée avec audioguide,,40.42,54,,Audio|Français|Anglais,,,general,,
70690,2222,Photo Session in Paris Photographer at the Eiffel Tower,,49.88,58,40 minutes,Français|Anglais,,,general,,
74176,2222,Découverte de Paris : visite en bus hop on hop off avec expérience Emily in Paris,,49.88,61,48 heures ou 72 heures,,,,general,,
71697,2222,Fondation Giverny Monet et McArthurglenn Shoppin,,56.76,66,9 heures,,,,general,,
25405,2222,Fontainebleau et Vaux le Vicomte : visite audioguidée départ de Paris,,57.62,67,9 heures,Audio|Français|Anglais,,,general,,
74315,2222,Paris : tour en bus Hop-on Hop-off avec croisière sur la Seine,,57.62,70,"24h, 48h ou 72h",,,,couple,,
74169,2222,L'essentiel de Paris : visite en bus hop-on hop-off avec croisière,,61.06,74,48 heures ou 72 heures,,,,couple,,
74316,2222,Paris : visite en Bus Hop-On Hop-Off avec visite nocturne,,65.36,80,"24 heures, 48 heures ou 72 heures",,,,general,,
74318,2222,Paris : tour en bus Hop-On Hop-Off avec illuminations de Noël,,67.94,83,"24 heures, 48 heures ou 72 heures",,,,general,,
71945,2222,Louvre : accès prioritaire avec accompagnement jusqu’à la Joconde,,73.96,86,1h,,,,general,,
71584,2222,Visite de Mont Saint Michel à votre guise de Paris,,81.70,95,14 heures,,,,general,,
53173,2222,Visite Guidée d'une journée du Château de Versailles et des Trianons,,87.72,102,9 heures,Anglais,,,general,,
53768,2222,Montmartre : visite privée avec un guide local,,97.18,113,3 heures,Français|Anglais,,,solo,,
53271,2222,Tour de la ville avec accès coupe-file au 3ème étage de la Tour Eiffel,,98.04,114,3 heures,Audio|Français|Anglais,,,general,,
32310,2222,Bruges : visite en autocar au départ de Paris avec transport,,99.76,116,14 heures,Anglais,,,general,,
52570,2222,Chic et Classique: Visite à pied de Saint-Germain-des-Prés,,107.50,125,2 heures 30 minutes,Français|Anglais,,,general,,
71946,2222,Visite guidée du Louvre avec billet pour le musée d’Orsay,,108.36,126,3 heures,Anglais,,,general,,
70565,2222,Châteaux de la Loire : visite avec audioguide au départ de Paris,,112.66,131,13 heures,Audio|Français|Anglais,,,general,,
55542,2222,Déjeuner croisière spécial Noël sur la Seine,,113.52,132,1 heure 30 minutes,,,,couple,,
71595,2222,Accès à la peinture de Mona Lisa Hop on Hop Off 1 jour,,117.82,137,6 heures,,,,general,,
74173,2222,Paris : bus Hop-On Hop-Off avec excursion au château de Versailles,,117.82,143,"24 heures, 48 heures ou 72 heures",,,,general,,
51654,2222,Paris : Pass musées 4 jours,,125.56,146,‹,,,,general,,
51649,2222,Pays de la Loire : tour oenologique à Sancerre,,125.56,146,8 heures,,,,general,,
52475,2222,Paris : dîner croisière sur la Seine spécial fêtes,,128.14,149,2 heures,,,,couple,,
55287,2222,Paris : dîner croisière romantique sur la Seine,,132.44,154,1 heure 15 minutes,,,,couple,,
25272,2222,Château de Loire : visite guidée avec transport au départ de Paris,,134.16,156,13 heures 15 minutes,Anglais,,,general,,
51646,2222,Pays de la Loire : tour oenologique à Saumurois,,135.88,158,8 heures,,,,general,,
51648,2222,Pays de la Loire : tour oenologique à Angers,,141.04,164,8 heures,,,,general,,
51650,2222,Pays de la Loire : tour oenologique avec visite de la ville de Tours,,141.04,164,8 heures,,,,general,,
29523,2222,Château de Versailles : visite guidée avec accès prioritaire,,143.62,167,6 heures,,,,general,,
53172,2222,Château de Versailles : visite guidée et accès prioritaire,,160.82,187,6 heures,Anglais,,,general,,
71593,2222,Passe de parc d'un jour de Paris,,165.98,193,11 heures,,,,general,,
71596,2222,"Les châteaux de la vallée de Loire toute la journée, de Paris",,167.70,195,13 heures,,,,general,,
52239,2222,Paris : dîner croisière et Tour Eiffel 2ème étage,,169.42,197,5 heures,,,,couple,,
39475,2222,Disneyland Paris : Entrées à 2 parcs avec transport,,180.60,210,12 heures,,,,general,,
55289,2222,Bateau restaurant Maxim's : dîner croisière à 20h00,,191.78,223,2 heures,,,,couple,,
70676,2222,Paris : visite guidée privée à vélo de la ville,,210.70,245,3 heures,,,,solo,,
70678,2222,Paris : dîner croisière du nouvel an,,214.14,249,2 heures,,,,couple,,
55653,2222,Tour Eiffel : visite du 2ème étage avec repas au Madame Brasserie,,224.46,261,3 heures,Audio|Français|Anglais,,,general,,
73950,2222,Visite guidée privée exclusive Opéra Garnier,,261,261,2 heures,,,,solo,,
72133,2222,Visite historique privée de Notre-Dame,,233.92,272,1 heure 30 minutes,,,,solo,,
55656,2222,Tour Eiffel : visite du 3ème étage avec repas,,243.38,283,4 heures,Audio|Français|Anglais,,,general,,
66318,2222,PARIS PHOTO - Balade joyeuse pour Shooting Professionnel Privé,,257.14,299,1 heure,Français|Anglais,,,solo,,
73145,2222,Parc Astérix : transport privé depuis Paris avec billet d’entrée,,310,310,1 heure à 8 heures,Écrit|Français|Anglais,,,solo,,
54769,2222,Crazy Horse : billet d'entrée au spectacle Crazy Exclusive,,269.18,313,,,,,general,,
32096,2222,Giverny et Versailles : visite d'une journée en petit groupe,,281.22,327,9 heures 45 minutes,Anglais,,,groupe,,
54768,2222,Crazy Horse : billet d'entrée au spectacle Crazy Experience,,319.06,371,,,,,general,,
71934,2222,"Châteaux de Loire Villandry, Blois, Chaumont Voyage privé depuis Paris",,443.76,516,12 heures à 13 heures,,,,solo,,
71594,2222,Visite de 2 jours de Mont Saint Michel et Loire Valley,,465.26,541,48 heures,,,,general,,
71992,2222,Visite guidée privée avec fourgon classique à Paris,,532.34,619,2 heures,,,,solo,,
72776,2222,"Tour privé  : Giverny, Honfleur & Etretat",,546.96,636,12 heures,,,,solo,,
53282,2222,3 jours à Paris avec un guide privé,,626.94,729,72 heures,Français|Anglais,,,solo,,
55821,2222,Visite privée de Paris avec croisière sur la Seine et déjeuner,,746.48,868,10 heures,Français|Anglais,,,couple,,
71597,2222,Visite guidée des châteaux de la Loire Valley au départ de Paris,,1104.24,1284,12 heures 30 minutes,,,,general,,
72777,2222,"Visite de Étretat, Le Havre et Cours de Cuisine Normande",,1971.12,2292,10 heures,,,,general,,
13701,8262,"La Cité inerdite, Tian'an Men et Temple du Ciel : excursion historique",,86.86,101,7 heures,Anglais,,,general,,
42801,8262,Pékin : circuit privé de deux jours dans les sites classiques de Pékin,,341.42,397,48 heures,Français|Anglais,,,solo,,
60389,8262,Réservation de billets pour le palais d'été,,8.60,10,2 heures à 3 heures,,,,general,,
71532,8262,Pékin : billet d'entrée au Temple du Ciel OU au Palais d'été,,9.46,11,8 heures,Écrit|Anglais,,,general,,
71531,8262,Billet d'entrée Cité Interdite de Pékin,,10.32,12,3 heures à 4 heures,,,,general,,
46735,8262,Grande Muraille et Tombeaux Ming : excursion privée d'une journée,,154.80,180,9 heures,Français|Anglais,,,solo,,
60391,8262,Pékin : Visite privée d'une journée de la Grande Muraille et du palais d'été,,193.50,225,8 heures 30 minutes,Français|Anglais,,,solo,,
74124,8262,Visite privée à Mutianyu ou Jinshanling grande Muraille avec options,,24.08,28,9 heures,,,,solo,,
28934,8262,Pékin : transfert privé hôtel aeroport international de Pékin,,28.38,33,1 heure,,,,solo,,
14348,8262,Les hutongs de Pékin : visite en pousse-pousse,,45.58,53,3 heures,Anglais,,,general,,
28107,8262,Pékin : cours privé de Tai Chi,,55.04,64,1 heure 30 minutes,Anglais,,,solo,,
60390,8262,Visite privée personnalisable du palais d'été Pékin,,57.62,67,2 heures à 8 heures,Anglais,,,solo,,
46734,8262,Grande Muraille : excursion privée pendant l'escale à PEK,,65.36,76,8 heures à 10 heures,Anglais|Écrit,,,solo,,
12946,8262,Pékin : visite d'une journée privée et personnalisée,,69.66,81,8 heures,Anglais,,,solo,,
21614,8262,Grande Muraille : excursion d'une journée et déjeuner départ de Pékin,,74.82,87,7 heures,Anglais,,,general,,
63466,8262,Visite privée à Mutianyu Great Wall Cable Way Up & Toboggan Down,,74.82,87,6 heures à 9 heures,Anglais,,,solo,,
12132,8262,La Muraille de Chine et tombeaux des Mings : excursion une journée,,82.56,96,8 heures,Anglais,,,general,,
13622,8262,"Le Palais d'été, le temple des Lamas et le jardin des Pandas : circuit",,87.72,102,7 heures,Anglais,,,general,,
15026,8262,Pékin : tour privé à vélo,,92.88,108,3 heures,Anglais,,,solo,,
12273,8262,"La Cité interdite, place Tian'an Men : tour classique de Pékin un jour",,93.74,109,9 heures,Anglais,,,general,,
12275,8262,"La Muraille de Chine, la Cité interdite : tour de Pékin en une journée",,93.74,109,9 heures,Anglais,,,general,,
46739,8262,Grande Muraille : escale privée avec déjeuner,,101.48,118,5 heures à 8 heures,Anglais,,,solo,,
27728,8262,Pékin : Kung Fu Show et diner Chinois,,123.84,144,3 heures,Anglais,,,general,,
22876,8262,Grande Muraille : randonnée d'une journée en petit groupe de Simatai Ouest à Jinshanling,,130.72,152,9 heures,Anglais,,,groupe,,
26167,8262,Muraille de Chine et tombeaux des Mings : tour privé,,132.44,154,8 heures,Anglais,,,solo,,
19359,8262,Pékin : soirée grand spectacle acrobatique et dîner traditionnel,,137.60,160,4 heures,Anglais,,,general,,
14713,8262,Temple du ciel : tour privé avec kung Fu Show et Peking Duck Dinner,,139.32,162,5 heures à 6 heures,Anglais,,,solo,,
27986,8262,Pékin : Acrobatic Show et diner de canard en privé,,143.62,167,4 heures à 5 heures,Anglais,,,solo,,
14307,8262,"Tian'an Men, la Cité interdite et Temple du Ciel : tour privé",,148.78,173,8 heures,Anglais,,,solo,,
71530,8262,Visite de la grande muraille de Simatai et de la ville de Gubei avec chauffeur,,155.66,181,9 heures,,,,general,,
14955,8262,"Cité Interdite, Tiananmen et Jingshan Park : tour privé avec déjeuner",,158.24,184,6 heures,Anglais,,,solo,,
42802,8262,"Palais d'été et Grande Muraille : excursion privée, déjeuner et accès",,163.40,190,8 heures à 9 heures,Français|Anglais,,,solo,,
43027,8262,Pékin : excursion privée en tout compris d'une journée,,165.98,193,8 heures,Français|Anglais,,,solo,,
43023,8262,Pékin : visite privée de la Cité interdite et du Palais d'Été.,,168.56,196,8 heures à 9 heures,Français|Anglais,,,solo,,
14927,8262,"Sites Olympique, Grande Muraille : tour privé et accès optionnel spa",,181.46,211,7 heures à 8 heures,Anglais,,,solo,,
18110,8262,Cité Interdite : représentation galerie du trésor et Grande Muraille,,184.90,215,9 heures,Anglais,,,general,,
46737,8262,Grande Muraille : rondonnée privée,,213.28,248,9 heures à 10 heures,Anglais,,,solo,,
46736,8262,Grande Muraille : excursion privée d'une journée visite de 3 sections,,214.14,249,8 heures à 9 heures,Écrit|Anglais,,,solo,,
46740,8262,Grande Muraille : transfert depuis Pékin en bus avec déjeuner,,219.30,255,8 heures à 9 heures,Anglais,,,general,,
43026,8262,Grande Muraille : excursion privée d'une journée,,250.26,291,10 heures à 11 heures,Anglais,,,solo,,
18292,8262,Simatai West : randonnée jusqu'à Jinshanling,,279.50,325,9 heures,Anglais,,,general,,
18630,8262,"Jiankou, Mutianyu, Jinshanling et Simatai West : randonnée 2 jours",,479.88,558,48 heures,Anglais,,,general,,
60392,8262,Randonnée tout compris sur la Grande Muraille et survol en hélicoptère,,534.06,621,7 heures à 8 heures,Français|Anglais,,,general,,
14171,8262,"Temple des Lamas, jardin des Pandas : excursion d'une journée",,881.50,1025,14 heures,Anglais,,,general,,
24008,8262,3-Day Private Beijing to Shanghai Tour by Bullet Train or Air,,1486.08,1728,72 heures,Anglais,,,solo,,
51522,660,Tour à vélo à Puerto Natales,,50.74,59,3 heures,,,,general,,
63656,660,Excursion d'une journée à Torres del Paine au départ de Puerto Natales,,78.26,91,10 heures,Anglais,,,general,,
63662,660,Excursion d'une journée complète en Patagonie au départ de Puerto Natales,,92.02,107,11 heures,Anglais,,,general,,
63663,660,Journée complète Torres del Paine,,96.32,112,11 heures,Anglais,,,general,,
63669,660,Tour d'une journée à Torres del Paine,,96.32,112,11 heures,Anglais,,,general,,
63670,660,Journée complète Torres del Paine & Milodon,,104.92,122,9 heures,Anglais,,,general,,
63665,660,Trekking Base Torres del Paine Imperdible,,104.92,122,18 heures,Anglais,,,general,,
63655,660,"Excursion d'une journée complète au parc national de Torres del Paine, au départ de Puerto Natales (première classe)",,107.50,125,8 heures à 10 heures,Anglais,,,general,,
63664,660,"Visite partagée d'une journée complète à Torres del Paine, au départ de Puerto Natales uniquement",,115.24,134,8 heures,Anglais,,,general,,
63668,660,Base de Torres del Paine Trekking d'une journée complète,,119.54,139,12 heures,Anglais,,,general,,
63683,660,Trek Torres del Paine,,119.54,139,13 heures,Français|Anglais,,,general,,
63672,660,Visite de Torres del Paine au départ de Punta Arenas,,126.42,147,8 heures,Anglais,,,general,,
51536,660,Full Day to Torres del Paine National Park,,129.86,151,10 heures,,,,general,,
63693,660,Base de randonnée Torres Del Paine de Puerto Natales,,134.16,156,10 heures,Anglais,,,general,,
63659,660,"Excursion d'une journée complète dans le parc national Torres del Paine, au départ de Puerto Natales",,155.66,181,10 heures,Anglais,,,general,,
51521,660,Base of the Torres del Paine Towers Guided Hike,,162.54,189,11 heures,,,,general,,
63660,660,Excursion d’une journée complète au glacier Perito Moreno depuis Puerto Natales,,165.98,193,16 heures,Anglais,,,general,,
64013,660,Randonnée dans la vallée française à Torres del Paine,,177.16,206,12 heures,Anglais,,,general,,
63667,660,Randonnée à la base des torres del Paine du parc national,,186.62,217,11 heures,Anglais,,,general,,
63688,660,Randonnée en plein air à la base Torres (service privé),,192.64,224,14 heures,Anglais,,,solo,,
51543,660,Navigation to Grey Glacier from Puerto Natales,,203.82,237,10 heures,,,,general,,
51542,660,Navigation to Balmaceda & Serrano Glaciers,,220.16,256,6 heures,,,,general,,
63685,660,Navigation de glacier gris à Torres del Paine,,230.48,268,3 heures,,,,general,,
64011,660,Torres del Paine de Punta Arenas (visites privées),,261.44,304,12 heures 10 minutes,Français|Anglais,,,solo,,
64007,660,Base de randonnée Las Torres - Parc national Torres del Paine,,264.02,307,12 heures,Anglais,,,general,,
63666,660,Croisière touristique des glaciers de Balmaceda et de Serrano au départ de Puerto Natales,,266.60,310,10 heures,Anglais,,,couple,,
63686,660,Visite du glacier Perito Moreno au départ de Puerto Natales Imperdible,,300.14,349,15 heures,Anglais,,,general,,
64009,660,Navigation en bateau vers les glaciers Balmaceda et Serrano depuis Puerto Natales,,350,350,10 heures,Anglais,,,general,,
63697,660,2 Tours Imperdibles Torres del Paine et Perito Moreno,,309.60,360,48 heures,Anglais,,,general,,
63675,660,Glacier Perito Moreno depuis Puerto Natales,,321.64,374,17 heures,Anglais,,,general,,
64010,660,Visite privée d'une journée à Torres del Paine,,450,450,12 heures,Anglais,,,solo,,
64014,660,Journée complète Torres del Paine privé,,579.64,674,8 heures,Anglais,,,solo,,
64015,660,Park Torres del Paine (1 to 3 passengers),,647.58,753,9 heures à 11 heures,Français|Anglais,,,general,,
64019,660,"Base de randonnée Torres, Torres del Paine",,713.80,830,36 heures,Anglais,,,general,,
63696,660,Visite privée d'une journée complète du parc national Torres del Paine,,996.74,1159,9 heures,Anglais,,,solo,,
64021,660,French Valley & Grey Glacier - Torres del Paine,,1750,1750,96 heures,,,,general,,
64024,660,Programme Patagonie Chilienne 4 jours - 3 nuits,,1825.78,2123,96 heures,Anglais,,,general,,
64022,660,Circuit Express W - Torres del Paine,,1941.88,2258,96 heures,,,,general,,
64023,660,Circuit W classique - Torres del Paine,,2234.28,2598,120 heures,Anglais,,,general,,
51548,661,"Punta Arenas : journée baleines, pingouins et glaciers",,0,0,12 heures,,,,general,,
51539,661,Tour du manchot royal et de la Terre de Feu,,132.44,154,14 heures,,,,general,,
51540,661,Excursion en bateau sur le thème des pingouins à l'île Magdalena,,136.74,159,4 heures,,,,general,,
69076,661,Visite en VTT à Punta Arenas,,184.90,215,7 heures,Anglais,,,general,,
70799,661,Madeleine : Navigation aux Îles,,193.50,225,4 heures 30 minutes,Français|Anglais,,,general,,
69078,661,"Visite d'Estancia, de la communauté de Laguna Blanca",,269.18,313,6 heures,Anglais,,,general,,
69077,661,Visite privée dans la forêt de Patagonie à Punta Arenas,,289.82,337,4 heures à 5 heures,Anglais,,,solo,,
70800,661,Punta Arenas : Observation des baleines et des glaciers,,374.96,436,12 heures à 14 heures,Anglais,,,general,,
69564,661,"Soldats Torres del Paine et Milodon, au départ de Punta Arenas",,726.70,845,12 heures à 14 heures,Anglais,,,general,,
69565,661,Voyage de 4 jours à Puerto Natales et au parc national de Torres del Paine,,1301.18,1513,96 heures,Anglais,,,general,,
69563,661,Visite guidée privée de plusieurs jours Torres del Paine,,1535.96,1786,96 heures,Français|Anglais,,,solo,,
48118,395,Favela Rocinha : balade de 3 heures,,46.44,54,3 heures,Français|Anglais,,,general,,
48182,395,Vieux Rio et Santa Teresa : excursion privée,,52.46,61,4 heures,Français|Anglais,,,solo,,
40919,395,Statue Christ Rédempteur et Pain de Sucre : visite d’une journée,,89.44,104,8 heures,Anglais,,,general,,
24082,395,Rio : visite du Christ Rédempteur et du Mont du Pain de Sucre,,112.66,131,5 heures,Français|Anglais,,,general,,
48115,395,Rio de Janeiro : circuit touristique privé et personnalisé,,198.66,231,8 heures à 9 heures,Français|Anglais,,,solo,,
44986,395,Corcovado et statue du Christ Rédempteur : excursion en train,,43.86,51,4 heures 30 minutes,,,,general,,
12374,395,Tijuca : excursion dans la forêt tropicale,,82.56,96,4 heures,Français|Anglais,,,general,,
42852,395,Pain de sucre et Christ Rédempteur : excursion privée,,230.48,268,4 heures,Français|Anglais,,,solo,,
73635,395,Visite de la favela à Rio de Janeiro,,30.96,36,3 heures,Français|Anglais,,,general,,
44988,395,Coulisses du stade Maracanã : excursion d'une demi journée,,31.82,37,3 heures 30 minutes,,,,general,,
71525,395,4x4 autour de Lençóis Maranhenses,,32.68,38,5 heures environ,,,,general,,
32036,395,Rio de Janeiro : visite en vélo urbain en petit groupe,,35.26,41,3 heures,Anglais,,,groupe,,
60898,395,"Visite guidée du musée de demain, entrée et transfert",,54.18,63,4 heures,Français|Anglais,,,general,,
18328,395,Rio de Janeiro : excursion d'une journée en petit groupe,,77.40,90,4 heures à 6 heures,Français|Anglais,,,groupe,,
13036,395,Angra dos Reis : excursion avec croisière en goélette,,94.60,110,12 heures,Anglais,,,couple,,
70768,395,Ginga Tropical : samba brésilienne et spectacle folklorique,,0,0,1 heure 30 minutes,Français|Anglais,,,general,,
58986,395,Visite privée de la ville impériale Petrópolis,,0,0,7 heures à 8 heures,Anglais,,,solo,,
72802,395,Rio de Janeiro : visite de 3 heures de la Favela Rocinha avec guide local,,0,0,2 heures à 3 heures,,,,general,,
71534,395,Tour de la ville de Blumenau,,21.50,25,08 heures environ,,,,general,,
47831,395,Stade Maracanã : billet d'entrée,,22.36,26,40 minutes à 1 heure,,,,general,,
73409,395,Accès VIP à Rio Scenarium : entrée coupe-file,,23.22,27,Varie,,,,general,,
70452,395,Cours de Samba à Rio,,29.24,34,Varie,,,,general,,
71529,395,Lagon bleu,,30.10,35,05 heures environ,,,,general,,
58984,395,Billet coupe-file : Tournée des pubs à Lapa,,30.96,36,4 heures,Anglais,,,general,,
60907,395,Visite locale de Rocinha,,31.82,37,1 heure à 2 heures,Anglais,,,general,,
60905,395,Visite des favelas de Rio,,32.68,38,2 heures à 3 heures,Anglais,,,general,,
22723,395,Stade de Maracanã : tour et accès aux coulisses,,36.12,42,2 heures 30 minutes,Français|Anglais,,,general,,
60909,395,Explorez l'histoire et la culture de la Favela da Rocinha,,39.56,46,3 heures,Anglais,,,general,,
72106,395,4x4 autour de Lençóis Maranhenses avec coucher de soleil,,41.28,48,5h,,,,general,,
72797,395,Billet pour le téléphérique du Pain de Sucre,,41.28,48,Varie,,,,general,,
44965,395,Sugar Loaf : excursion d'une demi-journée et tour en téléphérique,,42.14,49,4 heures,Anglais|Audio,,,general,,
22073,395,Santa Teresa Rio de Janeiro : tour à pied,,42.14,49,4 heures,Anglais,,,general,,
31829,395,Rio de Janeiro : visite panoramique en vélo en petit groupe,,44.72,52,4 heures,Anglais,,,groupe,,
58978,395,Billet coupe-file : billet d'entrée pour le Christ Rédempteur,,44.72,52,2 heures,Écrit|Anglais,,,general,,
60917,395,Visite à pied de Bossa Nova,,44.72,52,3 heures,Anglais,,,general,,
60914,395,Favelas do Vidigal ou l'expérience de Rocinha,,46.44,54,3 heures à 4 heures,Anglais,,,general,,
19324,395,Montagne du Pain de sucre : excursion d'une demi-journée,,48.16,56,4 heures,Français|Anglais|Audio,,,general,,
72799,395,Visite guidée du Corcovado et du Christ Rédempteur,,49.88,58,3 heures,,,,general,,
72800,395,Christ Rédempteur et tour de Rio :  visite guidée avec transferts,,51.60,60,5 heures,,,,general,,
44816,395,"Sugarloaf, Escalier Selarón et Christ Rédempteur : tour par van",,53.32,62,10 heures,Anglais,,,general,,
25000,395,Rio de Janeiro : visite du Corcovado avec la statue du Christ,,55.04,64,5 heures,Anglais,,,general,,
71533,395,Grotte du lac bleu,,55.90,65,03:30 heures,,,,general,,
60915,395,Cours de samba d'une heure à Rio de Janeiro,,56.76,66,1 heure,Anglais,,,general,,
60910,395,Randonnée Garganta do Céu et cascade à Pedra da Gávea,,57.62,67,4 heures,Anglais,,,general,,
58981,395,Christ Rédempteur de Van et Selarón Steps,,57.62,67,3 heures,Anglais,,,general,,
13053,395,Rio de Janeiro : visite à pied d'une demi-journée,,57.62,67,4 heures,Français|Anglais,,,general,,
60916,395,Randonnée et escalade au Pain de Sucre,,58.48,68,5 heures,Anglais,,,general,,
58992,395,Explorer Angra Dos Reis et Ilha Grande en une journée,,59.34,69,12 heures,Anglais,,,general,,
58982,395,Croisière en voilier à Rio de 3 heures,,59.34,69,3 heures,Anglais,,,couple,,
60902,395,Tournée des pubs à Rio avec transfert,,60.20,70,4 heures,Français|Anglais,,,general,,
44959,395,Baie de Guanabara : excursion avec croisière et déjeuner,,61.92,72,6 heures,Anglais,,,couple,,
58998,395,"Randonnée Pedra da Gávea, votre meilleure expérience à Rio",,63.64,74,6 heures,Anglais,,,general,,
60906,395,Visite à pied des quartiers bohèmes de Santa Teresa et Lapa,,63.64,74,3 heures 30 minutes,Anglais,,,general,,
72798,395,Parc national de Tijuca et toutes ses merveilles,,64.50,75,4 heures à 5 heures,,,,general,,
58994,395,Arraial do Cabo avec excursion en bateau - De Rio de Janeiro,,64.50,75,14 heures,Anglais,,,general,,
60918,395,Visite du Christ Rédempteur et de la ville,,65.36,76,6 heures,Anglais,,,general,,
56027,395,Sortie en voilier à toit ouvrant au coucher du soleil,,66.22,77,3 heures,Anglais|Écrit,,,general,,
60912,395,Visitez les cascades et les grottes de la forêt de Tijuca,,67.94,79,4 heures 30 minutes,Anglais,,,general,,
44991,395,Jardin botanique : excursion d'une demi-journée,,67.94,79,3 heures 30 minutes,Anglais,,,general,,
12679,395,Guanabara : croisière dans la baie avec déjeuner-barbecue,,69.66,81,4 heures à 6 heures,Français|Anglais,,,couple,,
60911,395,Fête en bateau de 4 heures à Rio de Janeiro,,69.66,81,4 heures,,,,general,,
30916,395,"Christ Rédempteur, Pain de Sucre, Maracaña : visite d'une journée",,73.10,85,8 heures,Anglais,,,general,,
49902,395,Niterói : visite de la ville et entrée au musée d'Art contemporain,,73.96,86,5 heures,Français|Anglais,,,general,,
22661,395,Rio de Janeiro : tour des jardins botaniques,,76.54,89,3 heures 30 minutes,Français|Anglais,,,general,,
71526,395,Visite 4x4 Off-Road Island Discovery Full Day,,77.40,90,08 heures environ,,,,general,,
44941,395,Petropolis : visite de la ville d'une journée,,78.26,91,10 heures,Anglais,,,general,,
58989,395,Excursion en jeep - Forêt tropicale de Tijuca,,78.26,91,4 heures,Anglais,,,general,,
58964,395,Visite à la statue du Christ Rédempteur et au mont du Pain de sucre,,79.98,93,5 heures,Anglais,,,general,,
22656,395,Rio de Janeiro : spectacle Ginga Tropical,,80.84,94,3 heures 30 minutes,Français|Anglais,,,general,,
12288,395,Corcovado : visite de la montagne et de la statue du Christ,,82.56,96,4 heures,Français|Anglais|Audio,,,general,,
73408,395,Âme du Carnaval : expérience Samba à Rio,,79.12,96,3 Heure(s) 30 Minute(s),,,,general,,
58996,395,Visite d'Arraial do Cabo à Rio de Janeiro avec déjeuner,,84.28,98,14 heures,Anglais,,,general,,
12615,395,Petrópolis : tour et entrée au musée Impérial et Palácio Cristal,,87.72,102,9 heures,Français|Anglais,,,general,,
14857,395,Rio de Janeiro : visite du Jardin botanique et la forêt de Tijuca,,87.72,102,4 heures 30 minutes,Anglais,,,general,,
13503,395,Buzios : excursion d'une journée au départ de Rio de Janeiro,,88.58,103,13 heures,Anglais,,,general,,
40920,395,Angra dos Reis et Ilha Grande : excursion depuis Rio de Janeiro,,92.02,107,12 heures,Anglais,,,general,,
71527,395,Visites d'aventure - canoë hawaïen,,92.88,108,4 heures environ,,,,general,,
14667,395,Rio de Janeiro : cours de cuisine en petit groupe,,93.74,109,3 heures 30 minutes,Anglais,,,groupe,,
73407,395,Spectacle de carnaval tropical Ginga avec dîner en option,,90.30,110,3 Heure(s),,,,general,,
58958,395,Journée complète à Rio avec déjeuner,,96.32,112,8 heures,Anglais,,,general,,
22648,395,Rio de Janeiro : spectacle Ginga Tropical,,96.32,112,2 heures à 3 heures,Français|Anglais,,,general,,
14309,395,Tijuca à Rio de Janeiro : randonnée dans la forêt tropicale,,98.90,115,6 heures,Anglais,,,general,,
31264,395,Rio de Janeiro : excursion d'une journée complète,,101.48,118,8 heures à 9 heures,Anglais,,,general,,
60913,395,Patrimoine africain: expérience gastronomique et musicale,,102.34,119,5 heures,Anglais,,,general,,
11899,395,"Corcovado, Pain de sucre et Christ : visite d'une journée",,106.64,124,9 heures,Français|Anglais|Audio,,,general,,
72803,395,Excursion d’une demi-journée à la favela Rocinha,,109.22,127,4 heures,,,,general,,
58974,395,Une journée à Rio - Visite complète de la ville,,115.24,134,9 heures,Anglais,,,general,,
72445,395,Billet coupe file Mont Sugarloaf et visite guidée,,117.82,137,1 heure,,,,general,,
58979,395,"Sunset à Rio : Pain de Sucre, Christ Rédempteur, Cathédrale, Selarón",,118.68,138,6 heures à 7 heures,Anglais,,,general,,
17369,395,Rio de Janeiro : visite privée personnalisable de la ville,,127.28,148,4 heures à 8 heures,Français|Anglais,,,solo,,
44933,395,Stade de Maracanã ou Nilton Santos : excursion d'une demi-journée,,139.32,162,6 heures,,,,general,,
16036,395,"Corcovado, Christ et mont du Pain de Sucre : tour d'une journée",,152.22,177,10 heures,Français|Anglais|Audio,,,general,,
58990,395,Visite privée de la ville de Rio de Janeiro,,182.32,212,8 heures,Français|Anglais,,,solo,,
48181,395,Rio : visite privée y compris Corcovado et le Pain de Sucre,,208.98,243,7 heures à 8 heures,Anglais,,,solo,,
71524,395,Vol d'hélicoptère de 10 minutes,,241.66,281,10 minutes,,,,general,,
31050,395,Rio de Janeiro : expérience de deltaplane,,270.04,314,2 heures,Anglais,,,general,,
18623,395,"Corcovado, mont Pain de Sucre : tour et spectacle Ginga Tropical",,279.50,325,14 heures,Anglais,,,general,,
58983,395,Deltaplane Expérience de deltaplane Rotorfly,,288.10,335,1 heure 30 minutes,Français|Anglais,,,general,,
55017,395,Balade en hélicoptère de 25 à 30 minutes avec service de transfert,,300.14,349,25 minutes à  30 minutes,Anglais,,,general,,
58967,395,Le meilleur vol en hélicoptère Pain de Sucre et Christ Rédempteur,,310.46,361,35 minutes,Français|Anglais|Écrit,,,general,,
12366,395,Rio de Janeiro : tour en hélicoptère,,314.76,366,9 minutes à  10 minutes,Anglais,,,general,,
48119,395,Rio de Janeiro : visite privée des principaux monuments,,350.02,407,8 heures,Français|Anglais,,,solo,,
58980,395,Vol exclusif en hélicoptère - Pain de Sucre et Christ Rédempteur,,657.04,764,35 minutes,Français|Anglais|Écrit,,,general,,
58987,395,Bateau rapide privé VIP Paradise Ilha Grande et transfert depuis Rio,,1034.58,1203,9 heures à 10 heures,Français|Anglais,,,solo,,
30743,4362,Rome : pass hop-on Hop-off,,15.48,18,,Audio|Français|Anglais,,,general,,
54980,4362,Musées du Vatican et Chapelle Sixtine : entrée coupe file avec audioguide,,41.28,59,,Audio|Français|Anglais,,,general,,
46143,4362,"Musées du Vatican, Chapelle Sixtine et Panthéon : billet coupe file",,95.46,134,,,,,general,,
62108,4362,"Visite autoguidée du Colisée, billet coupe-file",,13.76,16,1 heure à 3 heures,Audio|Français|Anglais,,,general,,
73600,4362,"Visite guidée du Colisée, du Forum romain et du mont Palatin",,42.14,51,2 heures et demie,Français|Anglais,,,general,,
36290,4362,Rome impériale : visite guidée,,80.84,94,3 heures,,,,general,,
73607,4362,"Visite guidée des Musées du Vatican, de la Chapelle Sixtine et de la Basilique Saint-Pierre",,67.94,83,3 heures,Français,,,general,,
44000,4362,Musées du Vatican : billet avec accès rapide,,55.04,75,,,,,general,,
73603,4362,Visite guidée des Musées du Vatican et de la Chapelle Sixtine avec accès prioritaire,,55.04,67,2 heures et demie,Français|Anglais,,,general,,
70483,4362,Balade dans Rome incluant : le Panthéon et la fontaine de Trevi,,4.30,5,1 heure 30 minutes à 2 heures,Français|Anglais,,,general,,
70462,4362,Galerie Borghèse : billet coupe-file,,43.86,51,2 heures,,,,general,,
73015,4362,Basilique Saint-Pierre : billet avec audioguide et accès à la Coupole,,33.54,41,,,,,general,,
71925,4362,Colisée avec accès à l'arène et visite de la Rome antique,,27.52,32,2 heures 30 minutes,Français,,,general,,
74182,4362,Visite guidée du Panthéon avec billets d’entrée en français,,30.10,37,45 minutes,,,,general,,
74077,4362,Galerie Borghèse : visite guidée en petit groupe,,55.90,68,2 hours,,,,groupe,,
73847,4362,Carte Omnia : Musées du Vatican + Circuit en bus 24h,,72.24,88,* Les épaules et les genoux doivent être couverts au Vatican,,,,general,,
74122,4362,Galerie Borghèse : visite guidée en français en petit groupe,,119.54,145,2 heures,,,,groupe,,
71255,4362,"Musées du Vatican, Chapelle Sixtine Coupe-file et Visite de la Basilique",,55.90,65,3 heures,Français|Anglais,,,general,,
24181,4362,Pompéi : excursion d'une journée au départ de Rome,,89.44,104,12 heures,Français|Anglais|Audio,,,general,,
48872,4362,Rome : excursion dans la Rome classique,,41.28,48,3 heures,,,,general,,
70298,4362,Panthéon : la visite audioguidée officielle avec billet coupe-file,,18.06,21,45 minutes,Audio|Français|Anglais,,,general,,
47650,4362,Musée Léonard de Vinci : billet d'entrée,,9.46,11,45 minutes à 1 heure,Français|Anglais|Audio|Écrit,,,general,,
53615,4362,Visite en petit groupe du Castel Sant'Angelo,,59.34,69,2 heures,Français|Anglais,,,groupe,,
62322,4362,Application mobile d'Audioguide pour la visite du Vatican,,2.58,4,,Audio|Français|Anglais,,,general,,
55338,4362,Visite express en petit groupe des catacombes romaines avec transfert,,50.74,59,1 heure 30 minutes,Français|Anglais,,,groupe,,
73017,4362,Basilique Saint-Pierre : billet coupe-file avec audioguide,,17.20,21,01:00,Anglais,,,general,,
71363,4362,Rome : Visite auto-guidée de Colisée,,31.82,37,Visite auto-guidée,Audio|Anglais,,,general,,
52515,4362,Excursion d'une journée de Rome aux villas Tivoli avec déjeuner,,87.72,102,6 heures,Anglais,,,general,,
70609,4362,Rome : billet pour croisière Hop-on Hop-off sur le Tibre,,22.36,32,,Audio|Français|Anglais,,,couple,,
73548,4362,Château Saint-Ange : billet coupe-file avec audioguide,,29.24,36,,,,,general,,
74114,4362,Basilique Saint-Pierre : billet avec audioguide et accès à la Coupole (ascenseur),,38.70,47,02:00,,,,general,,
24116,4362,"Colisée, Forum et Mont Palatin : visite sans pickup",,50.74,59,3 heures,Anglais,,,general,,
24572,4362,"Rome : visite du Colisée, Forum Romain et Mont Palatin",,57.62,67,3 heures,Anglais,,,general,,
24117,4362,"Rome : visite du Colisée, Forum et Mont Palatin",,57.62,67,2 heures 30 minutes,Anglais,,,general,,
24571,4362,Vatican : audience Papale avec le pape Leone XIV,,34.40,40,5 heures,Anglais,,,general,,
24567,4362,Villa d'Este et villa Adriana : excursion d'une demi-journée,,108.36,126,5 heures,Français|Anglais,,,general,,
71787,4362,"Colisée, Forum romain et mont Palatin avec audioguide",,64.50,75,1 heure 15 minutes,Audio|Français|Anglais,,,general,,
51997,4362,Centre historique de Rome : visite à pied en petit groupe,,32.68,38,2 heures 30 minutes,Anglais,,,groupe,,
70479,4362,Rome : visite guidée du Colisée avec le Forum romain et le mont Palatin,,49.88,58,2 heures à 3 heures,Français|Anglais,,,general,,
70345,4362,Colisée et la Rome antique : visite guidée ou option audioguide,,33.54,39,2 heures 30 minutes,Français|Anglais,,,general,,
71384,4362,"Visite des musées du Vatican, de la chapelle Sixtine et de la basilique Saint-Pierre",,110.08,128,3 heures,Français|Anglais,,,general,,
70373,4362,Visite du dôme de la basilique Saint-Pierre aux grottes souterraines,,45.58,53,2 heures,Français|Anglais,,,general,,
72292,4362,Visite guidée de la Galerie Borghèse avec entrée prioritaire,,60.20,70,2 heures,Français,,,general,,
53614,4362,Billet pour le musée romain de l'Empire (musée du Capitole),,36.12,42,4 heures,Audio|Français|Anglais,,,general,,
55198,4362,Audience papale : billet coupe-file avec transfert en option,,29.24,34,2 heures,,,,general,,
74455,4362,Galerie Borghèse : entrée prioritaire et jardins de la Villa Borghèse,,64,64,2 heures,Audio|Français|Anglais,,,general,,
73846,4362,Panthéon de Rome : billet coupe-file avec audioguide,,12.04,15,,,,,general,,
71362,4362,Visite guidée de la basilique Saint-Pierre et des grottes papales,,18.92,22,1 heure 10 minutes,Français|Anglais,,,general,,
54013,4362,Concert Opera da Camera di Roma,,31.82,37,50 minutes,,,,general,,
53716,4362,Visite privée de 3 heures à Rome en Fiat 500 classique,,160.82,187,3 heures,Français|Anglais,,,solo,,
24483,4362,Île de Capri : excursion d'une journée au départ de Rome,,238.22,277,13 heures,Français|Anglais,,,general,,
73675,4362,Les thermes de Caracalla : billet d'entrée avec audioguide,,18.06,22,02:00,,,,general,,
74383,4362,"Colisée, Colline Palatine et Forum Romain accès avec audio guide",,41.28,48,2 heures à 3 heures,Audio|Français|Anglais,,,general,,
55405,4362,"Cours de cuisine Pizza et Tiramisu à Rome, Piazza Navona",,46.44,54,2 heures 30 minutes,Anglais,,,general,,
74500,4362,Musées du Vatican et Chapelle Sixtine : billet d'entrée rapide avec assistance,,49.88,61,,,,,general,,
71368,4362,Visite de la chapelle Sixtine avec accès à la basilique Saint-Pierre,,82.56,96,3 heures,Français|Anglais,,,general,,
55460,4362,"Colisée, Forum et Mont Palatin : visite en petit groupe avec pick-up",,84.28,98,3 heures,Français|Anglais,,,groupe,,
24719,4362,Rome : dégustation culinaire,,115.24,134,3 heures 30 minutes,Anglais,,,general,,
48398,4362,Rome en vespa : visite panoramique,,178.88,208,3 heures à 4 heures,Audio|Français|Anglais,,,general,,
74161,4362,Cinecittà Shows Off : billet d'entrée,,0,0,,,,,general,,
70400,4362,"Excursion dans le ghetto juif et à Trastevere, Rome",,4.30,5,1 heure 30 minutes à 2 heures,Français|Anglais,,,general,,
74221,4362,Rome : audioguide pour Smartphone,,6.02,8,,,,,general,,
54784,4362,Audience papale et place Saint-Pierre avec billet d'entrée et guide,,18.92,22,3 heures à 4 heures,Anglais,,,general,,
74296,4362,"Rome : Visite de 3 heures du Colisée, du Forum et du Mont Palatin",,24.08,28,3 heures,Français|Anglais,,,general,,
74517,4362,Rome : visite privée des incontournables avec guide,,27.52,32,2 heures,Français|Anglais,,,solo,,
51816,4362,Rome : location de vélo électrique,,29.24,34,4 heures à 10 heures,Anglais,,,general,,
73608,4362,Entrée réservée au Colisée et à la Rome antique avec audioguide numérique,,29.24,36,1 heure,Audio|Français,,,general,,
72226,4362,Visite guidée de la basilique Saint-Pierre et de la coupole,,36.98,43,2 heures à 3 heures,Français,,,general,,
51824,4362,Panthéon : visite guidée,,39.56,46,1 heure,Anglais,,,general,,
53083,4362,Domus Aurea billet coupe-file + réalité virtuelle,,68.80,80,1 heure 30 minutes,Anglais,,,general,,
55850,4362,Visite gastronomique de Rome Trastevere avec dîner et vin,,70.52,82,3 heures,Anglais,,,general,,
74566,4362,Visite guidée du Colisée avec accès spécial à l'arène des gladiateurs,,73.10,85,2 heures 30 minutes,Français,,,general,,
67178,4362,Musées du Vatican et Chapelle Sixtine : visite en Bus Hop-On-Hop-Off,,115,115,,,,,general,,
70401,4362,Visite privée à pied du Trastevere et du ghetto juif,,137.60,160,2 heures,Français|Anglais,,,solo,,
74486,4362,"Pass 5 en 1 : Vatican, Colisée, Forum & Palatin, Basilique St Pierre et transports publics",,153.94,179,72 heures,Audio|Français|Anglais,,,general,,
53715,4362,Visite des 7 trésors cachés de Rome en Fiat 500 d'époque,,160.82,187,3 heures,Français|Anglais,,,general,,
71885,4362,Points forts du Ghetto juif et du Trastevere,,4.30,5,1 heure 45 minutes,Anglais,,,general,,
74214,4362,Basilique et musée de Santa Maria Maggiore : entrée coupe-file,,8.60,11,,,,,general,,
74220,4362,Basilique de Santa Maria Maggiore : billet d'entrée avec audioguide,,9.46,12,,,,,general,,
74224,4362,Prison de la Mamertine : billet d'entrée avec audioguide numérique,,11.18,14,01h00,,,,general,,
74210,4362,Villa Gregoriana : billet d'entrée,,12.90,16,,,,,general,,
74216,4362,Musée de l'Ara Pacis : exposition L'impressionnisme et au-delà,,14.62,18,,,,,general,,
72558,4362,Billet d'entrée au Palais Barberini et Galleria Corsini,,16.34,20,,,,,general,,
73677,4362,Musée National Étrusque de la Villa Giulia : billet d'entrée avec audioguide numérique,,19.78,24,,,,,general,,
74125,4362,Panthéon : visite guidée avec billet coupe-file,,21.50,26,1 heure,,,,general,,
74501,4362,"Rome : visite du Colisée avec arène, Forum romain et mont Palatin",,24.08,28,2 heures 30 minutes,,,,general,,
74490,4362,Vatican Museum : visite de la Chapelle Sixtine avec audioguide,,24.94,29,2 heures,Audio|Français|Anglais,,,general,,
74533,4362,"Colisée, Forum romain et Palatin : entrée avec guide ou audioguide",,29,29,1 heure,,,,general,,
74488,4362,"Colisée, Forum Romain et Entrée Palatine Avec Audio Guide.",,30,30,2 heures 30 minutes,Audio|Écrit|Français|Anglais,,,general,,
74495,4362,"Étage du Colisée arène, Forum romain et visite de la colline du Palatin",,26.66,31,2 heures 30 minutes,,,,general,,
72197,4362,Visite des jardins de Villa Borghèse en voiturette de golf,,24.94,31,* Une carte de la Villa Borghèse avec les itinéraires à suivre,,,,general,,
74223,4362,Stade Olympique : billet d'entrée avec audioguide,,27.52,34,01h00,,,,general,,
54454,4362,Entrée réservée à la galerie Doria Pamphilj,,29.24,34,1 heure 10 minutes,,,,general,,
74217,4362,Zoo Bioparco di Roma : billet d'entrée,,27.52,34,,,,,general,,
74219,4362,Palazzo Doria Pamphilj : billet coupe-file,,30.10,37,01h10,,,,general,,
74518,4362,Rome : visite privée des places et fontaines avec guide,,32.68,38,2 heures,,,,solo,,
71789,4362,La Traviata : l'opéra original avec ballet,,32.68,38,2 heures,Écrit|Anglais,,,general,,
74218,4362,"Prison Mamertine, Forum Romain et Colline Palatine : billet d'entrée",,31.82,39,02h00,,,,general,,
73734,4362,Zone archéologique d'Ostia Antica Entrée réservée,,34.40,40,1 heure,,,,general,,
74187,4362,Visite guidée du Panthéon avec billets d’entrée en anglais,,33.54,41,45 minutes,,,,general,,
74225,4362,Opéra La Traviata à Rome,,34.40,42,02:15,,,,general,,
72227,4362,Visite guidée de la Basilique Saint-Pierre et de la Coupole,,36.98,43,1 heure 30 minutes,,,,general,,
70405,4362,Rome : visite privée à pied du Trastevere et du ghetto juif,,36.98,43,2 heures,Français|Anglais,,,solo,,
74213,4362,Cinecittà World : billet d'entrée,,37.84,46,07h00,,,,general,,
74515,4362,"Colisée, Arène, Forum romain et Palatin avec audioguide numérique",,41.28,48,24 heures,,,,general,,
74186,4362,Rome : Colisée et Rome antique avec entrée réservée et audioguide numérique,,40.42,49,2 heures,,,,general,,
54393,4362,Excursion en Ostie antique depuis Rome en train : visite d'une journée,,45.58,53,4 heures,Anglais,,,general,,
55404,4362,Cours de pizza à Rome - Cours de cuisine autour de la Piazza Navona,,45.58,53,2 heures,Anglais,,,general,,
74514,4362,"Colisée de Rome avec Arènes, Forum Romain et Visite Guidée Palatine",,46.44,54,1 heure,,,,general,,
73609,4362,Entrée réservée à l’Arène du Colisée avec audioguide numérique,,50.74,62,1 heure,,,,general,,
74191,4362,Visite guidée du Panthéon en petit groupe en anglais,,50.74,62,45 minutes,,,,groupe,,
55477,4362,"Rome : visite guidée du Colisée avec Arènes, Forum Romain et Palatine",,60.20,70,2 heures 30 minutes,Français|Anglais,,,general,,
72170,4362,Visite nocturne de Rome à vélo,,63.64,74,3 heures,,,,general,,
24718,4362,"Rome : visite gastronomique expresso, glace et tiramisu",,68.80,80,2 heures,Anglais,,,general,,
52612,4362,Location de Vespa à Rome,,68.80,80,24 heures à 72 heures,,,,general,,
71125,4362,Croisière sur le Tibre à Rome avec accords mets et vins,,69.66,81,1 heure 55 minutes à 2 heures 10 minutes,Anglais|Écrit,,,couple,,
73602,4362,Visite de l’Arène des Gladiateurs du Colisée avec le Forum romain et le mont Palatin,,67.94,83,2 heures et demie,,,,general,,
73737,4362,Visite semi-privée d'Ostia Antica au départ de Rome,,73.10,85,4 heures 30 minutes,,,,solo,,
74183,4362,"Visite du Colisée, du mont Palatin et du Forum romain",,72.24,88,2.5 heures,,,,general,,
74180,4362,Visite en français en petit groupe du colisée et de la ville ancienne.,,72.24,88,2.5 heures,,,,groupe,,
55854,4362,"Visite gastronomique à Rome, dégustation de vin avec déjeuner copieux",,81.70,95,4 heures,Anglais,,,general,,
39665,4362,Rome : visite gastronomique et cours de tiramisu,,82.56,96,1 heure,Anglais,,,general,,
74188,4362,"Visite du Colisée, de l’arène et de la Rome antique avec entrée et audioguide numérique",,80.84,98,1 heure,,,,general,,
74493,4362,Rome antique : école de gladiateurs et expérience immersive,,84.28,98,2 heures,,,,general,,
74179,4362,"Visite guidée en français du Colisée, du Forum romain et du mont Palatin",,85.14,103,2.5 heures,,,,general,,
52950,4362,Street Food Tour : excursion de 3 heures en petit groupe,,88.58,103,3 heures,,,,groupe,,
52954,4362,Pâtes et tiramisu : cours partagé avec dîner ou déjeuner chez un local,,88.58,103,3 heures,,,,general,,
74496,4362,Rome for kids : cours de préparation de pizzas en petit groupe,,89.44,104,3 heures,,,,famille,,
74497,4362,Rome For Kids: Cours de préparation de pizzas en petit groupe,,89.44,104,1 heure 1 minute,,,,famille,,
54015,4362,Concert Vivaldi et opéra à l'appartement secret avec visite,,90.30,105,1 heure 15 minutes,Anglais,,,general,,
74181,4362,Visite des Musées du Vatican et de la Chapelle Sixtine en français,,90.30,110,2.5 heures,,,,general,,
74184,4362,"Visite guidée des musées du Vatican, de la chapelle Sixtine et de la basilique Saint-Pierre.",,98.90,120,3 heures,,,,general,,
52517,4362,Tivoli : excursion d'une journée au départ de Rome,,105.78,123,6 heures,Anglais,,,general,,
55459,4362,"Rome : visite du Colisée, Mont Palatin et Forum en petit groupe sans transport",,109.22,127,3 heures,Anglais,,,groupe,,
61312,4362,Musées du Vatican et chapelle Sixtine : visite semi-privée,,114.38,133,3 heures,Anglais,,,solo,,
52942,4362,L'art de l'apéritif italien : apprendre et apprécier avec un local,,116.10,135,2 heures,,,,general,,
52953,4362,Nommez votre propre recette : cours de cuisine en petit groupe,,116.96,136,5 heures,,,,groupe,,
72352,4362,Visite de Rome en voiturette de golf,,118.68,138,3 heures,Français|Anglais,,,general,,
70403,4362,Visite de la Villa Farnesina et du quartier de Trastevere à Rome,,123.84,144,2 heures 30 minutes,Anglais,,,general,,
52948,4362,Expérience culinaire : tour privé du marché avec dîner chez un local,,124.70,145,4 heures,,,,solo,,
52951,4362,Expérience culinaire : tour en petit groupe du marché avec dîner,,124.70,145,4 heures,,,,groupe,,
52564,4362,Location de Vespa à Rome - 48 heures de location,,128.14,149,48 heures,,,,general,,
52946,4362,Pasta italienne : cours privé avec un dîner chez un local,,129.86,151,3 heures,,,,solo,,
52947,4362,Pâtes et tiramisu : cours privés avec dîner ou déjeuner chez un local,,129.86,151,3 heures,,,,solo,,
52945,4362,Devenir un masterchef : cours privé de pizza et de tiramisu,,129.86,151,3 heures,,,,solo,,
24392,4362,Florence : excursion au départ de Rome en train à grande vitesse,,132.44,154,9 heures,Anglais,,,general,,
52941,4362,Apprendre la cuise italienne : cours de cuisine privé avec un local,,133.30,155,3 heures,,,,solo,,
30803,4362,Rome : dîner de luxe près du Panthéon en petit groupe,,151.36,176,2 heures 30 minutes,Anglais,,,groupe,,
73149,4362,Visite Nocturne de Rome en Taxi,,151.36,176,2 heures,,,,general,,
66955,4362,"Rome : découverte de la Ville éternelle et du ghetto, visite privée",,153.94,179,3 heures,Français|Anglais,,,solo,,
70490,4362,Excursion en petit groupe d'une demi-journée dans la Rome chrétienne et les basiliques souterraines,,153.94,179,3 heures,Français|Anglais,,,groupe,,
54967,4362,Florence : visite et billet à Galerie des offices - départ de Rome,,154.80,180,14 heures,,,,general,,
54512,4362,Concert d'opéra en plein air,,156.52,182,1 heure 20 minutes,Anglais,,,general,,
70378,4362,Rome d'une journée : visite du Vatican et du Colisée,,157.38,183,6 heures,Anglais,,,general,,
70402,4362,Excursion culinaire privée à Rome : Campo de Fiori ghetto juif et Trastevere,,165.12,192,3 heures 30 minutes,Anglais,,,solo,,
51789,4362,Rome : cours de cuisine de pâtes,,166.84,194,2 heures 30 minutes,,,,general,,
52949,4362,Visite privée du marché avec cours de cuisine chez un local,,169.42,197,5 heures,,,,solo,,
73150,4362,Visite nocturne de Rome en Mini Cooper Cabrio Classic,,169.42,197,3 heures,,,,general,,
24721,4362,Rome : cours de cuisine et visite de l'épicerie,,200,200,5 heures,Anglais,,,general,,
49382,4362,Florence : excursion en train avec entrée au musée des Offices,,177.16,206,12 heures,Anglais,,,general,,
52563,4362,Location de Vespa à Rome - 72 heures de location,,181.46,211,72 heures,,,,general,,
74498,4362,Rome illuminée : visite familiale avec dégustation de pizzas et glaces,,182.32,212,2 heures 30 minutes,,,,general,,
72284,4362,"Carte Omnia : Vatican, Basilique Saint-Pierre et Open Bus (72h)",,155.66,216,,,,,general,,
24720,4362,Rome : cours de cuisine dans la campagne romaine,,194.36,226,7 heures,Anglais,,,general,,
24183,4362,Venise : excursion au départ de Rome en train à grande vitesse,,222.74,259,12 heures,Anglais,,,general,,
56166,4362,Excursion d'une journée sur l'île de Capri au départ de Rome,,223.60,260,8 heures,,,,general,,
56177,4362,Île de Capri avec la grotte bleue : excursion au départ de Rome,,223.60,260,10 heures,,,,general,,
74074,4362,Visite privée de la Galerie Borghèse et des Jardins,,234.78,273,3 heures,,,,solo,,
66628,4362,Visite privée des joyaux cachés et des souterrains du Trastevere,,292.40,340,2 heures,Français|Anglais,,,solo,,
74499,4362,"Castel Sant'Angelo, Panthéon & Piazza Navona : visite familiale",,311.32,362,2 heures 30 minutes,,,,general,,
74063,4362,Visite privée des Musées du Vatican accès coupe-file et Basilique Saint-Pierre,,314.76,366,4 heures,,,,solo,,
74075,4362,Visite privée au coeur de Rome,,352.60,410,3 heures,,,,solo,,
74064,4362,"Visité privé Colisée, Forum Romain et Mont Palatin",,386.14,449,3 heures,,,,solo,,
55462,4362,Rome : visite privée de la Basilique et des catacombes souterraines,,450.64,524,4 heures,Français,,,solo,,
74065,4362,Visite privée des Musées du Vatican avec pick-up,,497.08,578,4 heures,,,,solo,,
74076,4362,Visite privée de la Chapelle Sixtine et des musées du Vatican avec petit-déjeuner,,620.92,722,4 heures,,,,solo,,
53613,4362,"Tout Rome en 1 jour-Voiture de luxe, guide, billets d'entrée, déjeuner",,838.50,975,7 heures 30 minutes,Français|Anglais,,,general,,
59935,4362,Bénédiction du pape et visite privée d'un match de football,,906.44,1054,7 heures,Anglais,,,solo,,
54376,4213,Naples : visite audio guidée en bus à arrêts multiples,,25.80,36,1h30,Audio|Français|Anglais,,,general,,
34652,4213,Mont Vésuve et Pompéi : excursion d'une journée au départ de Naples,,110.08,128,7 heures,,,,general,,
34651,4213,Pompéi : excursion guidée au départ de Naples,,64.50,75,4 heures,,,,general,,
34698,4213,Capri et Anacapri : excursion d'une journée au départ de Naples,,115.24,134,09h00,,,,general,,
34757,4213,"Sorrente, Positano, Amalfi et Ravello : excursion au départ de Naples",,78.26,91,8 heures,,,,general,,
34668,4213,Naples : excursion en petit groupe,,27.52,32,2 heures,,,,groupe,,
34697,4213,Mont Vésuve : excursion d'une demi journée au départ de Naples,,55.04,64,4 heures,,,,general,,
40243,4213,Naples : tour en bus à arrêts multiples,,24.94,29,Ligne A : 45 minutes,Audio|Français|Anglais,,,general,,
34696,4213,Pompéi et Sorrente : excursion d'une journée au départ de Naples,,82.56,96,8 heures,,,,general,,
52096,4213,Herculanum : excursion en petit group avec un archéologue,,42.14,49,2 heures,Français|Anglais,,,general,,
18291,4213,Ile de Capri : excursion semi guidée,,57.62,67,5 heures,Anglais,,,general,,
52013,4213,Capri : visite de la mer et de la ville en bateau depuis Naples,,88.58,103,10 heures,Anglais,,,general,,
34727,4213,Naples et Pompéi : excursion d'une demi journée,,73.10,85,6 heures,,,,general,,
70607,4213,Visite quotidienne de l'île de Capri au départ de Naples,,112.66,131,8 heures,Français|Anglais,,,general,,
52085,4213,Naples : visite guidée souterraine,,17.20,20,1 heure,Anglais,,,general,,
52089,4213,Naples : excursion quotidienne en groupe sur la côte amalfitaine,,50.74,59,8 heures,Anglais,,,groupe,,
61032,4213,Visite guidée privée de 2 heures au musée archéologique de Naples,,93.74,109,2 heures,Français|Anglais,,,solo,,
71715,4213,"Tour sur la côte Amalfitaine Positano, Amalfi et Ravello au départ de Naples",,102.34,119,8 heures à 9 heures,Français|Anglais,,,general,,
40745,4213,"Excursion à Sorrente, Positano, Amalfi et Ravello au départ de Naples",,721.54,839,8 heures,Français|Anglais,,,general,,
56911,4213,Chasse au trésor de Naples et visite autoguidée des monuments,,5.16,6,2 heures,Français|Anglais,,,general,,
74504,4213,Herculanum : billet d'entrée coupe-file avec audioguide,,28.38,33,1 heure,Audio|Français|Anglais,,,general,,
52100,4213,Balade à Naples avec les ruines souterraines,,33.54,39,3 heures à 4 heures,Anglais,,,general,,
52084,4213,"Cours de pizza et pâte: choisissez entre marinara, margherita ou frite",,38.70,45,2 heures,Français|Anglais,,,general,,
56877,4213,Visite du Vésuve au départ d'Herculanum avec bus et billet d'entrée,,39.56,46,3 heures,,,,general,,
34270,4213,Ancien Pompéi : excursion guidée en petit groupe,,55.90,65,2 heures,Anglais,,,groupe,,
52101,4213,Palais royal de Caserte : excursion d'une journée au départ de Naples,,112.66,131,4 heures 30 minutes,,,,general,,
56125,4213,Visite privée d'une demi-journée du parc national du Vésuve,,112.66,131,4 heures,Français|Anglais,,,solo,,
52099,4213,Pompéi et l'île de Capri : excursion guidée d'une journée,,139.32,162,8 heures,Anglais,,,general,,
52083,4213,Positano et Amalfi : excursion en bateau au départ de Naples,,163.40,190,10 heures à 11 heures,Anglais,,,general,,
56916,4213,Activité de chasse au trésor autoguidée dans le quartier Vomero,,0,0,2 heures,Anglais,,,general,,
74502,4213,Parc archéologique d'Herculanum : application d'audioguide,,3.44,5,01:00,,,,general,,
56912,4213,Naples de la Grèce antique à nos jours : une visite audio autoguidée,,7.74,9,40 minutes à 1 heure,Audio|Anglais,,,general,,
56913,4213,Audioguide de Naples dans l'application Smartphone,,7.74,9,30 minutes à 1 heure,Audio|Français|Anglais,,,general,,
56926,4213,Audioguide interactif pour le centre historique de Naples,,8.60,10,2 heures à 4 heures,Audio|Écrit|Français|Anglais,,,general,,
56929,4213,Naples pour découvrir les saveurs et les connaissances,,14.62,17,1 heure 30 minutes,Anglais,,,general,,
74454,4213,Visite guidée des Catacombes de San Gennaro,,14.62,18,Durée entre 50 Minute(s) et 50 Minute(s),,,,general,,
56936,4213,Napulitanata: billet de concert de musique napolitaine traditionnelle,,19.78,23,1 heure,,,,general,,
56937,4213,Jeu de la ville de Naples Sherlock Holmes autoguidé,,19.78,23,2 heures,Français|Anglais,,,general,,
56856,4213,Excursion d'une journée à Pompéi depuis Naples,,22.36,26,5 heures 10 minutes,Audio|Français|Anglais,,,general,,
56742,4213,Visite guidée à pied de l'histoire de Naples et du tunnel de Bourbon,,23.22,27,1 heure,Anglais,,,general,,
73632,4213,Le Vésuve : billet d'entrée,,26.66,33,,,,,general,,
56900,4213,Naples 8 heures de vélo électrique quotidien,,35.26,41,8 heures,,,,general,,
56857,4213,Visite de Naples et de son idole Diego Armando Maradona,,39.56,46,1 heure,Anglais,,,general,,
52014,4213,Naples : excursion autour de la cuisine de rue,,39.56,46,2 heures 30 minutes,Anglais,,,general,,
55894,4213,Visite de Naples en vélo,,42.14,49,3 heures,Français|Anglais,,,general,,
56741,4213,Dégustation de vin guidée et amusante à Naples,,44.72,52,1 heure 30 minutes,Anglais,,,general,,
74420,4213,Visite à pied de Naples et dégustation de street food,,53.32,62,3 heures,,,,general,,
73927,4213,Ischia : billet d’entrée aux thermes de Poséidon,,57.62,70,10:00,,,,general,,
52098,4213,Naples : excursion guidée en vélo électrique,,66.22,77,3 heures à 7 heures,Anglais|Audio,,,general,,
52104,4213,Ruines souterraines : visite à pied de Naples,,66.22,77,3 heures,Anglais,,,general,,
74408,4213,Visite guidée de Pompéi au départ de Naples,,67.08,78,4 heures,Français|Anglais,,,general,,
56927,4213,Visite des quartiers espagnols,,70.52,82,2 heures,Anglais,,,general,,
52088,4213,Naples : Scenic E-Bike Ride avec vin de vignoble et repas,,78.26,91,4 heures,Anglais,,,general,,
56739,4213,Visite privée à pied de la ville historique d'Herculanum,,79.12,92,2 heures,Français|Anglais,,,solo,,
71237,4213,"Excursion d'une journée à Sorrento, Positano et Amalfi au départ de Naples",,82.56,96,7 heures à 8 heures,Anglais,,,general,,
56878,4213,Naples : balade à cheval dans le parc national du Vésuve,,83.42,97,3 heures,Anglais,,,general,,
56858,4213,Visite de Naples à Noël avec le marché San Gregorio Armeno,,84.28,98,3 heures,Anglais,,,general,,
56734,4213,"Croisière d'une journée à Pompéi, Sorrente et sur la côte amalfitaine",,84.28,98,8 heures,Anglais,,,couple,,
56902,4213,Aperisunset en bateau pneumatique depuis Naples,,84.28,98,2 heures,Anglais,,,general,,
59230,4213,"Positano, Amalfi et Ravello - Visite de groupe",,84.28,98,8 heures,Anglais,,,groupe,,
72397,4213,Visite guidée de Positano et Amalfi par la mer depuis Naples,,89.44,104,9 heures 30 minutes,,,,general,,
74325,4213,Visite guidée de la côte amalfitaine au départ de Naples,,98.04,114,9 heures,Français|Anglais,,,general,,
74406,4213,Pompéi et Sorrente : excursion au départ de Naples,,98.04,114,8 heures,Français|Anglais,,,general,,
74326,4213,Excursion d'une journée à Pompéi et au Mont Vésuve au départ de Naples,,103.20,120,8 heures,Français,,,general,,
52015,4213,Le meilleur de Naples : visite avec 10 dégustations gastronomiques,,103.20,120,3 heures,Français|Anglais,,,general,,
73622,4213,Visite du palais royal de Caserta depuis Naples,,111.80,130,6 heures,,,,general,,
74054,4213,Billet d'entrée aux jardins d'Ischia Poséidon avec transfert en hydroptère,,113.52,132,7 heures à 9 heures,,,,general,,
58571,4213,École de cuisine privée avec ManuFood,,117.82,137,5 heures,Anglais,,,solo,,
58570,4213,Balade privée à Herculanum,,125.56,146,2 heures à 6 heures,Français|Anglais,,,solo,,
56732,4213,Visite privée de Pompéi,,126.42,147,3 heures à 4 heures,Anglais,,,solo,,
69266,4213,Visite guidée d'une demi-journée à Naples et à Pompéi au départ de Naples,,130.72,152,6 heures,Anglais,,,general,,
73623,4213,Visite d'une demi-journée du palais royal de Caserte partagée depuis Naples,,134.16,156,4 heures,,,,general,,
71233,4213,Visite Privée à Herculanum avec une guide Archéologue,,137.60,160,2 heures,Français|Anglais,,,solo,,
58572,4213,Dégustation privée du vin du diable,,138.46,161,2 heures 30 minutes,Anglais,,,solo,,
71234,4213,Visite privée et personnalisée Herculanum avec un guide local,,140.18,163,2 heures,Français|Anglais,,,solo,,
60872,4213,Visite privée du musée archéologique de Naples avec un archéologue,,151.36,176,2 heures,Français|Anglais,,,solo,,
56861,4213,Pompéi Ruins : visite privée avec déjeuner et expérience viticole,,155.66,181,6 heures à 8 heures,Anglais,,,solo,,
74417,4213,Excursion à Capri et Anacapri avec la Grotte Bleue au départ de Naples,,156.52,182,8 heures,Français|Anglais,,,general,,
71231,4213,Visite privée et guidée à Herculanum en compagnie d'un guide local professionnel - tout compris,,160.82,187,2 heures,Anglais,,,solo,,
56750,4213,Visite privée : balade à Naples,,165.12,192,3 heures,Français|Anglais,,,solo,,
52106,4213,Naples : excursion privée d'une demi-journée à ruines d'Herculanum,,167.70,195,3 heures,Anglais,,,solo,,
73624,4213,De Naples: visite du palais royal de Caserte demi-journée 4 heures,,167.70,195,4 heures,,,,general,,
71722,4213,Visite de Sorrento Positano Amalfi au départ de Naples,,167.70,195,7 heures à 8 heures,Français|Anglais|Audio,,,general,,
56859,4213,Visite guidée de 2 heures et demie dans le centre historique de Naples,,178.02,207,2 heures 30 minutes,Anglais,,,general,,
72341,4213,Excursion d'une journée en bateau à Ischia et Procida au départ de Naples,,186.62,217,11 heures à 12 heures,,,,general,,
56746,4213,Visite d'une journée sur l'île de Capri avec la grotte bleue de Naples,,186.62,217,8 heures,,,,general,,
59222,4213,Visite privée de la côte amalfitaine et de Pompéi,,219.30,255,7 heures à 8 heures,Français|Anglais,,,solo,,
35689,4213,"Herculanum, Vésuve et Pompéi : excursion privée d'une journée",,248.54,289,8 heures à 9 heures,Anglais,,,solo,,
55753,4213,Sorrento Positano et Pompéi au départ de Naples,,248.54,289,8 heures,Français|Anglais,,,general,,
44787,4213,"Pompéi, Herculanum et Vésuve : excursion d'une journée",,256.28,298,8 heures,Anglais,,,general,,
73625,4213,"Visite privée du palais royal de Caserte au départ de Naples avec Guide, Chauffeur",,328.52,382,5 heures,,,,solo,,
56921,4213,Le meilleur de la côte amalfitaine en train depuis Rome,,362.06,421,10 heures à 12 heures,Français|Anglais,,,general,,
56862,4213,Pompéi : déjeuner et dégustation de vins au départ du port,,365.50,425,6 heures,Anglais,,,general,,
56865,4213,Pompéi : visite avec déjeuner depuis le port de croisière,,365.50,425,6 heures,Anglais,,,couple,,
56866,4213,Pompéi : visite avec déjeuner et dégustation de vin depuis le port,,365.50,425,6 heures,Anglais,,,general,,
56867,4213,Pompéi et Herculanum: déjeuner et dégustation de vin depuis le port,,365.50,425,8 heures,Anglais,,,general,,
56735,4213,Visite privée de Pompéi au départ de Naples,,374.10,435,4 heures,Anglais,,,solo,,
70970,4213,Visite de la côte amalfitaine,,385.28,448,8 heures,Anglais,,,general,,
58569,4213,"Positano, Amalfi et Ravello : visite privée",,403.34,469,8 heures à 9 heures,Anglais,,,solo,,
73777,4213,Excursion privée avec billet coupe-file à la ville antique d'Herculanum et au Vésuve avec guide et chauffeur local,,434.30,505,6 heures,Français|Anglais,,,solo,,
56731,4213,Visite privée d'une journée sur les anciens Pompéi et le Vésuve,,439.46,511,7 heures,Anglais,,,solo,,
63256,4213,Mont Vésuve et Pompéi Excursion privée à la journée,,442.90,515,7 heures,Français|Anglais,,,solo,,
56868,4213,Pompéi et Vésuve : déjeuner avec dégustation de vins au départ du port,,459.24,534,8 heures,Anglais,,,general,,
56864,4213,Pompéi et Mont Vésuve : visite avec déjeuner depuis le port,,459.24,534,8 heures,Anglais,,,general,,
56903,4213,Excursions sur la côte amalfitaine,,505.68,588,8 heures,Anglais,,,general,,
58574,4213,Visite privée de Procida et d'Ischia,,608.88,708,8 heures,Anglais,,,solo,,
72346,4213,Excursion en bateau privé à Ischia et Procida au départ de Naples,,834.20,970,8 heures,Français|Anglais,,,solo,,
56906,4213,Transfert à Capri en yacht,,2800.16,3256,2 heures à 4 heures,Anglais,,,general,,
51541,669,Valle de la Luna : excursion au départ de San Pedro,,41.28,48,5 heures,,,,general,,
51549,669,Rainbow Valley : excursion au départ de San Pedro de Atacama,,42.14,49,5 heures,,,,general,,
51518,669,Visite d'astronomie à San Pedro de Atacama,,42.14,49,2 heures,,,,general,,
51526,669,Lagune de Cejar et Tebenquiche: excursions depuis San Pedro de Atacama,,42.14,49,5 heures,,,,general,,
68317,669,Visite à Vallecito et Magic Bus,,48.16,56,4 heures,Anglais,,,general,,
51551,669,Tour El Tatio Geyser et Machuca au départ de San Pedro de Atacama,,55.04,64,8 heures,,,,general,,
51515,669,"Piedras Rojas, Salar d'Atacama et lacs d'Altiplano",,79.98,93,10 heures,,,,general,,
68321,669,4 heures à vélo à San Pedro de Atacama,,87.72,102,4 heures,Anglais,,,general,,
18176,669,Atacama : tour d'une journée à Los Flamencos et le village de Socaire,,109.22,127,10 heures à 11 heures,Anglais,,,general,,
68323,669,Excursion d'une journée dans les lagons altiplaniques de Piedras Rojas Lagon de Chaxa,,135.02,157,11 heures,Anglais,,,general,,
68327,669,"Ethno-Gastronomie. Menu Dégustation, 6 fois avec Jumelage.",,222.74,259,1 heure 45 minutes,Anglais,,,general,,
68326,669,Route des Salares,,403.34,469,3 heures,Anglais,,,general,,
68325,669,Circuit unique de 5 jours à San Pedro de Atacama,,509.12,592,120 heures,Anglais,,,general,,
68319,669,Plein Atacama - SORBAC (visites de groupe),,1052.64,1224,144 heures,Anglais,,,groupe,,
68316,669,Full Atacama - SORBAC (groupes privés),,1593.58,1853,144 heures,Anglais,,,groupe,,
51527,667,Dîner-spectacle chilien traditionnel,,0,0,5 heures,,,,general,,
51535,667,Full day Excursion to Valle Nevado Ski Center,,0,0,8 heures,,,,general,,
71793,667,Santiago City Tour Plus Vina del Mar & Valparaiso,,0,0,2 jours,,,,general,,
71796,667,Santiago Super Saver: Ville toucheux et concha,,0,0,2 jours,,,,general,,
71797,667,Santiago Super Saver: Concha y Toro plus Vina Del,,0,0,2 jours,,,,general,,
51528,667,Coastal Viña del Mar & Historic Valparaiso,,42.14,49,8 heures,,,,general,,
51534,667,Excursion d'une journée au centre de ski Valle Nevado et Farellones,,42.14,49,9 heures,,,,general,,
51554,667,Santiago : Visite classique de la ville,,54.18,63,3 heures 30 minutes,,,,general,,
51558,667,Undurraga : excursion avec dégustation de vins,,63.64,74,3 heures 30 minutes,,,,general,,
51532,667,Cousino Macul Winery : visite guidée,,72.24,84,3 heures 30 minutes,,,,general,,
51529,667,Visite de la ville Viña del Mar et maison de Pablo Neruda à Isla Negra,,75.68,88,8 heures,,,,general,,
67585,667,Visite semi-privée premium d'une demi-journée Points forts de Santiago,,81.70,95,3 heures,Anglais,,,solo,,
51531,667,Concha et Toro : expérience œnologique au départ de Santiago,,104.06,121,3 heures 30 minutes,Anglais,,,general,,
51530,667,Colchagua Valley Winery : excursion d'une journée de Santiago,,220.16,256,9 heures,,,,general,,
69046,667,Visite privée de Valparaiso avec un guide local expérimenté,,260.58,303,8 heures à 9 heures,Anglais,,,solo,,
53291,3227,Croisière dans les îles volcaniques de Santorin,,35.26,41,6 heures,Français|Anglais,,,couple,,
53292,3227,Croisière sur les îles volcaniques Thirassia et couche du soleil à Oia,,39.56,46,11 heures,Français|Anglais,,,couple,,
44230,3227,Santorin : croisière en Catamaran avec barbecue et boissons,,89.44,104,5 heures,Anglais,,,couple,,
40200,3227,Santorin : croisière au coucher du soleil avec dîner,,82.56,96,6 heures,,,,couple,,
54462,3227,Santorin : Tour en quad avec déjeuner traditionnel,,101.48,118,3 heures,Anglais,,,general,,
53293,3227,Excursion en bus à Santorin avec coucher du soleil à Oia,,43.86,51,10 heures,Français|Anglais,,,general,,
31214,3227,Santorin : croisière en catamarin au coucher du soleil,,78.26,91,5 heures,Anglais,,,couple,,
58432,3227,Visite privée personnalisée du meilleur de Santorin,,43.86,51,4 heures à 8 heures,Anglais,,,solo,,
58438,3227,Visite guidée de 5 heures de Santorin,,98.04,114,4 heures 30 minutes à 5 heures,Anglais,,,general,,
53294,3227,Santorini Wine Tour avec coucher de soleil à Oia,,109.22,127,6 heures,Anglais,,,general,,
58439,3227,"Visite de Santorin, tous les lieux incontournables et séance photo",,222.74,259,6 heures,Anglais,,,general,,
72203,3227,Santorin: Croisière privée en catamaran (nourriture et boissons),,445.48,518,4 heures à 6 heures,Anglais|Écrit,,,couple,,
71613,3227,Croisière au volcan et aux sources chaudes,,30.10,35,3 heures,Anglais,,,couple,,
58425,3227,Visite privée sur mesure - Explorez Santorin avec confort et style,,44.72,52,3 heures à 6 heures,Anglais,,,solo,,
58436,3227,Visite privée d'une demi-journée à Santorin,,49.02,57,3 heures à 6 heures,Anglais,,,solo,,
58444,3227,Transfert aller-retour pour Oia,,49.88,58,3 heures,Anglais,,,general,,
40192,3227,Santorin : visite de l'île du volcan et des sources chaudes,,52.46,61,12 heures,,,,general,,
40202,3227,Oia : excursion avec visite du village traditionnel,,54.18,63,9 heures,,,,general,,
58440,3227,Journée au coucher du soleil et aux villages traditionnels d'Oia,,55.04,64,10 heures,Anglais,,,general,,
58426,3227,Visite privée de 6 heures à Santorin,,59.34,69,4 heures à 6 heures,Anglais,,,solo,,
58429,3227,Excursion d'une demi-journée à Santorin,,64.50,75,5 heures,Anglais,,,general,,
31205,3227,Santorin : croisière en catamaran avec barbecue et boissons,,78.26,91,5 heures,Anglais,,,couple,,
58435,3227,Visite des es points forts de Santorin et des châteaux de Venise,,89.44,104,10 heures à 11 heures,Anglais,,,general,,
54464,3227,Santorin : plongée sous-marine dans la caldeira du volcan,,94.60,110,2 heures 30 minutes,Anglais,,,general,,
58427,3227,Croisière en catamaran Santorini Platinum avec barbecue et bar ouvert,,98.90,115,5 heures,Anglais,,,couple,,
54461,3227,Santorin : excursion en quad avec transfert,,150,150,3 heures 30 minutes,Anglais,,,general,,
58428,3227,Séance photo en robe volante à Santorin avec prise en charge,,156.52,182,1 heure 30 minutes,Anglais,,,general,,
60218,3227,Visite privée sur mesure de 5 heures à Santorin,,173.72,202,5 heures,Anglais,,,solo,,
54691,3227,Excursion privée d'une journée à Santorin,,246.82,287,7 heures à 8 heures,Anglais,,,solo,,
53296,3227,Une aventure œnologique inoubliable sur l'île de Santorin,,326.80,380,4 heures 30 minutes,Français|Anglais,,,general,,
44231,3227,L'arôme de Santorin : excursion d'une demi journée,,375.82,437,4 heures,Français|Anglais|Écrit,,,general,,
53295,3227,Domaine vinicole : excursion au coucher du soleil à Oia,,573.62,667,5 heures,Anglais,,,general,,
21981,3227,Santorin : croisière privée sur la caldeira avec buffet et boissons,,890.10,1035,5 heures,Anglais,,,couple,,
49217,3227,Santorin : vol en hélicoptère,,2707.28,3148,1 heure 30 minutes,Anglais,,,general,,
32405,2797,Harry Potter Warner Bros : excursion aux studios de tournage,,101.48,118,7 heures,,,,general,,
34824,2797,Le Roi Lion à Londres : billet d'entrée au spectacle,,137.60,160,,,,,general,,
34843,2797,Mamma Mia à Londres : billet d'entrée au spectacle,,100,100,2 heures 35 minutes,,,,general,,
36917,2797,Circuit en bus à arrêts multiples à Londres,,31.82,37,24 heures,Audio|Français|Anglais,,,general,,
42175,2797,Londres : visite privée à pied,,238.22,277,4 heures,,,,solo,,
70228,2797,"Visite guidée de l'abbaye de Westminster à Londres, Big Ben, Buckingham",,55.90,65,3 heures à 4 heures,Français|Anglais,,,general,,
73115,2797,London Eye : billet d'entrée,,48.16,58,30 minutes,,,,general,,
42704,2797,Arsenal FC : visite de l'Emirates Stadium,,60,60,- La durée de la visite du musée : environ 30 minutes.,Audio|Français|Anglais,,,general,,
73634,2797,Croisière sur la Tamise à Londres : billet flexible 24h,,14.62,17,Validité : 24 heures,,,,couple,,
73637,2797,Billet d’entrée pour Tower Bridge à Londres,,12.90,16,1 heure,,,,general,,
73250,2797,Aquarium Sea Life de Londres : billet d'entrée,,28.38,34,2 heures,,,,general,,
73247,2797,Madame Tussauds Londres : billet d'entrée,,29.24,35,2 heures,,,,general,,
73321,2797,Palais de Buckingham : billet d'entrée,,32.68,40,2 heures,,,,general,,
73283,2797,Dîner-croisière sur la Tamise à Londres,,123.84,150,3 heures et demie,,,,couple,,
73123,2797,Londres : visite guidée du British Museum,,25.80,30,2 heures,Français|Anglais,,,general,,
73652,2797,Golden Pass - Billet Tout-en-Un pour les Meilleures Attractions de Londres,,68.80,83,1 jour,,,,general,,
32362,2797,Visite de Londres : tour en bus des palais et de la relève de la Garde,,53.32,62,3 heures 15 minutes,,,,general,,
32412,2797,Londres : excursion l'après-midi avec croisière sur la Tamise,,126.42,147,4 heures 30 minutes,,,,couple,,
38217,2797,Le Fantôme de l'Opéra à Londres : billet d'entrée au spectacle,,127.28,148,2 heures 30 minutes,,,,general,,
52577,2797,Londres : tour en bus hop-on hop-off avec croisière - Pass 24 heures,,42.14,49,Billet 1 jour,Audio|Français|Anglais,,,couple,,
38198,2797,Les Misérables à Londres : billet d'entrée au spectacle,,73.10,85,3 heures,,,,general,,
12337,2797,Hard Rock Cafe Londres : billets coupe file,,36.12,42,2 heures,,,,general,,
73233,2797,Billet d'entrée pour l'abbaye de Westminster avec audioguide,,30.96,37,3 heures,,,,general,,
42401,2797,Londres : visite guidée en bus,,30.96,44,1h30,Anglais,,,general,,
73648,2797,Hyde Park et Kensington Gardens : une visite audioguidée,,10.32,12,1 heure à 1 heure 15 minutes,,,,general,,
73931,2797,Visite guidée du stade de Wembley,,28.38,35,75 minutes,,,,general,,
73659,2797,Montée à l'O2 - Expérience en journée,,45.58,56,01:30,,,,general,,
73286,2797,Croisière déjeuner sur la Tamise à Londres,,50.74,61,1 heure 75 minutes,,,,couple,,
73331,2797,Château de Windsor : visite audioguidée avec transport,,68.80,83,6 heures,,,,general,,
73117,2797,LEGOLAND® Windsor avec transport aller-retour depuis Londres,,73.10,88,12 heures,,,,general,,
73638,2797,"Excursion d'une journée à Stratford-upon-Avon, lieu de naissance de Shakespeare, au départ de Londres.",,88.58,108,"10,5 heures",,,,general,,
71278,2797,Visite du palais de Buckingham et des joyaux de la couronne de Londres avec croisière,,190.06,221,8 heures,,,,couple,,
52579,2797,Londres : tour en bus hop-on hop-off avec croisière - Pass  48 heures,,57.62,67,Billet 1 jour,Audio|Anglais,,,couple,,
32472,2797,Londres : excursion d'une journée avec croisière sur la Tamise,,143.62,167,8 heures 30 minutes,,,,couple,,
73249,2797,Tour de Londres :  billet d'entrée,,36.12,43,2 heures,,,,general,,
71723,2797,Visite privée à pied de Londres avec un guide (visite privée),,50.74,59,2 heures à 8 heures,Français|Anglais,,,solo,,
18422,2797,Sherlock Holmes Londres : visite des sites du film,,22.36,26,2 heures,Anglais,,,general,,
32473,2797,Jack l’Éventreur : visite guidée en autocar avec Fish an Chips gratuit,,31.82,37,3 heures,,,,general,,
73661,2797,Visite à pied de l'art de rue à Shoreditch,,21.50,26,2h45,,,,general,,
54607,2797,Excursion en bus fantôme - Londres,,30.96,36,1 heure à 1 heure 15 minutes,Anglais,,,general,,
70852,2797,Frameless - Expérience artistique immersive à Londres,,32.68,38,1 heure à 2 heures,Écrit|Français|Anglais,,,general,,
38214,2797,The Mousetrap à Londres : billet d'entrée au spectacle,,56.76,66,2 heures 15 minutes,,,,general,,
55120,2797,Tour de Londres en vélo électrique,,64.50,75,2 heures 15 minutes,Français|Anglais,,,general,,
32625,2797,Stonehenge Express : visite avec billet d'entrée,,84.28,98,6 heures,,,,general,,
34842,2797,Matilda à Londres : billet d'entrée au spectacle musical,,98.04,114,,,,,general,,
67410,2797,Hamilton : billet d'entrée au spectacle,,120.40,140,2 heures 45 minutes,,,,general,,
73012,2797,Le London Pass Plus,,116.96,142,,,,,general,,
72225,2797,Londres : croisière du Nouvel An sur le London Rose,,312.18,385,4 heures,,,,couple,,
72640,2797,"London Eye, Madame Tussauds et SEA LIFE London : Billet d'entrée",,0,0,,,,,general,,
72642,2797,London Eye : L'expérience du champagne,,0,0,00:30,,,,general,,
73280,2797,Musée Jack l'Éventreur : billet d'entrée,,14.62,17,1 heure,,,,general,,
73222,2797,Visite à pied de Londres royale,,15.48,18,1 heure et demie,,,,general,,
38051,2797,Brighton : tour en bus à arrêts multiples - Pass 1 jour,,16.34,19,24 heures,Audio|Français|Anglais,,,general,,
52311,2797,Londres : visite à pied de la royauté britannique,,15.48,20,1 heure 30 minutes,,,,general,,
73636,2797,Visite à pied sur les traces de James Bond à Londres,,17.20,21,2h30,,,,general,,
73631,2797,Sur les traces de Downton Abbey : visite guidée à pied à Londres,,17.20,21,2h30,,,,general,,
38048,2797,Cambridge : tour en bus à arrêts multiples,,18.06,21,24 heures,Audio|Français|Anglais,,,general,,
73325,2797,Royal Mews : billet d'entrée avec audioguide,,18.06,22,45 minutes,,,,general,,
73312,2797,Parc Shrek’s Adventure : billet d'entrée avec audioguide,,21.50,26,1 heure,,,,general,,
53649,2797,Brighton : tour en bus à arrêts multiples - Pass 2 jour,,22.36,26,2 jours,Audio|Français|Anglais,,,general,,
73327,2797,Galerie du Roi au palais de Buckingham : billet d'entrée,,22.36,27,1 heure,,,,general,,
73290,2797,Visite guidée du Globe Theatre à Londres,,22.36,27,2 heures,,,,general,,
72638,2797,"Les écuries royales, Palais de Buckingham",,22.36,28,01:00,,,,general,,
38047,2797,Bath : tour en bus à arrêts multiples,,24.94,29,24 heures,,,,general,,
73383,2797,Billet d’entrée au palais de Kensington,,24.94,30,2 heures et demie,,,,general,,
73253,2797,Cathédrale Saint-Paul : billet d'entrée,,25.80,32,2 heures,,,,general,,
74341,2797,Visite de Londres pour enfants en bus,,25.80,32,45 minutes,,,,famille,,
73403,2797,Visite touristique de Londres en bus à toit ouvert à arrêts multiples,,26.66,32,1 jour,,,,general,,
73275,2797,London Dungeon : billet d'entrée,,26.66,33,50 minutes,,,,general,,
73398,2797,Hampton Court : billet d’entrée au palais et aux jardins,,28.38,34,3 heures,,,,general,,
72486,2797,Madame Tussauds Londres : Billet d'entrée,,29.24,36,,,,,general,,
73643,2797,Visite guidée du Musée d'Histoire Naturelle,,30.10,37,90 minutes,,,,general,,
73723,2797,Tour panoramique de Londres en bus à impériale avec guide,,30.10,37,120 minutes,,,,general,,
71264,2797,Londres : tour de la ville la nuit,,33.54,39,1 heure 30 minutes,,,,general,,
73255,2797,Visite guidée du stade et du musée de Chelsea FC,,31.82,39,1 heure,,,,general,,
73258,2797,Billet d’entrée aux cabinets de guerre de Churchill à Londres,,32.68,40,2 heures,,,,general,,
73307,2797,Emirates Stadium et Arsenal Museum : billet d’entrée avec audioguide,,35.26,42,24 heures,,,,general,,
71259,2797,Visites du musée du stade Chelsea FC,,36.12,42,1 heure à 1 heure 30 minutes,Anglais|Audio,,,general,,
74323,2797,Tour en bus des illuminations de Noël à Londres,,36.12,44,75 minutes,,,,general,,
73385,2797,Visite guidée de Dare Skywalk à Londres,,36.98,45,90 minutes,,,,general,,
74320,2797,Tour nocturne de Londres en bus panoramique,,36.98,45,90 minutes,,,,general,,
74339,2797,London Express – Bus touristique panoramique de Londres,,36.98,45,2 hours,,,,general,,
74342,2797,Visite Tour de Londres,,38.70,47,2 hours,,,,general,,
72632,2797,Londres : visite des sites de tournage de Harry Potter + croisière fluviale,,39.56,48,05:00,,,,couple,,
54525,2797,Tour en vélo à Londres,,50,50,3 heures 30 minutes,Anglais,,,general,,
66805,2797,Quartier de Soho à Londres - Visite guidée à pied exclusive,,48.16,56,2 heures 30 minutes,Français|Anglais,,,general,,
74338,2797,Bus panoramique hop-on hop-off Londres Discovery,,46.44,57,24 hours,,,,general,,
73384,2797,Pass attractions de Merlin : accès à 5 sites emblématiques,,49.88,60,12 heures,,,,general,,
72637,2797,Londres : Grand London Bike Tour,,50.74,62,03:30,,,,general,,
74337,2797,Londres incontournable : bus hop-on hop-off + croisière sur la Tamise »,,51.60,63,24 hours,,,,couple,,
73722,2797,Afternoon tea à Londres en bus panoramique à impériale,,51.60,63,90 minutes,,,,general,,
74317,2797,Bus hop-on hop-off Londres avec croisière sur la Tamise,,51.60,63,24 hours,,,,couple,,
73639,2797,Visite guidée du British Museum,,52.46,63,2 heures,,,,general,,
73118,2797,British Museum : visite guidée avec casque,,57.62,70,02:00,,,,general,,
73387,2797,Tour panoramique de Londres en bus le jour de Noël avec déjeuner en option,,58.48,71,1 jour,,,,general,,
71251,2797,Visite de Royal London avec une croisière fluviale : billet d'entrée,,63.64,74,,,,,couple,,
73401,2797,Visites et ambiances de Londres le jour de Noël,,63.64,77,3 heures et demie,,,,general,,
74319,2797,Bus hop-on hop-off Londres avec tour nocturne panoramique,,66.22,81,24 hours,,,,general,,
73228,2797,Illuminations de Noël à Londres la veille de Noël,,68.80,83,1 heure et demie,,,,general,,
70407,2797,Londres : excursion l'après-midi au Royal Windsor,,73.10,85,6 heures 30 minutes,,,,general,,
73626,2797,Excursion à Brighton et aux falaises des Seven Sisters depuis Londres,,74.82,91,12 heures,,,,general,,
72641,2797,London Eye & SEA LIFE London : Billet d'entrée,,77.40,94,,,,,general,,
62294,2797,Explorez Tower Bridge et les meilleurs monuments de Londres,,85.14,99,6 heures 30 minutes,Anglais,,,general,,
53690,2797,Excursion à Windsor Stonehenge et Bath au départ de Londres,,86.86,101,12 heures,Anglais,,,general,,
68855,2797,Visite guidée privée du musée d'histoire naturelle de Londres,,88.58,103,2 heures,Français|Anglais,,,solo,,
62685,2797,Visite des jardins de Kew et visite à pied de 3 heures de Westminster,,89.44,104,5 heures,Anglais,,,general,,
74335,2797,Bus hop-on hop-off Londres + London Eye + croisière sur la Tamise,,86.86,106,24 hours,,,,couple,,
73219,2797,Excursion d'une journée à Oxford et Cambridge depuis Londres,,87.72,107,10 heures,,,,general,,
73226,2797,"Excursion à Windsor, Oxford et Stonehenge depuis Londres",,87.72,107,12 heures,,,,general,,
73205,2797,"Excursion d'une journée à Stonehenge, Windsor et Bath depuis Londres",,88.58,107,11 heures,,,,general,,
73208,2797,Découverte de Stratford et des Cotswolds : excursion d'une journée,,88.58,107,11 heures,,,,general,,
43283,2797,"Stratford, maison de Shakespear et Cotswolds : excursion avec déjeuner",,88.58,107,11 heures,Anglais,,,general,,
72951,2797,"Château de Leeds, Canterbury et Greenwich : visite la veille de Noël",,102.34,124,Env. 10 heures,,,,general,,
73111,2797,"Château de Leeds, Canterbury et Greenwich : visite le lendemain de Noël",,122.12,147,10 heures,,,,general,,
73119,2797,"Londres  : tour panoramique, Tour de Londres et Cathédrale St Paul",,127.28,154,8 heures et 30 minutes,,,,general,,
73400,2797,Réveillon de Noël à Londres avec dîner et messe de minuit,,127.28,154,12 heures,,,,general,,
54477,2797,Palais de Blenheim et les Cotswolds : excursion avec déjeuner en option,,126.42,156,10 heures,,,,general,,
71257,2797,Visite royale de Londres avec thé de l'après-midi au Rubens,,143.62,167,,,,,general,,
72770,2797,Visite privée du Tower Bridge et des plus beaux monuments de Londres,,156.52,190,Durée entre 7 Heure(s) et 7 Heure(s),,,,solo,,
72949,2797,Noël à Canterbury et Greenwich avec déjeuner traditionnel,,175.44,212,Env. 9 heures,,,,general,,
54770,2797,Londres : Visite des lieux de tournage de Downtown Abbey,,202.10,235,9 heures,Anglais,,,general,,
72948,2797,Déjeuner-croisière de Noël et visite guidée de la ville,,223.60,270,Env. 1 jour,,,,couple,,
72891,2797,Nouvel An : dîner croisière avec Feux d'Artifice à bord de Cyclone Clipper,,244.24,295,Env. 7 heures,,,,couple,,
72890,2797,Nouvel an : croisière sur la Tamise avec feux d'artifice à bord du Monsoon Clipper,,253.70,307,Env. 4 heures,,,,couple,,
54739,2797,Londres : Service de transport aller-retour privé pour le château de Highclere,,316.48,368,45 minutes,,,,solo,,
72887,2797,Nouvel an : dîner croisière avec feux d'artifice à bord de l'Aurora Clipper,,318.20,385,Env. 7 heures,,,,couple,,
72888,2797,Dîner croisière du nouvel an sur la Tamise avec feux d'artifice à bord du Neptune Clipper,,337.98,409,Environ 7 heures,,,,couple,,
72893,2797,Dîner croisière du nouvel avec Feux d'Artifice à bord du Sapele,,351.74,425,Environ 7 heures,,,,couple,,
73399,2797,Croisière festive Galaxy pour le Réveillon du Nouvel An,,356.90,432,3 heures et demie,,,,couple,,
73402,2797,Réveillon du Nouvel An en croisière céleste,,368.08,445,3 heures et demie,,,,couple,,
55564,2797,Visite privée des ieux de tournage de Downton Abbey à Londres,,436.02,507,4 heures,Anglais,,,solo,,
71724,2797,Visite privée d'une journée à Londres en voiture,,463.54,539,8 heures,Français|Anglais,,,solo,,
53048,2797,Visite de la National Portrait Gallery,,476.44,554,3 heures,Français|Anglais,,,general,,
53045,2797,Visite privée d'une journée des musées d'art de Londres,,535.78,623,8 heures,Français|Anglais,,,solo,,
72692,2797,Nouvel An : diner croisière sur la Tamise,,586.52,723,,,,,couple,,
72894,2797,Célébration des feux d'artifice du nouvel an au County Hall,,635.54,768,environ 6 heures,,,,general,,
71937,2797,Tour en hélicoptère de 25 minutes du patrimoine du Kent,,891.82,1037,20 minutes à  25 minutes,,,,general,,
70398,2797,"Visite privée du château de Windsor, de Stonehenge, et de Bath au départ de Londres",,1195.40,1390,12 heures,Anglais,,,solo,,
46659,201717,Viste de luxe à Sian Ka'an,,232.20,270,8 heures à 9 heures,Français|Anglais,,,general,,
55882,201717,Visite d'une journée complète de l'île Holbox avec déjeuner,,147.92,172,10 heures à 12 heures,Anglais,,,general,,
54976,201717,Sian Ka´an : visite d'une demi-journée avec déjeuner,,198.66,231,6 heures,Français|Anglais,,,general,,
55883,201717,Excursion privée d'une journée à Cobá,,241.66,281,8 heures,Anglais,,,solo,,
55870,201717,Excursion privée d'une journée à Chichén Itzá,,285.52,332,9 heures,Anglais,,,solo,,
59526,201717,Snorkeling sur le récif paradisiaque de Tulum,,24.08,28,1 heure 30 minutes,Anglais,,,general,,
56989,201717,"Visite d'une journée à Tulum avec VTT, tyrolienne et cénote",,34.40,40,5 heures 30 minutes,Anglais,,,general,,
56964,201717,Plongée en apnée de 2 heures à deux endroits du récif de Tulum,,35.26,41,2 heures,Anglais,,,general,,
56977,201717,Visite de Chichen Itza au départ de cénote Saamal,,56.76,66,11 heures à 12 heures,Anglais,,,general,,
46761,201717,3 Elementos : excursion,,67.08,78,11 heures à 12 heures,Français|Anglais,,,general,,
46654,201717,"Parc Selva Maya Eco Adventure : tyroliennes, ponts suspendus...",,78.26,91,4 heures,Anglais,,,general,,
59519,201717,Snorkeling dans les cenotes et la lagune Yal-kú,,78.26,91,3 heures 30 minutes,Anglais,,,general,,
56961,201717,Visite avec petit-déjeuner flottant au Yellow Nest,,84.28,98,6 heures,,,,general,,
59451,201717,"Visite guidée du parc national des ruines de Tulum, Mexique",,89.44,104,1 heure,,,,general,,
59521,201717,Aventure dans la jungle maya avec VTT et tyrolienne à Tulum,,91.16,106,5 heures 30 minutes,Anglais,,,general,,
59522,201717,Cuisine mexicaine dégustation de mezcal dans une maison locale à Tulum,,96.32,112,3 heures,Anglais,,,general,,
46772,201717,"Visite privilégiée en vélo de Tulum : ruines mayas, plage, art et gastronomie caribéens",,105.78,123,5 heures,Français|Anglais,,,general,,
46768,201717,CHICHEN ITZA WONDER OF THE WORLD,,107.50,125,11 heures,Français|Anglais,,,general,,
46655,201717,Maya Adrenaline : visite d'une demi-journée,,108.36,126,4 heures à 5 heures,Français|Anglais,,,general,,
59476,201717,Visite du Temazcal à Tulum Alternative Medicine Maya Heritage,,108.36,126,30 minutes,,,,general,,
56990,201717,Visite pour prendre des photos Instagrammable de Tulum,,116.10,135,6 heures,Anglais,,,general,,
46770,201717,Cenote Trail Bike Tour in Tulum,,116.10,135,5 heures,Français|Anglais,,,general,,
46758,201717,Les ruines de Tulum et l'aventure mystique : VTT Cenotes et tyrolienne,,124.70,145,7 heures 30 minutes,Français|Anglais,,,general,,
56992,201717,Tulum: expérience du sanctuaire du chocolat et du miel avec Cenote,,126.42,147,3 heures,Anglais|Écrit,,,general,,
59518,201717,Excursion triple aventure aux cénotes de Tulum,,126.42,147,4 heures,Français|Anglais|Écrit,,,general,,
46759,201717,Cozumel Adventure : tour,,130.72,152,8 heures,Français|Anglais,,,general,,
59520,201717,Visite d'une demi-journée à Riviera Maya avec open bar,,144.48,168,4 heures,Français|Anglais,,,general,,
59529,201717,Visite des cénotes à couper le souffle à Tulum,,147.92,172,4 heures 30 minutes,Anglais,,,general,,
46782,201717,Private or Shared Mayan Temazcal Ritual from Tulum,,150.50,175,5 heures,Anglais,,,solo,,
46760,201717,"Zone archéologique : visite avec VTT, tyroliennes, déjeuner, boissons",,156.52,182,7 heures,Anglais,,,general,,
46778,201717,Visite de Tulum en tout-terrain : circuit aventure hors des sentiers battus,,157.38,183,4 heures,Français|Anglais,,,general,,
46777,201717,Mer des Caraïbes et snorkeling dans un cenote au départ de Tulum,,163.40,190,6 heures,Français|Anglais,,,general,,
59468,201717,Visite du sanctuaire des singes de Tulum Punta Laguna,,165.98,193,4 heures 30 minutes,,,,general,,
59460,201717,Visite privée à Tulum-Playa del Carmen avec chauffeur local anglophone,,172.86,201,2 heures à 3 heures,Anglais,,,solo,,
52745,201717,Visite privée de cénote et de plongée en apnée à Akumal,,173.72,202,5 heures,Français|Anglais,,,solo,,
46784,201717,Wild Monkey Tour,,178.88,208,4 heures,Anglais,,,general,,
46657,201717,Tulum : 2 plongées dans le même cenote pour les plongeurs certifiés,,184.04,214,4 heures,Français|Anglais,,,general,,
53737,201717,Visite privé d'une demi-journée des ruines de Cobá,,188.34,219,5 heures,Anglais,,,solo,,
59524,201717,Visite guidés privés et exploration souterraine de la rivière,,194.36,226,5 heures,Anglais,,,solo,,
59461,201717,"Visite privée  de Tulum à Bacalar, chauffeur local anglophone",,205.54,239,2 heures à 3 heures,Anglais,,,solo,,
46765,201717,2 cenote divings (including one deep diving) for advanced divers in Tulum,,208.12,242,5 heures,Français|Anglais,,,general,,
52458,201717,Chichen Itza et Valladolid : excursion d'une journée en petit groupe,,209.84,244,10 heures,Français|Anglais,,,groupe,,
59466,201717,Visite privée d'observation des oiseaux à Sian Ka'an Muyil,,211.56,246,6 heures,Anglais,,,solo,,
59472,201717,Visite des requins-baleines au départ de Cancun et de la Riviera Maya,,221.02,257,8 heures,Français|Anglais,,,general,,
59482,201717,"Excursion privée d'une journée de Tulum à Cancun, chauffeur anglophone",,239.94,279,6 heures à 7 heures,Anglais,,,solo,,
59528,201717,"Visite de Tulum, Coba, Cenote et Maya Village",,242.52,282,10 heures à 12 heures,Anglais,,,general,,
53390,201717,Aventure à Sian Ka'an au départ de Tulum,,247.68,288,10 heures,Français|Anglais,,,general,,
41049,201717,Tulum : cours privé de kiteboarding,,260.58,303,3 heures,Anglais,,,solo,,
46771,201717,Mayan Backroads Bike Tour from Tulum,,314.76,366,7 heures,Français|Anglais,,,general,,
54550,201717,Visite privée du site archéologique de Sian Ka'An et de Muyil,,464.40,540,6 heures,Français|Anglais,,,solo,,
46776,201717,"Visite privée aux ruines de Muyil, à Tulum et Coba au départ de Tulum",,541.80,630,10 heures,Anglais,,,solo,,
46774,201717,"Visite privée de Coba, Tulum et un temazcal au départ de Tulum",,620.06,721,8 heures,Anglais,,,solo,,
46780,201717,"Visite privée de Coba et Chichen Itza avec déjeuner, Cenote Ik Kil",,643.28,748,10 heures à 11 heures,Anglais,,,solo,,
69929,202185,Valparaiso: visite privée personnalisée avec un guide (visite privée),,33.54,39,3 heures,Anglais,,,solo,,
69930,202185,"Valparaíso, Histoire et Art. Graffiti et Privé en option",,38.70,45,2 heures à 3 heures,Français|Anglais,,,solo,,
69928,202185,Célèbre Valparaíso! Visite à pied premium avec un guide natif,,38.70,45,3 heures,Anglais,,,general,,
69922,202185,Visite privée à pied à Valparaíso,,38.70,45,2 heures,Français|Anglais|Écrit,,,solo,,
69916,202185,Visite panoramique guidée à Valparaíso,,38.70,45,3 heures 30 minutes,Anglais,,,general,,
69932,202185,Visite à pied de 2 heures à Valparaiso,,38.70,45,2 heures 40 minutes,Anglais,,,general,,
51562,202185,Visite à pieds de Valparaiso avec les funiculaires,,65.36,76,3 heures,,,,general,,
69921,202185,Visite privée à pied d'une demi-journée avec un guide autochtone et les transports en commun,,77.40,90,2 heures à 3 heures,Anglais,,,solo,,
69913,202185,Valpo en 1 jour : Authentique + Célèbre ! Visite à pied semi-privée et transports en commun,,77.40,90,7 heures,Anglais,,,solo,,
51559,202185,Visite de la ville traditionnelle de Valparaiso,,79.98,93,4 heures,,,,general,,
51563,202185,Viña del Mar à Reñaca : excursion de 4 heures sur la côte pacifique,,89.44,104,4 heures,,,,general,,
69926,202185,Excursion guidée sur la côte de Valparaíso Viña del Mar avec prise en charge,,97.18,113,5 heures,Anglais,,,general,,
69931,202185,Visite privée à pied d'une journée avec un guide autochtone et les transports en commun,,115.24,134,7 heures à 8 heures,Anglais,,,solo,,
69918,202185,"Surf, sandboard et lions de mer sauvages + boissons et nourriture chiliennes",,163.40,190,6 heures,Anglais,,,general,,
69915,202185,Excursion Privée d'une Journée Viña and Valparaíso depuis Valpo,,172.86,201,7 heures à 8 heures,Français|Anglais,,,solo,,
69919,202185,Visite gastronomique à Valparaiso,,181.46,211,4 heures,Anglais,,,general,,
69920,202185,Visite privée des vins à Valparaíso,,262.30,305,5 heures,Anglais,,,solo,,
39865,4497,Palais de Doges et basilique St Marc : visite guidée,,98.90,115,2 heures 15 minutes,Français|Anglais,,,general,,
54499,4497,Burano et Murano : excursion l'après-midi au départ de Venise,,21.50,25,4 heures 30 minutes,Français|Anglais|Audio,,,general,,
39861,4497,Palais de Doges : visite avec billet d'entrée coupe-file,,48.16,56,1 heure 15 minutes,Français|Anglais,,,general,,
51951,4497,Venise : tour en gondole,,38.70,45,30 minutes,,,,general,,
46016,4497,Vaporetto Pass : transport public avec transfert aéroport (ACTV),,13.76,20,Profitez pleinement de votre,,,,general,,
55011,4497,Opéra La Fenice : billet coupe-file avec audio-guide,,14.62,21,,Audio|Français|Anglais,,,general,,
54504,4497,"Burano, Murano et Torcello : excursion au départ de Venise",,25.80,30,7 heures 30 minutes,Audio|Français|Anglais,,,general,,
51887,4497,Visite guidée de la basilique Saint-Marc avec accès à la terrasse (billet coupe file),,53.32,62,45 minutes,Français|Anglais,,,general,,
43190,4497,Palais des Doges à Venise : billet d’accès rapide,,36.98,52,,,,,general,,
39893,4497,Venise : visite de la basilique St Marc avec tour en gondole,,78.26,91,1 heure 30 minutes,Français|Anglais,,,general,,
48610,4497,Venise : pass Alilaguna de 72 heures,,75.68,88,72 heures,,,,general,,
51969,4497,Venise : visite à pied,,30.10,35,1 heure 30 minutes,Français|Anglais,,,general,,
72666,4497,Campanile de Saint-Marc : Billet coupe-file + audioguide,,26.66,33,00:40,,,,general,,
41156,4497,Carte Vaporetto Venise : pass pour les transports publics (ACTV),,12.90,18,"- Se rendre à la billetterie de Venezia Unica Emplacement : Piazzale Roma, Venise, à environ 400 mètres de la gare de Santa Lucia. Heures d'ouverture : Tous les jours, 07h00 - 19h30 Accès en ferry, lignes 1, 2, ou N jusqu'à P. Le Roma",,,,general,,
54500,4497,Burano et Murano : excursion le matin au départ de Venise,,23.22,27,4 heures 30 minutes,Français|Anglais|Audio,,,general,,
40892,4497,Excursion à Murano en bateau taxi privé avec démonstration de soufflage du verre,,40.42,47,2 heures 30 minutes,Français|Anglais,,,solo,,
58757,4497,Visite privée personnalisée avec un guide local à Venise,,44.72,52,2 heures à 8 heures,Français|Anglais,,,solo,,
40729,4497,Venise : croisière au coucher de soleil à bord d'une barque typique,,85.14,99,1 heure 45 minutes,Anglais,,,couple,,
56279,4497,Concert I Musici Veneziani : baroque et opéra,,35.26,41,1 heure 30 minutes,,,,general,,
39903,4497,Basilique St Marc : entrée avec visite à pied de Venise,,74.82,87,2 heures 30 minutes,Anglais,,,general,,
51984,4497,Venise : Dîner avec Concert,,100.62,117,3 heures 30 minutes,Audio|Français|Anglais,,,general,,
70894,4497,Billet d'entrée à la collection Peggy Guggenheim de Venise,,21.50,31,,Audio|Français|Anglais,,,general,,
52598,4497,Atelier Masque à Venise : Peignez votre propre masque vénitien,,52.46,61,1 heure,,,,general,,
41290,4497,Fabrication de masques de carnaval à Venise,,75.68,102,,Français|Anglais,,,general,,
51989,4497,Vérone : excursion privée d'une journée au départ de Venise,,146.20,170,8 heures,Français|Anglais,,,solo,,
51972,4497,Venise : Venise byzantine et balade en gondole,,99.76,116,3 heures,Français|Anglais,,,general,,
55739,4497,Venise : excursion privée avec un guide local,,49.02,57,2 heures à 6 heures,Français|Anglais,,,solo,,
72804,4497,"Palais des Doges, Basilique Saint-Marc et Campanile Saint-Marc : Billet + audioguide",,98.04,119,02:30,,,,general,,
42760,4497,Padoue : croisière en bateau via le canal Brenta,,130.72,152,9 heures 30 minutes,Français|Anglais,,,couple,,
51978,4497,Venise : tour privé romantique en gondole avec pick-up,,169.42,197,30 heures,,,,couple,,
72664,4497,Basilique Saint-Marc : accès coupe-file à la Cathédrale,,22.36,28,00:40,,,,general,,
71991,4497,Tour en gondole partagé sous le pont des soupirs,,32.68,38,25/30 minutes,,,,general,,
73461,4497,"Venise : Concert des ""Quatre Saisons"" de Vivaldi par I Musici Veneziani",,36.12,44,01:15,,,,general,,
51971,4497,Venise : excursion matinale à pied et tour en gondole,,58.48,68,1 heure 30 minutes,Anglais,,,general,,
70246,4497,Venise : Atelier de fabrication de masques de carnaval,,76,76,,Français|Anglais,,,general,,
74472,4497,Visite à pied de San Marco au Rialto et Spritz Comme un habitant,,13.76,16,2 heures,Français,,,general,,
55689,4497,Palais Fortuny à Venise : billet d'entrée,,18,18,,,,,general,,
54501,4497,Burano et Murano : excursion au départ de la gare de Venise,,27.52,32,7 heures 30 minutes,Français|Anglais,,,general,,
60870,4497,Excursion à la découverte de la cuisine de rue avec visite du marché,,39.56,46,2 heures 30 minutes,Anglais,,,general,,
56255,4497,Cours de décoration de masques magiques sur la place Saint-Marc,,44.72,52,1 heure 15 minutes,Français|Anglais,,,general,,
74388,4497,Billet coupe-file pour le Palais des Doges avec audioguide,,43.86,54,1 hour,,,,general,,
51794,4497,Venise la nuit : concert avec dîner,,89.44,104,3 heures,,,,general,,
55872,4497,Visite privée à pied du palais des Doges et de la basilique Saint-Marc,,177.16,206,2 heures 30 minutes,Français|Anglais,,,solo,,
51988,4497,Cœur historique de Venise : visite en petit groupe avec coupe-file,,0,0,3 heures,Français|Anglais,,,groupe,,
51975,4497,Venise : dîner dans un palais noble avec tour privé en gondole,,0,0,2 heures 30 minutes,,,,solo,,
74505,4497,Le Venice Pass,,0,0,,,,,general,,
72668,4497,Scuola Grande dei Carmini: Billet d'entrée,,8.60,11,,,,,general,,
74460,4497,Musée Leonardo da Vinci : billet d’entrée coupe-file,,9.46,12,1 heure,,,,general,,
72667,4497,Ca' Rezzonico Musée : Billet accéléré,,12.90,16,,,,,general,,
54339,4497,Visite photographique des quartiers secrets de Venise,,16.34,19,1 heure,,,,general,,
74085,4497,"Ghetto juif de Venise, Cannaregio et synagogues : billet d'entrée avec audioguide",,17.20,21,,,,,general,,
54497,4497,Burano et Murano : excursion au départ de Punta Sabbioni,,23.22,27,4 heures 30 minutes,Anglais|Audio,,,general,,
54498,4497,"Burano, Murano et Torcello : excursion au départ de Punta Sabbioni",,27.52,32,4 heures 30 minutes,Anglais,,,general,,
54502,4497,"Murano, Burano et Venise : excursion au départ de Punta Sabbioni",,27.52,32,7 heures 30 minutes,Anglais,,,general,,
54505,4497,Burano et Murano et Torcello : excursion au départ de la gare,,32.68,38,7 heures 30 minutes,Français|Anglais,,,general,,
39905,4497,Venise : excursion avec dégustation de vin,,36.12,42,1 heure,Anglais,,,general,,
74473,4497,Visite à pied du centre-ville à Venise et expérience en télécabine,,42.14,49,2 heures 30 minutes,,,,general,,
73554,4497,Basilique Saint-Marc et sa terrasse : billet coupe-file avec audioguide,,52,52,00:45,,,,general,,
73574,4497,île de Mazzorbo : visite et dégustation de vins indigènes de Venise,,49.02,57,45 minutes,,,,general,,
74506,4497,Venise  : pass musées,,63,63,,,,,general,,
51981,4497,Venise : dégustation de chocolat,,66.22,77,40 minutes,Anglais,,,general,,
52666,4497,Dîner dans un restaurant vénitien,,66.22,77,1 heure 20 minutes,,,,general,,
74387,4497,Visite du Palais des Doges et de la Basilique Saint-Marc avec accès prioritaire,,76.54,93,2 hours,,,,general,,
51970,4497,Venise ducale : excursion d'une demi-journée,,81.70,95,2 heures 30 minutes,Anglais,,,general,,
74389,4497,Visite Guidée de la Basilique Saint-Marc avec Terrasse,,118.68,144,1 hour,,,,general,,
51983,4497,Padoue : excursion privée d'une journée au départ de Venise,,150.50,175,9 heures,Français|Anglais,,,solo,,
56287,4497,Visite privée de la ville de Kickstart : Venise,,156.52,182,2 heures,Anglais,,,solo,,
51801,4497,Venice : visite privée à pied,,255.42,297,2 heures,Français|Anglais,,,solo,,
51980,4497,Venise  : cours de fabrication de glaces artisanales,,866.02,1007,2 heures,Anglais,,,general,,
51982,4497,Cortina et Dolomites : excursion privée au départ de Venise,,1400,1400,9 heures,Anglais,,,solo,,
37996,9632,Vienne Pass incluant un billet pour le bus Hop-On Hop-Off,,100.62,117,Ce prix inclut,Audio|Français|Anglais,,,general,,
39459,9632,Vienne : Wiener Mozart Konzert,,63.64,74,1 heure 45 minutes,,,,general,,
39599,9632,Palais de Schönbrunn : visite historique de Vienne,,69.66,81,3 heures 30 minutes,Anglais,,,general,,
39553,9632,Vienne : visite du palais Schönbrunn avec dîner et concert,,138.46,161,6 heures,Audio|Français|Anglais,,,general,,
24242,9632,Église Sainte-Anne de Vienne : concert de musique classique,,26.66,31,1 heure 10 minutes,,,,general,,
39550,9632,Palais Schönbrunn : dîner et concert,,98.90,115,4 heures,,,,general,,
41001,9632,Le Danube : croisière touristique à Vienne,,34.40,40,75 minutes,,,,couple,,
39601,9632,Vienne : visite en bus à arrêts multiples - Pass 72h,,44.72,52,,Audio|Français|Anglais,,,general,,
73322,9632,Château et jardins de Schönbrunn : billet coupe-file avec guide francophone,,51.60,63,Durée entre 2 Heure(s) 30 Minute(s) et 2 Heure(s) 30 Minute(s),,,,general,,
46382,9632,Vienne : concert au palais Schönbrunn,,52.46,61,1 heure 50 minutes,,,,general,,
50269,9632,"Vienne : flexi pass touristique pour 2, 3, 4 ou 5 sites",,55.04,64,,Audio|Anglais,,,general,,
50142,9632,Le Danube : croisière avec dîner et chansons viennoises,,64.50,75,3 heures,,,,couple,,
51020,9632,Vienne : visite en bus à arrêts multiples - Pass 24h,,31.82,37,,Audio|Français|Anglais,,,general,,
54510,9632,Visite privée avec billet coupe-file du château de Schonbrunn,,224.46,261,2 heures à 4 heures,Français|Anglais,,,solo,,
39590,9632,Vallée du Danube : excursion d'une journée au départ de Vienne,,110.08,128,8 heures,Anglais,,,general,,
71604,9632,"Vienne : Billet coupe-file pour le musée de Sissi, la Hofburg et les jardins",,37,37,2 heures à 3 heures,Audio|Français|Anglais,,,general,,
73090,9632,"Vienne : visite guidée pour le musée Sisi, le Hofburg et ses jardins",,56.76,69,Durée entre 2 Heure(s) 30 Minute(s) et 2 Heure(s) 30 Minute(s),,,,general,,
51021,9632,Vienne : visite en bus à arrêts multiples - Pass 48h,,38.70,45,,,,,general,,
39554,9632,Schönbrunn : concert avec visite du palais,,96.32,112,,,,,general,,
39605,9632,Bratislava : visite d'une journée au départ de Vienne,,91.16,106,9 heures,Anglais,,,general,,
72459,9632,Formation des chevaux à l'école d'équitation espagnole,,0,0,,Anglais,,,general,,
53000,9632,Vienne City Card,,9.46,11,individuel,Audio|Anglais,,,general,,
49053,9632,Vienne : croisière sur le Danube ligne A,,34.40,40,2 heures,,,,couple,,
53898,9632,Palais de Schönbrunn : visite avec concert,,100.62,117,3 heures 30 minutes,,,,general,,
39597,9632,Salzbourg : excursion d'une journée au départ de Vienne,,128.14,149,12 heures,Anglais,,,general,,
74157,9632,Musée de l'histoire de l'art : billet coupe-file,,22.36,28,,,,,general,,
49054,9632,Vienne : croisière sur le Danube ligne B,,34.40,40,1 heure 20 minutes,,,,couple,,
52297,9632,Concerts à la Mozarthaus : musique interprétée par le Mozart Ensemble,,42.14,49,1 heure 30 minutes,,,,general,,
72788,9632,House of Strauss Vienna : Concert de gala et dîner de la Saint-Sylvestre,,0,0,06:30,,,,general,,
54614,9632,Billet pour l'incroyable voyage de Sissi,,12.04,14,30 minutes,Audio|Anglais,,,general,,
72404,9632,Palais du Belvédère Supérieur : billet d’entrée avec accès à la collection Gustav Klimt,,35,35,,,,,general,,
72645,9632,Schönbrunn Orangerie : Marché de Noël + Concert,,0,0,,,,,general,,
72647,9632,Château de Schönbrunn : Visite autoguidée + Bon pour le marché de Noël et concert,,0,0,,,,,general,,
72648,9632,"Minoritenkirche de Vienne : concerts classiques de l'Avent, de Noël et du Nouvel An",,0,0,01:10,,,,general,,
72921,9632,Maison Strauss : Nuit de concert de Noël,,0,0,03:30,,,,general,,
74331,9632,Transfert en train entre l’Elephant House et le Tirolerhof,,3.44,4,10 minutes,,,,general,,
71868,9632,Vienne : visite audioguidée à pied,,14.62,17,4h30,Audio|Anglais,,,general,,
71871,9632,Vienne : visite à pied autoguidée,,14.62,17,4h30,Audio|Anglais,,,general,,
71865,9632,Balade en train panoramique dans les jardins du Palais de Schönbrunn,,15.48,18,45 min,,,,general,,
72184,9632,Grande roue de Vienne : billet coupe-file,,15.48,19,,,,,general,,
72055,9632,Trésor impérial : billet d'entrée,,16.34,22,,,,,general,,
72405,9632,Palais du Belvédère inférieur : billet d'entrée,,17.20,23,,,,,general,,
70717,9632,Visite nocturne de Vienne,,23.22,27,1 heure,,,,general,,
72676,9632,Neue Hofburg: Billet d'entrée à la Maison des Habsbourg + audioguide,,23.22,29,,,,,general,,
70681,9632,Navette Parndorf à Vienne,,25.80,30,1 heure en bus,,,,general,,
72460,9632,École espagnole d'équitation : Visite guidée,,31,31,01:00,,,,general,,
74344,9632,Visite en bus Hop on Hop off à Vienne – 24h,,35.26,41,24 heures,,,,general,,
72924,9632,Église Sainte-Anne : Concert de Noël de la trompette magique,,42,42,01:00,,,,general,,
74340,9632,Visite en bus Hop on hop off à Vienne – 48h,,42.14,49,48 heures,,,,general,,
74345,9632,Visite en bus Hop on hop off à Vienne – 72h,,49.88,58,72 heures,,,,general,,
71860,9632,Palais et jardins du Belvédère : billet coupe-file,,50.74,59,2 heures,Anglais,,,general,,
71863,9632,Palais de Schönbrunn et jardins : entrée rapide,,50.74,59,2 heures,Anglais,,,general,,
74332,9632,Visite audioguidée du château de Schönbrunn avec tour en train panoramique,,53.32,62,2 heures,,,,general,,
72805,9632,Le Lipizzan se produit à l'école d'équitation espagnole,,72.24,88,* Spectacle : 70 minutes,,,,general,,
74330,9632,Excursion d’une journée à Hallstatt et à l’Abbaye de Melk depuis Vienne,,79.98,93,1 jour,Anglais,,,general,,
56600,9632,Séance photos de soirée VIP avec un photographe professionnel,,98.90,115,1 heure,Français|Anglais,,,general,,
39606,9632,Village Hallstatt : visite au départ de Vienne,,100.62,117,12 heures,Anglais,,,general,,
72923,9632,Château de Schönbrunn : Entrée après les heures d'ouverture et concert à l'Orangerie,,101.48,123,,,,,general,,
39602,9632,Budapest : excursion d'une journée au départ de Vienne,,128.14,149,12 heures,Anglais,,,general,,
72922,9632,"Château de Schönbrunn : Entrée après les heures d'ouverture, dîner à 3 plats et concert à l'Orangerie",,177,177,05:00,,,,general,,
72786,9632,Gala de la Saint-Sylvestre au Palais Ferstel : Concert + dîner de gala,,615,615,,,,,general,,
74091,9632,Excursion privée à la journée de Vienne vers le mémorial du camp de concentration de Mauthausen,,740.46,861,7 heures,,,,solo,,
43296,9538,Visite de Stone Town et de l'île de la prison depuis Zanzibar,,98.90,115,5 heures,Français|Anglais,,,general,,
54117,9538,Aquarium de Baraka : Aventure étoile de mer,,165.12,192,8 heures,Français|Anglais,,,general,,
57337,9538,"Excursion à l'île de Mnemba à Zanzibar, à Nungwi et à Kendwa",,116.10,135,9 heures,Français|Anglais,,,general,,
53562,9538,The Rock Restaurant,,69.66,81,3 heures,Français|Anglais,,,general,,
57338,9538,Visite de Spice et Stone Town à Zanzibar,,96.32,112,5 heures,Français|Anglais,,,general,,
61083,9538,Blue Safari Tour,,117.82,137,10 heures,Français|Anglais,,,general,,
58176,9538,"L'île de la prison, de Nakupenda et de Stone Town avec déjeuner buffet",,132.44,154,7 heures à 8 heures,Anglais,,,general,,
61097,9538,"Visite de la grotte de Kuza, lagon bleu, aventure des étoiles de mer, restaurant The Rock, plage de Paje",,141.04,164,9 heures,Français|Anglais,,,general,,
57341,9538,"Balade à cheval, nage avec les tortues dans l'aquarium de Nungwi",,147.92,172,4 heures,Français|Anglais,,,general,,
57342,9538,"Prison Island, BlueLagoon, Starfish Tour, Rock, Kuza Cave, Paje Beach",,184.04,214,10 heures,Français|Anglais,,,general,,
58174,9538,Safari au départ de Zanzibar avec déjeuner et prise en charge,,512.56,596,10 heures,Anglais,,,general,,
55924,9538,Safari d'une journée à Selous au départ de Zanzibar,,513.42,597,10 heures,Anglais,,,general,,
57343,9538,Visite de Stone Town et de la ferme aux épices,,63.64,74,8 heures,Anglais,,,general,,
53559,9538,Fermes d'épices de Zanzibar : visite partagée,,67.94,79,3 heures à 5 heures,Français|Anglais,,,general,,
58227,9538,Pongwe Coral reef Snorkeling,,67.94,79,2 heures 30 minutes,Français|Anglais,,,general,,
58194,9538,Fabriqué à Zanzibar,,73.10,85,3 heures à 8 heures,Anglais,,,general,,
57344,9538,"Stone Town, de la ferme aux épices et de la forêt de Jozani",,88.58,103,8 heures à 10 heures,Anglais,,,general,,
57358,9538,Visite privée dans la forêt de Jozani avec prise en charge,,89.44,104,2 heures à 3 heures,Français|Anglais,,,solo,,
72325,9538,"Visite de Zanzibar : Forêt de Jozani, Grotte de Salaam et restaurant The Rock",,92.02,107,6 heures à 7 heures,,,,general,,
58234,9538,Visite du village avec visite du sorcier,,92.88,108,6 heures,Anglais,,,general,,
58237,9538,Jozani Forest Tour + Spice Tour,,96.32,112,4 heures,Français|Anglais,,,general,,
72324,9538,Zanzibar : Grotte de Salaam et Sanctuaire des tortues,,96.32,112,1 heure à 2 heures,,,,general,,
58238,9538,"Forêt de Jozani, visite du village et plage de Mtende Zanzibar",,102.34,119,6 heures à 7 heures,Anglais,,,general,,
53558,9538,Visite de l'île de la prison,,103.20,120,2 heures à 3 heures,Français|Anglais,,,general,,
58179,9538,Visite de la ferme aux épices de Stone Town et de l'île de la prison,,106.64,124,8 heures,Français|Anglais,,,general,,
57334,9538,"Visite privée de Stone Town, Spice Farm et Prison Island",,108.36,126,8 heures,Français|Anglais,,,solo,,
61082,9538,"Visite des dauphins, grotte de Kuza, plage de Paje et Forêt de Jozani",,123.84,144,9 heures,Français|Anglais,,,general,,
74508,9538,"Zanzibar : Stone Town, Pongwe et The Rock Restaurant",,127.28,148,10 heures,,,,general,,
58233,9538,Visite de l'île Prison et Nakupenda,,135.88,158,7 heures à 9 heures,Français|Anglais,,,general,,
58181,9538,"Visite île de la prison, forêt Jozani, restaurant Rock et Paje",,143.62,167,9 heures,Français|Anglais,,,general,,
57345,9538,Balade à cheval et nage avec les tortues dans l'aquarium,,145.34,169,4 heures,Français|Anglais,,,general,,
58240,9538,Visite du lagon bleu et pique-nique au banc de sable avec déjeuner,,145.34,169,6 heures 30 minutes,Français|Anglais,,,general,,
74507,9538,Croisière en boutre au coucher du soleil à Zanzibar,,146.20,170,2 heures,,,,couple,,
57333,9538,"Visite des dauphins, forêt de Jozani, Jambiani Kuza, Paje et The Rock",,147.92,172,9 heures,Français|Anglais,,,general,,
58231,9538,Visite des dauphins et plongée en apnée de l'île de Mnemba Nungwi,,148.78,173,6 heures à 8 heures,Anglais,,,general,,
58175,9538,"STONE TOWN, SPICE TOUR, PRISON ISLAND (Déjeuner inclus)",,158.24,184,4 heures à 5 heures,Anglais,,,general,,
72323,9538,"Excursion marine : dauphins, grottes et plage à Paje",,164.26,191,10 heures,Français|Anglais,,,general,,
58235,9538,Journée  sur l'île de la prison et la plage de Nakupenda Sandbank,,193.50,225,5 heures à 6 heures,Anglais,,,general,,
58180,9538,Excursion d'une journée à la découverte de la nature de Zanzibar,,196.94,229,10 heures 30 minutes,Français|Anglais,,,general,,
71493,9538,Visite des épices de Zanzibar,,230.48,268,6 heures 30 minutes,Français|Anglais,,,general,,
58232,9538,Visite privée des 5 meilleures attractions avec déjeuner,,244.24,284,8 heures à 10 heures,Anglais,,,solo,,
58170,9538,Excursion d'une journée au parc national de Mikumi,,503.10,585,7 heures à 8 heures,Français|Anglais,,,general,,
72233,9538,Safari privé de 2 jours à Mikumi au départ de Zanzibar avec hébergement,,767.98,893,48 heures,Anglais,,,solo,,
67076,9538,Excursion dans la réserve de gibier de Selous au départ de Zanzibar,,955.46,1111,48 heures,Anglais,,,general,,
67077,9538,Safari à Selous (Nyerere) de 3 jours depuis Zanzibar ou Dar es Salaam,,1055.22,1227,72 heures,Anglais,,,general,,
