id,nom_agence,email,logo_url,contact,ville,pays,partner_currency,offres_count,nom_complet
1,"TUI España Turismo, S.L.U",,,Tax: B08089187 | License: GCMD-4,,Spain,EUR,19711,"TUI España Turismo, S.L.U, with Tax Number B08089187 and Travel License Number GCMD-4"
2,"TUI Hellas Travel, Tourism and Airlines SA",,,Tax: 094469778 | License: 0261Ε60000126100,,Greece,EUR,9563,"TUI Hellas Travel, Tourism and Airlines SA, with Tax Number 094469778 and Travel License Number 0261Ε60000126100"
3,TUI MEXICANA SA DE CV,,,,,Mexico,EUR,7796,TUI MEXICANA SA DE CV
4,TUI DESTINATION EXPERIENCES (THAILAND) LTD.,,,,,Thailand,EUR,7679,TUI DESTINATION EXPERIENCES (THAILAND) LTD.
5,TANTUR  TURIZM SEYAHAT A.S,,,,,Turkey,EUR,5001,TANTUR  TURIZM SEYAHAT A.S
6,TUI PORTUGAL,,,,,Portugal,EUR,4125,TUI PORTUGAL
7,"TUI DOMINICANA, S.A.S",,,,,Dominican Republic,EUR,3442,"TUI DOMINICANA, S.A.S"
8,TUI CYPRUS LTD,,,,,Cyprus,EUR,2653,TUI CYPRUS LTD
9,PT PACIFIC WORLD NUSANTARA,,,,,Indonesia,EUR,2516,PT PACIFIC WORLD NUSANTARA
10,TUI ITALIA S.R.L.,,,,,Italy,EUR,2192,TUI ITALIA S.R.L.
11,TUI DESTINATION EXPERIENCES COSTA RICA S.A.,,,,,Costa Rica,EUR,2036,TUI DESTINATION EXPERIENCES COSTA RICA S.A.
12,MUSEMENT SPA / tui-musement-spa,,,,,Albania,EUR,1904,MUSEMENT SPA / tui-musement-spa
13,TUI CAPE VERDE,,,,,Cape Verde,EUR,1874,TUI CAPE VERDE
14,TUI JAMAICA LTD,,,,,Jamaica,EUR,1143,TUI JAMAICA LTD
15,Tui-Provider Tui-Bulgaria-Eood,tui-provider+tui-bulgaria-eood@musement.com,,,,Bulgaria,EUR,1126,tui-provider+tui-bulgaria-eood@musement.com
16,TUI MALTA LTD,,,,,Malta,EUR,1094,TUI MALTA LTD
17,TUI DESTINATION SERVICES MOROCCO,,,,,Morocco,EUR,840,TUI DESTINATION SERVICES MOROCCO
18,TUI TUNISIA,,,,,Tunisia,EUR,776,TUI TUNISIA
19,GULLIVER TRAVEL,,,,,Croatia,EUR,726,GULLIVER TRAVEL
20,"CEL OBERT, S.L.",,,,,Andorra,EUR,717,"CEL OBERT, S.L."
21,LocalBini AG,,,,,Austria,CHF,382,LocalBini AG
22,Hoi An Express Vietnam,,,,,Vietnam,USD,304,Hoi An Express Vietnam
23,ACTION TOUR GUIDE,,,,,Aruba,USD,272,ACTION TOUR GUIDE
24,Escape Tours,,,,,Australia,EUR,249,Escape Tours
25,Travco Group for Tourism,,,,,Egypt,EUR,241,Travco Group for Tourism
26,WeGoTrip,,,,,Austria,EUR,223,WeGoTrip
27,Questo,,,,,Argentina,EUR,203,Questo
28,Qula Trails,,,,,Austria,EUR,160,Qula Trails
29,City Sightseeing,,,,,Canada,GBP,143,City Sightseeing
30,MEGA TRAVEL & PASS,,,,,Austria,EUR,129,MEGA TRAVEL & PASS
31,Travco UAE,,,,,United Arab Emirates,AED,128,Travco UAE
32,Empeeria,,,,,Italy,EUR,123,Empeeria
33,Japanticket Inc.,,,,,Japan,JPY,122,Japanticket Inc.
34,Discover Thailand,,,,,Thailand,THB,115,Discover Thailand
35,Trip Store Krabi,,,,,Thailand,THB,113,Trip Store Krabi
36,Escursì - experience sardinia,,,,,Italy,EUR,107,Escursì - experience sardinia
37,Top Sights Tours LLC,,,,,United Kingdom,GBP,106,Top Sights Tours LLC
38,SightseeingExperience - CitySightseeing Italy,,,,,Italy,EUR,97,SightseeingExperience - CitySightseeing Italy
39,Ticketstation srl,,,,,Italy,EUR,96,Ticketstation srl
40,City Wonders,,,,,France,USD,90,City Wonders
41,Promanse,,,,,Croatia,EUR,90,Promanse
42,do eat better experience,,,,,Austria,EUR,85,do eat better experience
43,Secret City Trails,,,,,Austria,EUR,84,Secret City Trails
44,Gray Line Brazil,,,,,Brazil,USD,83,Gray Line Brazil
45,Lima Tours,,,,,Peru,USD,82,Lima Tours
46,Discover Beijing Tours,,,,,China,USD,81,Discover Beijing Tours
47,SANNA TOUR JOINT STOCK COMPANY,,,,,Vietnam,USD,81,SANNA TOUR JOINT STOCK COMPANY
48,Musement S.p.A. / MusementProduct,,,,,France,EUR,80,Musement S.p.A. / MusementProduct
49,Stasher Luggage Storage,,,,,Australia,EUR,80,Stasher Luggage Storage
50,Amigo Tours,,,,,France,USD,79,Amigo Tours
51,GoBookingTours,,,,,Indonesia,EUR,79,GoBookingTours
52,DIANA TRAVEL,,,,,Turkey,GBP,75,DIANA TRAVEL
53,Eatwith,,,,,Argentina,EUR,74,Eatwith
54,Sports Where I Am,,,,,Canada,AUD,74,Sports Where I Am
55,GGS - GLOBAL GUIDE SERVICES GMBH,,,,,Austria,EUR,73,GGS - GLOBAL GUIDE SERVICES GMBH
56,Vox City International Ltd,,,,,Armenia,EUR,71,Vox City International Ltd
57,Bologna Tour Best italy tour,,,,,Italy,EUR,67,Bologna Tour Best italy tour
58,PRIVATE TOURS,,,,,Argentina,EUR,67,PRIVATE TOURS
59,myTour in Italy,,,,,Albania,EUR,66,myTour in Italy
60,"Fun in Prague, s.r.o.",,,,,Czech Republic,EUR,65,"Fun in Prague, s.r.o."
61,VoiceMap Audio Tours,,,,,Canada,USD,65,VoiceMap Audio Tours
62,ParisCityvision,,,,,France,EUR,64,ParisCityvision
63,Arrigo Group,,,,,Malta,EUR,63,Arrigo Group
64,"Gypsy Guide, LLC",,,,,Canada,USD,61,"Gypsy Guide, LLC"
65,Julia Travel,,,,,Spain,EUR,61,Julia Travel
66,Globaltix Pte Ltd,,,,,Japan,MYR,60,Globaltix Pte Ltd
67,OceanAir Travels,,,,,Qatar,USD,60,OceanAir Travels
68,Gray Line Emirates,,,,,Oman,USD,59,Gray Line Emirates
69,Naturanda Turismo Ambiental S.L.,,,,,Spain,EUR,59,Naturanda Turismo Ambiental S.L.
70,Clio Muse Tours,,,,,Greece,EUR,57,Clio Muse Tours
71,ATTRACTIONS4US LLC,,,,,United States of America,USD,56,ATTRACTIONS4US LLC
72,Universal Orlando Resort,,,,,United States of America,USD,56,Universal Orlando Resort
73,Cesarine,,,,,Italy,EUR,53,Cesarine
74,Travco Jordan,,,,,Jordan,USD,53,Travco Jordan
75,Urban Adventures,,,,,Australia,USD,53,Urban Adventures
76,Venezia Unica,,,,,Italy,EUR,53,Venezia Unica
77,MagicalTrip Inc.,,,,,Japan,USD,52,MagicalTrip Inc.
78,See Sight Tours,,,,,Canada,CAD,52,See Sight Tours
79,BABYLON TOUR INC,,,,,United States of America,USD,51,BABYLON TOUR INC
80,Boardingpass Morocco,,,,,Morocco,EUR,48,Boardingpass Morocco
81,Gray Line Miami  - Miami Incoming Services LLC,,,,,United States of America,EUR,48,Gray Line Miami  - Miami Incoming Services LLC
82,KrisnaBaliTrekkingTour,,,,,Indonesia,IDR,48,KrisnaBaliTrekkingTour
83,Local Experts Tours,,,,,Spain,EUR,48,Local Experts Tours
84,TOWNS OF ITALY,,,,,Italy,EUR,48,TOWNS OF ITALY
85,AmallayTours,,,,,Morocco,EUR,46,AmallayTours
86,Go City,,,,,Australia,GBP,46,Go City
87,Manahe,,,,,Mauritius,EUR,46,Manahe
88,WALKS,,,,,Canada,GBP,46,WALKS
89,Cityrama Viagens E Turismo S.A,,,,,Portugal,EUR,45,Cityrama Viagens E Turismo S.A
90,Historic Tours of America,,,,,United States of America,USD,44,Historic Tours of America
91,Rabbie's Small Group Tours,,,,,United Kingdom,GBP,44,Rabbie's Small Group Tours
92,Amallay services,,,,,Morocco,EUR,43,Amallay services
93,City Berry Tourism,,,,,Turkey,EUR,42,City Berry Tourism
94,Tourism Group International,,,,,Denmark,EUR,42,Tourism Group International
95,TravelMate,,,,,Austria,EUR,42,TravelMate
96,City Experiences by Hornblower,,,,,United States of America,USD,41,City Experiences by Hornblower
97,Evan Evans Tours,,,,,United Kingdom,GBP,41,Evan Evans Tours
98,Get Prague Guide Michal Vesely,,,,,Czech Republic,EUR,41,Get Prague Guide Michal Vesely
99,TravcoEmirates API,,,,,United Arab Emirates,AED,41,TravcoEmirates API
100,Eco Viagens,,,,,Portugal,EUR,40,Eco Viagens
101,ResiRest,,,,,Argentina,EUR,40,ResiRest
102,Babylon Tours Inc,,,,,France,EUR,39,Babylon Tours Inc
103,Gray Line I Love Rome,,,,,Italy,EUR,39,Gray Line I Love Rome
104,Tangol Tours SRL,,,,,Argentina,USD,39,Tangol Tours SRL
105,ADVENTURE WORLD TOURS,,,,,Germany,EUR,38,ADVENTURE WORLD TOURS
106,ASKOS SRL,,,,,Italy,EUR,38,ASKOS SRL
107,BUENDÍA TOURS IBÉRICA S.L.,,,,,Belgium,EUR,38,BUENDÍA TOURS IBÉRICA S.L.
108,IAsia Thailand,,,,,Thailand,THB,38,IAsia Thailand
109,tours sans soucis,,,,,Tunisia,EUR,38,tours sans soucis
110,TUNISIAN TRAVEL SERVICE,,,,,Tunisia,EUR,38,TUNISIAN TRAVEL SERVICE
111,GRAY LINE OF ORLANDO,,,,,United States of America,USD,37,GRAY LINE OF ORLANDO
112,Big Bus Tours,,,,,Australia,EUR,36,Big Bus Tours
113,E-TRAVEL.SK,,,,,Austria,EUR,36,E-TRAVEL.SK
114,InOut Barcelona tours,,,,,Spain,EUR,36,InOut Barcelona tours
115,Keytours SA,,,,,Switzerland,EUR,36,Keytours SA
116,Sales,sales@caftours.com,,,,Italy,EUR,36,sales@caftours.com
117,All Poland Sp. z o.o.,,,,,Poland,EUR,35,All Poland Sp. z o.o.
118,Time Travel Tours,,,,,Sweden,EUR,35,Time Travel Tours
119,Travelvago,,,,,Malaysia,USD,35,Travelvago
120,"Asian Trails Co., Ltd",,,,,Cambodia,USD,34,"Asian Trails Co., Ltd"
121,Mundo Marino,,,,,Spain,EUR,34,Mundo Marino
122,Walks LLC,,,,,Italy,USD,34,Walks LLC
123,Best of Switzerland Tours AG,,,,,Switzerland,CHF,33,Best of Switzerland Tours AG
124,YesTrips,,,,,China,USD,33,YesTrips
125,byFood,,,,,Japan,JPY,32,byFood
126,Highland Explorer,,,,,United Kingdom,GBP,32,Highland Explorer
127,LVP TRAVEL,,,,,Vietnam,EUR,32,LVP TRAVEL
128,Meeting The French,,,,,France,EUR,32,Meeting The French
129,Denksport GmbH,,,,,Austria,EUR,31,Denksport GmbH
130,NORDIC UNIQUE TRAVELS OY,,,,,Finland,EUR,31,NORDIC UNIQUE TRAVELS OY
131,Priohub,,,,,United Arab Emirates,EUR,31,Priohub
132,Tilila Travel,,,,,Morocco,EUR,31,Tilila Travel
133,Arcadia Tour Operator,,,,,Italy,EUR,30,Arcadia Tour Operator
134,Brit Movie Tours,,,,,United Kingdom,GBP,30,Brit Movie Tours
135,Ciao Florence Tours & Travels Srl,,,,,Italy,EUR,30,Ciao Florence Tours & Travels Srl
136,GLOBAL HOLIDAY,,,,,Indonesia,USD,30,GLOBAL HOLIDAY
137,Reykjavík Excursions,,,,,Iceland,EUR,30,Reykjavík Excursions
138,Travel Curious Limited,,,,,Germany,EUR,30,Travel Curious Limited
139,Walking Tours in the UK,,,,,United Kingdom,GBP,30,Walking Tours in the UK
140,Dimotrip,,,,,Vietnam,USD,29,Dimotrip
141,Grand Canyon Helicopters,,,,,United States of America,USD,29,Grand Canyon Helicopters
142,Park Viaggi,,,,,Italy,EUR,29,Park Viaggi
143,Venice Tours,,,,,Italy,EUR,29,Venice Tours
144,WORLD EXPERIENCE,,,,,Portugal,EUR,29,WORLD EXPERIENCE
145,Encuentro T,,,,,Mexico,USD,28,Encuentro T
146,ExperienceFirst Tours,,,,,France,USD,28,ExperienceFirst Tours
147,Jumbo Tours Málaga,,,,,Spain,EUR,28,Jumbo Tours Málaga
148,Vidi Guides,,,,,Germany,EUR,28,Vidi Guides
149,VIP-Sliven Ltd.,,,,,Bulgaria,EUR,28,VIP-Sliven Ltd.
150,African Eagle Day Tours,,,,,South Africa,ZAR,27,African Eagle Day Tours
151,Départ Travel Services,,,,,Tunisia,EUR,27,Départ Travel Services
152,GRAY LINE CZECH REPUBLIC SRO,,,,,Czech Republic,EUR,27,GRAY LINE CZECH REPUBLIC SRO
153,Wise and Precious Travel (Thailand),,,,,Thailand,THB,27,Wise and Precious Travel (Thailand)
154,At the Top LLC - Burj Khalifa,,,,,Turkey,EUR,26,At the Top LLC - Burj Khalifa
155,Bustravel Iceland,,,,,Iceland,EUR,26,Bustravel Iceland
156,CityPASS®,,,,,United States of America,USD,26,CityPASS®
157,CityUnscripted,,,,,Canada,GBP,26,CityUnscripted
158,Greeking.me,,,,,Greece,EUR,26,Greeking.me
159,Key Tours S.A,,,,,Greece,EUR,26,Key Tours S.A
160,Ranch Tamri,,,,,Morocco,EUR,26,Ranch Tamri
161,Travco Oman LLC,,,,,Oman,USD,26,Travco Oman LLC
162,UnlimitedBiking,,,,,United States of America,USD,26,UnlimitedBiking
163,Vox City International,,,,,Australia,GBP,26,Vox City International
164,ARCTIC CIRCLE SNOWMOBILE PARK OY,,,,,Finland,EUR,25,ARCTIC CIRCLE SNOWMOBILE PARK OY
165,OURWAY Tours,,,,,Denmark,DKK,25,OURWAY Tours
166,TUI LAKES & MOUNTAINS,,,,,Italy,EUR,25,TUI LAKES & MOUNTAINS
167,Arctic Adventures,,,,,Iceland,USD,24,Arctic Adventures
168,Doooing,,,,,Czech Republic,EUR,24,Doooing
169,Escape the city,,,,,France,EUR,24,Escape the city
170,Fever Labs Inc,,,,,Australia,EUR,24,Fever Labs Inc
171,Ingresso,,,,,Australia,GBP,24,Ingresso
172,Plan Tours & Gray Line Turkey,,,,,Turkey,EUR,24,Plan Tours & Gray Line Turkey
173,Tour Azur,,,,,France,,24,Tour Azur
174,Tuyi Group Japan Co.，Ltd.,,,,,Japan,JPY,24,Tuyi Group Japan Co.，Ltd.
175,Martulli Viaggi,,,,,Italy,EUR,23,Martulli Viaggi
176,MyProGuide,,,,,Taiwan,TWD,23,MyProGuide
177,RAW TOURISM,,,,,Turkey,EUR,23,RAW TOURISM
178,Sandie Gorman,sandie.gorman@disney.com,,,,United States of America,EUR,23,sandie.gorman@disney.com
179,Stattreisen Hamburg e.V.,,,,,Germany,GBP,23,Stattreisen Hamburg e.V.
180,United Parks & Resorts,,,,,United States of America,EUR,23,United Parks & Resorts
181,ACCORD ITALY SMART TOURS & EXPERIENCES,,,,,Italy,EUR,22,ACCORD ITALY SMART TOURS & EXPERIENCES
182,AFAQ Travel & Tourism,,,,,Oman,USD,22,AFAQ Travel & Tourism
183,Blue Boat Company,,,,,Netherlands,EUR,22,Blue Boat Company
184,Bravo Indochina Tours,,,,,Cambodia,EUR,22,Bravo Indochina Tours
185,Crete Private & Luxury Tours by Snami Travel,,,,,Greece,EUR,22,Crete Private & Luxury Tours by Snami Travel
186,Discover Cracow,,,,,Poland,EUR,22,Discover Cracow
187,Eating London Food Tours,,,,,Czech Republic,EUR,22,Eating London Food Tours
188,Interliv Travel,,,,,Mexico,MXN,22,Interliv Travel
189,Manjing Travel,,,,,China,CNY,22,Manjing Travel
190,"NAIYAI 654 SERVICE CO., LTD.",,,,,Thailand,THB,22,"NAIYAI 654 SERVICE CO., LTD."
191,Opatrip.comU.S. LLC,,,,,Germany,EUR,22,Opatrip.comU.S. LLC
192,Ophorus Excursions & Tours in France,,,,,France,EUR,22,Ophorus Excursions & Tours in France
193,Paris' Trip,,,,,France,EUR,22,Paris' Trip
194,Provence Reservation,,,,,France,EUR,22,Provence Reservation
195,TU Italia Srl,,,,,Italy,EUR,22,TU Italia Srl
196,Wikibeijing,,,,,China,USD,22,Wikibeijing
197,Worldtours - Daily Tours - Excursions - Transfers,,,,,Italy,EUR,22,Worldtours - Daily Tours - Excursions - Transfers
198,Amsterdam Guías & Tours BV,,,,,Netherlands,EUR,21,Amsterdam Guías & Tours BV
199,BORDOVINO WINE TOURS,,,,,France,EUR,21,BORDOVINO WINE TOURS
200,G.& E.MICHALAKIS SA -GEM TRAVEL,,,,,Greece,EUR,21,G.& E.MICHALAKIS SA -GEM TRAVEL
201,Loving Rome,,,,,Italy,EUR,21,Loving Rome
202,Pugliamare srl,,,,,Italy,EUR,21,Pugliamare srl
203,Visit Houston,,,,,Spain,USD,21,Visit Houston
204,VN Lotus Travel,,,,,Vietnam,USD,21,VN Lotus Travel
205,Arigato Travel,,,,,Japan,JPY,20,Arigato Travel
206,Bali Trekking Tour,,,,,Indonesia,IDR,20,Bali Trekking Tour
207,Discovering Spain,,,,,Spain,EUR,20,Discovering Spain
208,Orient Tours LLC,,,,,Oman,AED,20,Orient Tours LLC
209,Pollmans Tours & Safaris Ltd,,,,,Kenya,USD,20,Pollmans Tours & Safaris Ltd
210,See Your City,,,,,United Kingdom,GBP,20,See Your City
211,TOURS FOR TODAY,,,,,Italy,EUR,20,TOURS FOR TODAY
212,VIVU JOURNEYS LAOS,,,,,Laos,USD,20,VIVU JOURNEYS LAOS
213,Ways tours,,,,,Italy,EUR,20,Ways tours
214,Bici Bike Vintage,,,,,Spain,EUR,19,Bici Bike Vintage
215,Creole Travel Services,,,,,Seychelles,EUR,19,Creole Travel Services
216,Croisieres aml,,,,,Canada,CAD,19,Croisieres aml
217,"Guangzhou Zhiwooyou Travel Agency Co., Ltd.",,,,,China,CNY,19,"Guangzhou Zhiwooyou Travel Agency Co., Ltd."
218,Insight Cities,,,,,Austria,EUR,19,Insight Cities
219,Jewel Tours Japan,,,,,Japan,EUR,19,Jewel Tours Japan
220,Le Passage to India Tours and Travels Private Limited,,,,,India,USD,19,Le Passage to India Tours and Travels Private Limited
221,Open Asia Travel Company Limited,,,,,Vietnam,USD,19,Open Asia Travel Company Limited
222,Segway Tour Krakow,,,,,Poland,PLN,19,Segway Tour Krakow
223,Tourmania,,,,,Turkey,EUR,19,Tourmania
224,TYLENE TRANSPORT TOURISME,,,,,France,EUR,19,TYLENE TRANSPORT TOURISME
225,Broadway Inbound,,,,,United States of America,USD,18,Broadway Inbound
226,Cultival,,,,,France,EUR,18,Cultival
227,Tourist Israel,,,,,Israel,USD,18,Tourist Israel
228,Underground Donut Tour,,,,,Canada,USD,18,Underground Donut Tour
229,WORLD 2 MEET SLU,,,,,Spain,EUR,18,WORLD 2 MEET SLU
230,abc Travel,,,,,Portugal,EUR,17,abc Travel
231,Amigo Tours Japan,,,,,Japan,USD,17,Amigo Tours Japan
232,AROUND VESUVIO,,,,,Italy,EUR,17,AROUND VESUVIO
233,De Palm Corporation VBA,,,,,Aruba,USD,17,De Palm Corporation VBA
234,Dresden Information GmbH,,,,,Germany,EUR,17,Dresden Information GmbH
235,Exotic Asia Holidays Travel & Tours Sdn Bhd,,,,,Malaysia,USD,17,Exotic Asia Holidays Travel & Tours Sdn Bhd
236,HIDDEN EXPERIENCES,,,,,Italy,EUR,17,HIDDEN EXPERIENCES
237,iFLY Indoor Skydiving,,,,,United States of America,USD,17,iFLY Indoor Skydiving
238,Lido Tours,,,,,Portugal,EUR,17,Lido Tours
239,Merlin Entertainment,,,,,Austria,EUR,17,Merlin Entertainment
240,Outdoor,,,,,Switzerland,CHF,17,Outdoor
241,Pennicott Wilderness Journeys,,,,,Australia,AUD,17,Pennicott Wilderness Journeys
242,Robert Arrigo & Sons Ltd.,,,,,Malta,EUR,17,Robert Arrigo & Sons Ltd.
243,Solve A Mystery,,,,,Denmark,EUR,17,Solve A Mystery
244,Timberbush Tours,,,,,United Kingdom,GBP,17,Timberbush Tours
245,tourism management curacao,,,,,Curaçao,EUR,17,tourism management curacao
246,Vienna Sightseeing Tours,,,,,Austria,EUR,17,Vienna Sightseeing Tours
247,Amico tours,,,,,Croatia,EUR,16,Amico tours
248,Bali Agung Tours,,,,,Indonesia,USD,16,Bali Agung Tours
249,Easy Transfers,,,,,Morocco,EUR,16,Easy Transfers
250,Luxury Business Transfers,,,,,Netherlands,EUR,16,Luxury Business Transfers
251,Merlin Entertainments Midway Attractions,,,,,Canada,USD,16,Merlin Entertainments Midway Attractions
252,National Park Express,,,,,United States of America,USD,16,National Park Express
253,Premium Tours,,,,,United Kingdom,GBP,16,Premium Tours
254,Roso Group LLC,,,,,Austria,EUR,16,Roso Group LLC
255,Sailing Experience Barcelona.,,,,,Spain,EUR,16,Sailing Experience Barcelona.
256,Skydive Australia NSW,,,,,Australia,AUD,16,Skydive Australia NSW
257,Smartour Riviera,,,,,France,EUR,16,Smartour Riviera
258,Thailand Insight Travel,,,,,Thailand,THB,16,Thailand Insight Travel
259,Visit Düsseldorf,,,,,Germany,EUR,16,Visit Düsseldorf
260,WanderSiam,,,,,Thailand,THB,16,WanderSiam
261,Acampora Travel,,,,,Italy,EUR,15,Acampora Travel
262,BILEDO Sp. z o.o,,,,,Poland,PLN,15,BILEDO Sp. z o.o
263,Bindlestiff Tours,,,,,United States of America,USD,15,Bindlestiff Tours
264,BLUE FOX TRAVEL,,,,,France,EUR,15,BLUE FOX TRAVEL
265,"CITS, Head Office",,,,,China,CNY,15,"CITS, Head Office"
266,Córdoba a Pie,,,,,Spain,EUR,15,Córdoba a Pie
267,Explore Catalunya,,,,,Spain,EUR,15,Explore Catalunya
268,Gray Line San Francisco,,,,,United States of America,USD,15,Gray Line San Francisco
269,Italy on a Budget tours,,,,,Italy,EUR,15,Italy on a Budget tours
270,Monuments Nationaux,,,,,France,EUR,15,Monuments Nationaux
271,Rios Travel,,,,,Spain,EUR,15,Rios Travel
272,Shuttlesfrombudapest,,,,,Hungary,HUF,15,Shuttlesfrombudapest
273,Silverline Cruises,,,,,Hungary,EUR,15,Silverline Cruises
274,Skyline Sightseeing SanFrancisco,,,,,United States of America,USD,15,Skyline Sightseeing SanFrancisco
275,STOCKHOLM ICEGUIDE AB/ STOCKHOLM ADVENTU,,,,,Sweden,EUR,15,STOCKHOLM ICEGUIDE AB/ STOCKHOLM ADVENTU
276,Tour Company,,,,,Belgium,EUR,15,Tour Company
277,TouringBee Limited,,,,,Austria,EUR,15,TouringBee Limited
278,Tournesia Holidays,,,,,Indonesia,USD,15,Tournesia Holidays
279,Tribe Pte Ltd,,,,,Singapore,SGD,15,Tribe Pte Ltd
280,Wander Italy Srl,,,,,Italy,EUR,15,Wander Italy Srl
281,World of Wine,,,,,Portugal,EUR,15,World of Wine
282,Alternative Athens,,,,,Greece,EUR,14,Alternative Athens
283,ATC African Travel Concept,,,,,South Africa,ZAR,14,ATC African Travel Concept
284,Grayline Munich,,,,,Germany,EUR,14,Grayline Munich
285,Green Line Tours S.P.A.,,,,,Italy,EUR,14,Green Line Tours S.P.A.
286,LIVE FOLKS,,,,,Panama,USD,14,LIVE FOLKS
287,MTS SUMMERTIMES TRAVEL,,,,,Cyprus,EUR,14,MTS SUMMERTIMES TRAVEL
288,Normandy Melody,,,,,France,EUR,14,Normandy Melody
289,NOUVELLES FRONTIERES SENEGAL,,,,,Senegal,EUR,14,NOUVELLES FRONTIERES SENEGAL
290,OPEN TOP BUS HELLAS,,,,,Greece,EUR,14,OPEN TOP BUS HELLAS
291,PARQUES REUNIDOS,,,,,Spain,EUR,14,PARQUES REUNIDOS
292,Radius Tours,,,,,Germany,EUR,14,Radius Tours
293,Rayna Tours LLC,,,,,United Arab Emirates,AED,14,Rayna Tours LLC
294,SANWA Travel,,,,,Japan,JPY,14,SANWA Travel
295,Stern und Kreisschiffahrt GmbH,,,,,Germany,EUR,14,Stern und Kreisschiffahrt GmbH
296,TURISME DE BARCELONA,,,,,Spain,EUR,14,TURISME DE BARCELONA
297,Uber Boat by Thames Clippers,,,,,United Kingdom,EUR,14,Uber Boat by Thames Clippers
298,Utess Voyages,,,,,Morocco,EUR,14,Utess Voyages
299,V Theater Group LLC,,,,,United States of America,USD,14,V Theater Group LLC
300,Wien mal anders,,,,,Austria,EUR,14,Wien mal anders
301,Wonderlapland,,,,,Finland,EUR,14,Wonderlapland
302,360 Adventures Tourism,,,,,United Arab Emirates,AED,13,360 Adventures Tourism
303,Anderson  Tours Ltd,,,,,United Kingdom,GBP,13,Anderson  Tours Ltd
304,C-WAY SRL,,,,,Italy,EUR,13,C-WAY SRL
305,Chichen Itza Sightseeing,,,,,Mexico,USD,13,Chichen Itza Sightseeing
306,Consorzio Vidali Group,,,,,Italy,EUR,13,Consorzio Vidali Group
307,Do Eat Better Spain,,,,,Portugal,EUR,13,Do Eat Better Spain
308,Eco Tuk Tuk - Spain,,,,,Spain,EUR,13,Eco Tuk Tuk - Spain
309,"F.Activities - Azores Adventure, Lda",,,,,Portugal,EUR,13,"F.Activities - Azores Adventure, Lda"
310,Garda E-motion,,,,,Italy,EUR,13,Garda E-motion
311,GRAND CANYON SCENIC AIRLINES,,,,,United States of America,USD,13,GRAND CANYON SCENIC AIRLINES
312,Inalb tpp shpk,,,,,Albania,EUR,13,Inalb tpp shpk
313,INFINITE ISLAND TOURS NV,,,,,"Bonaire, Sint Eustatius and Saba",EUR,13,INFINITE ISLAND TOURS NV
314,INTERCRUISES SHORESIDE AND PORT SERV.INC,,,,,United States of America,EUR,13,INTERCRUISES SHORESIDE AND PORT SERV.INC
315,JRTGroup,,,,,Japan,JPY,13,JRTGroup
316,Rustic Asia Travel,,,,,Vietnam,USD,13,Rustic Asia Travel
317,SeaLink South Australia,,,,,Australia,AUD,13,SeaLink South Australia
318,Staatliche Museen zu Berlin,,,,,Germany,EUR,13,Staatliche Museen zu Berlin
319,Szabo,szabo@cityrama.hu,,,,Hungary,EUR,13,szabo@cityrama.hu
320,Tixalia Worldwide SL,,,,,Spain,EUR,13,Tixalia Worldwide SL
321,Touristcheck - ACdPC,,,,,Spain,EUR,13,Touristcheck - ACdPC
322,Travco Travel Company of Egypt,,,,,Egypt,EUR,13,Travco Travel Company of Egypt
323,Troll Expeditions,,,,,Iceland,EUR,13,Troll Expeditions
324,TUI España,,,,,Spain,EUR,13,TUI España
325,Universal Studios Hollywood,,,,,United States of America,USD,13,Universal Studios Hollywood
326,Vision Inc.,,,,,Japan,JPY,13,Vision Inc.
327,Walk this Way,,,,,Belgium,EUR,13,Walk this Way
328,A Special Memory Wedding Chapel,,,,,United States of America,USD,12,A Special Memory Wedding Chapel
329,Ape Romantic Tour,,,,,Italy,EUR,12,Ape Romantic Tour
330,Arbaspàa srl,,,,,Italy,EUR,12,Arbaspàa srl
331,Arctic GM Experiences OY,,,,,Finland,EUR,12,Arctic GM Experiences OY
332,"Arumachi, Inc.",,,,,Japan,JPY,12,"Arumachi, Inc."
333,CV WERDI ARTHA JAYA,,,,,Indonesia,IDR,12,CV WERDI ARTHA JAYA
334,ECOEXPERIENCIAS MÉXICO TOUR OPERATORS,,,,,Mexico,USD,12,ECOEXPERIENCIAS MÉXICO TOUR OPERATORS
335,ExperienceKart,,,,,New Zealand,NZD,12,ExperienceKart
336,FINN TOURS SOUTH LIMITED,,,,,Ireland,EUR,12,FINN TOURS SOUTH LIMITED
337,"Futurismo - Empresa de Turismo Náutico, Lda",,,,,Portugal,EUR,12,"Futurismo - Empresa de Turismo Náutico, Lda"
338,GIdOman,,,,,Oman,EUR,12,GIdOman
339,Globus Tours,,,,,Austria,EUR,12,Globus Tours
340,Gourmetaly di Cassoni Daniela,,,,,Italy,EUR,12,Gourmetaly di Cassoni Daniela
341,Grand Tour Experience,,,,,Italy,EUR,12,Grand Tour Experience
342,i Venture Card,,,,,Australia,GBP,12,i Venture Card
343,LIFE AND SEA S.L,,,,,Spain,EUR,12,LIFE AND SEA S.L
344,Living Tuk Tuk,,,,,Portugal,EUR,12,Living Tuk Tuk
345,Master Bali Tour,,,,,Indonesia,USD,12,Master Bali Tour
346,ORIGINAL BERLIN WALKS,,,,,Germany,EUR,12,ORIGINAL BERLIN WALKS
347,Outdoor Norway,,,,,Norway,EUR,12,Outdoor Norway
348,SARL VERREVIDOPHOBE,,,,,France,EUR,12,SARL VERREVIDOPHOBE
349,SIGHTSEEING TOURS UNLIMITED OF NEVADA,,,,,United States of America,EUR,12,SIGHTSEEING TOURS UNLIMITED OF NEVADA
350,Stromma Group,,,,,Sweden,SEK,12,Stromma Group
351,Tootbus,,,,,Belgium,EUR,12,Tootbus
352,Travel Designer W.L.L.,,,,,Qatar,USD,12,Travel Designer W.L.L.
353,True Spirit Lda,,,,,Portugal,EUR,12,True Spirit Lda
354,Universal Tour Group,,,,,United States of America,USD,12,Universal Tour Group
355,Velo Service,,,,,Italy,EUR,12,Velo Service
356,Viva Vietnam,,,,,Vietnam,USD,12,Viva Vietnam
357,WA NT TOURS Pty Ltd,,,,,Australia,AUD,12,WA NT TOURS Pty Ltd
358,Walt Disney World UK,,,,,United States of America,GBP,12,Walt Disney World UK
359,Wine Hop And Coastal Tours Pty Ltd,,,,,Australia,AUD,12,Wine Hop And Coastal Tours Pty Ltd
360,Z-Ocean Tours LLC,,,,,France,USD,12,Z-Ocean Tours LLC
361,AB Poland Travel,,,,,Poland,EUR,11,AB Poland Travel
362,Beach & Safari Aviation Ltd,,,,,Tanzania,USD,11,Beach & Safari Aviation Ltd
363,Berlin on Bike - Tours & Rental,,,,,Germany,EUR,11,Berlin on Bike - Tours & Rental
364,Carpe Diem Rome,,,,,Italy,EUR,11,Carpe Diem Rome
365,Centaurus Passenger Yacht and Boats Rental LLC,,,,,United Arab Emirates,AED,11,Centaurus Passenger Yacht and Boats Rental LLC
366,City Experiences,,,,,United Kingdom,GBP,11,City Experiences
367,Destination Occitanie,,,,,France,EUR,11,Destination Occitanie
368,Gezenthi Travel Agency,,,,,Turkey,EUR,11,Gezenthi Travel Agency
369,Granavision,,,,,Spain,EUR,11,Granavision
370,Holland Ticket Services,,,,,Netherlands,EUR,11,Holland Ticket Services
371,Hub World Travel,,,,,United States of America,USD,11,Hub World Travel
372,Hungaria Koncert Ltd.,,,,,Hungary,EUR,11,Hungaria Koncert Ltd.
373,Iberian Events S.L.,,,,,Spain,EUR,11,Iberian Events S.L.
374,INCREDIBLE ADVENTURES,,,,,United States of America,USD,11,INCREDIBLE ADVENTURES
375,INFLITE NZ,,,,,New Zealand,NZD,11,INFLITE NZ
376,JungleWalla,,,,,Malaysia,MYR,11,JungleWalla
377,Kemedia S.r.l.,,,,,Italy,EUR,11,Kemedia S.r.l.
378,Land of Fashion,,,,,Italy,EUR,11,Land of Fashion
379,MARRAKECH SURF & SNOW,,,,,Morocco,EUR,11,MARRAKECH SURF & SNOW
380,Miami Wars,,,,,Poland,PLN,11,Miami Wars
381,Mobilboard Nice,,,,,France,EUR,11,Mobilboard Nice
382,Mr. Shuttle,,,,,Poland,EUR,11,Mr. Shuttle
383,munichwalktours,,,,,Germany,EUR,11,munichwalktours
384,Nhue Concierge Sl,,,,,Spain,EUR,11,Nhue Concierge Sl
385,Opera Duomo Siena,,,,,Italy,EUR,11,Opera Duomo Siena
386,RealNZ,,,,,New Zealand,NZD,11,RealNZ
387,Royal City Tours LLC,,,,,United States of America,USD,11,Royal City Tours LLC
388,Sidewalk Food Tours,,,,,United States of America,USD,11,Sidewalk Food Tours
389,Siem Reaper,,,,,Cambodia,USD,11,Siem Reaper
390,Tamraght moto agadir,,,,,Morocco,EUR,11,Tamraght moto agadir
391,TOURISMUS+CONGRESS GMBH FRANKFURT,,,,,Germany,EUR,11,TOURISMUS+CONGRESS GMBH FRANKFURT
392,TravelMaker Tours,,,,,Romania,EUR,11,TravelMaker Tours
393,Travtur Tourism L.L.C,,,,,United Arab Emirates,USD,11,Travtur Tourism L.L.C
394,Tuscan Escapes,,,,,Italy,EUR,11,Tuscan Escapes
395,VENICE EVENTS srl,,,,,Italy,EUR,11,VENICE EVENTS srl
396,Viva's Group International,,,,,Germany,EUR,11,Viva's Group International
397,Weekend in Italy,,,,,Italy,EUR,11,Weekend in Italy
398,Zani Viaggi SRL,,,,,Italy,EUR,11,Zani Viaggi SRL
399,Adventure Photo Tours,,,,,United States of America,USD,10,Adventure Photo Tours
400,Alessandro Poggi,,,,,Italy,EUR,10,Alessandro Poggi
401,Amitylux,,,,,Denmark,EUR,10,Amitylux
402,Barcelona,barcelona@bandwango.com,,,,Spain,EUR,10,barcelona@bandwango.com
403,Beautiful Salalah Tours,,,,,Oman,USD,10,Beautiful Salalah Tours
404,Bellugg,,,,,Thailand,THB,10,Bellugg
405,BIKES AND HIKES LA - DANNY ROMAN,,,,,United States of America,USD,10,BIKES AND HIKES LA - DANNY ROMAN
406,BOBBY'S BIKE HIKE CHICAGO,,,,,United States of America,USD,10,BOBBY'S BIKE HIKE CHICAGO
407,Bstadium,,,,,Spain,EUR,10,Bstadium
408,campaniaclick,,,,,Italy,EUR,10,campaniaclick
409,Carpathian Travel Center,,,,,Romania,EUR,10,Carpathian Travel Center
410,Chegaga Travel,,,,,Morocco,EUR,10,Chegaga Travel
411,Chokoloskee Enterprises Inc,,,,,United States of America,USD,10,Chokoloskee Enterprises Inc
412,COOLTOUR LX LDA,,,,,Portugal,EUR,10,COOLTOUR LX LDA
413,Dark Stories Pty Ltd,,,,,Australia,AUD,10,Dark Stories Pty Ltd
414,DISCOVER LISBON,,,,,Portugal,EUR,10,DISCOVER LISBON
415,Disneyland,disneyland@musement.com,,,,United States of America,EUR,10,disneyland@musement.com
416,DTours,,,,,United States of America,USD,10,DTours
417,East Car Tours GmbH & Co. KG,,,,,Germany,EUR,10,East Car Tours GmbH & Co. KG
418,EVTT PROVENCE,,,,,France,USD,10,EVTT PROVENCE
419,Exploro,,,,,United Kingdom,GBP,10,Exploro
420,Food Lover Tour,,,,,Spain,EUR,10,Food Lover Tour
421,Fun And Tickets,,,,,Spain,EUR,10,Fun And Tickets
422,Golden Tours LTD.,,,,,United Kingdom,GBP,10,Golden Tours LTD.
423,Gray Line New Orleans,,,,,United States of America,USD,10,Gray Line New Orleans
424,Hannover Marketing und Tourismus GmbH,,,,,Germany,EUR,10,Hannover Marketing und Tourismus GmbH
425,IAMME IA! TOURS & TICKETS,,,,,Italy,EUR,10,IAMME IA! TOURS & TICKETS
426,Köln-Düsseldorfer Deutsche Rheinschiffahrt GmbH,,,,,Germany,EUR,10,Köln-Düsseldorfer Deutsche Rheinschiffahrt GmbH
427,Link Shuttle,,,,,Mexico,MXN,10,Link Shuttle
428,"MAGICALTRIP (THAILAND) CO., LTD.",,,,,Thailand,EUR,10,"MAGICALTRIP (THAILAND) CO., LTD."
429,Mexico Kan Tours,,,,,Mexico,USD,10,Mexico Kan Tours
430,Montebaldo Srl,,,,,Italy,EUR,10,Montebaldo Srl
431,Mybikeorhike,,,,,Ireland,EUR,10,Mybikeorhike
432,On Location Tours,,,,,United States of America,USD,10,On Location Tours
433,Rutas Madrid,,,,,Spain,EUR,10,Rutas Madrid
434,Sa Calma Boats,,,,,Spain,EUR,10,Sa Calma Boats
435,SEGWAY TRIP SL,,,,,Spain,EUR,10,SEGWAY TRIP SL
436,"Siam Scape Journeys Co.,Ltd",,,,,Thailand,THB,10,"Siam Scape Journeys Co.,Ltd"
437,Sofi Sp. z o.o,,,,,Poland,PLN,10,Sofi Sp. z o.o
438,Spare tour S.r.l.,,,,,Italy,EUR,10,Spare tour S.r.l.
439,Special Tours Wildlife Adventures,,,,,Iceland,EUR,10,Special Tours Wildlife Adventures
440,Sunset Watersports,,,,,United States of America,USD,10,Sunset Watersports
441,SuperCracow,,,,,Poland,EUR,10,SuperCracow
442,Timonfaya,,,,,Italy,EUR,10,Timonfaya
443,Tourist Scavenger Hunt,,,,,Canada,CAD,10,Tourist Scavenger Hunt
444,Vibe Adventures,,,,,Mexico,USD,10,Vibe Adventures
445,A Rocha Life,,,,,Portugal,EUR,9,A Rocha Life
446,ACTIVE TRAVEL,,,,,Romania,RON,9,ACTIVE TRAVEL
447,Alabama Tourism,,,,,United States of America,USD,9,Alabama Tourism
448,Alsafari Tours,,,,,Portugal,EUR,9,Alsafari Tours
449,AMSTERBIKE,,,,,Netherlands,EUR,9,AMSTERBIKE
450,ANDALUSIA TOUR TRAVEL,,,,,Spain,EUR,9,ANDALUSIA TOUR TRAVEL
451,Around Portland Tours,,,,,United States of America,USD,9,Around Portland Tours
452,Asian Trails (M) Sdn Bhd,,,,,Malaysia,MYR,9,Asian Trails (M) Sdn Bhd
453,Auckland & Beyond Tours,,,,,New Zealand,NZD,9,Auckland & Beyond Tours
454,B FAST,,,,,Mexico,MXN,9,B FAST
455,BALEA TRAVEL,,,,,Spain,EUR,9,BALEA TRAVEL
456,Bicycle Roma,,,,,Italy,EUR,9,Bicycle Roma
457,BoostPortugal,,,,,Portugal,EUR,9,BoostPortugal
458,Brit Music Tours,,,,,United Kingdom,GBP,9,Brit Music Tours
459,Brião Actividades Turísticas Lda,,,,,Portugal,EUR,9,Brião Actividades Turísticas Lda
460,Caesars Entertainment,,,,,United States of America,USD,9,Caesars Entertainment
461,Calypso Trip,,,,,Mexico,USD,9,Calypso Trip
462,City Florence Tours,,,,,Italy,EUR,9,City Florence Tours
463,Cyclant,,,,,Belgium,EUR,9,Cyclant
464,Doha Bus,,,,,Qatar,USD,9,Doha Bus
465,"ETG POLAND S.C MARCIN GIL,DARIUS ZELAZNY",,,,,Poland,EUR,9,"ETG POLAND S.C MARCIN GIL,DARIUS ZELAZNY"
466,Eventour,,,,,Spain,EUR,9,Eventour
467,Experience Dubrovnik j.d.o.o.,,,,,Croatia,EUR,9,Experience Dubrovnik j.d.o.o.
468,EXPLORING CANTABRIA,,,,,Spain,EUR,9,EXPLORING CANTABRIA
469,Förderverein Nürnberger Felsengänge e.V.,,,,,Germany,EUR,9,Förderverein Nürnberger Felsengänge e.V.
470,Galicia Experience,,,,,Spain,EUR,9,Galicia Experience
471,GLOBAL CRUISES MX,,,,,Mexico,USD,9,GLOBAL CRUISES MX
472,Gray Line Westcoast Sightseeing,,,,,Canada,CAD,9,Gray Line Westcoast Sightseeing
473,Grupo Summa Argentina,,,,,Argentina,USD,9,Grupo Summa Argentina
474,Il Doge di Venezia srl,,,,,Italy,EUR,9,Il Doge di Venezia srl
475,"Imagens & Destinos, Unipessoal, Lda",,,,,Portugal,EUR,9,"Imagens & Destinos, Unipessoal, Lda"
476,IMMERSIVE SRL,,,,,Italy,EUR,9,IMMERSIVE SRL
477,Island Kodesh Tours Ltd,,,,,Jamaica,USD,9,Island Kodesh Tours Ltd
478,Kapohokine Adventures,,,,,United States of America,EUR,9,Kapohokine Adventures
479,LIVING TOURS / Porto,,,,,Portugal,EUR,9,LIVING TOURS / Porto
480,Loro Parque s.a.,,,,,Spain,EUR,9,Loro Parque s.a.
481,MNPQ GESTORES TURISTICOS SL,,,,,Spain,EUR,9,MNPQ GESTORES TURISTICOS SL
482,Napoleone Tour,,,,,France,EUR,9,Napoleone Tour
483,Napoli Official Tour,,,,,Italy,EUR,9,Napoli Official Tour
484,Oway Tours,,,,,Spain,EUR,9,Oway Tours
485,Patagonia Dreams SRL,,,,,Argentina,USD,9,Patagonia Dreams SRL
486,Picster,,,,,France,GBP,9,Picster
487,Polynesian Adventure,,,,,United States of America,USD,9,Polynesian Adventure
488,Premiant City Tour,,,,,Czech Republic,EUR,9,Premiant City Tour
489,PT . TRI EMAS MANUNGGAL,,,,,Indonesia,IDR,9,PT . TRI EMAS MANUNGGAL
490,Reykjavík Sightseeing,,,,,Iceland,EUR,9,Reykjavík Sightseeing
491,ScubaCaribe,,,,,Maldives,EUR,9,ScubaCaribe
492,"Shuzenji Takitei Co., Ltd.",,,,,Japan,JPY,9,"Shuzenji Takitei Co., Ltd."
493,Simonehoeve,,,,,Netherlands,EUR,9,Simonehoeve
494,SKYhub Indonesia,,,,,Indonesia,USD,9,SKYhub Indonesia
495,Stap Travel & Tours,,,,,Mexico,USD,9,Stap Travel & Tours
496,Stromma Netherlands,,,,,Netherlands,EUR,9,Stromma Netherlands
497,Terran Travels,,,,,United States of America,USD,9,Terran Travels
498,"Travel Agency ""South Tours"" Croatia",,,,,Croatia,EUR,9,"Travel Agency ""South Tours"" Croatia"
499,Traventuria Ltd.,,,,,Bulgaria,EUR,9,Traventuria Ltd.
500,"TUI España Turismo, S.L.U",,,,,Spain,EUR,9,"TUI España Turismo, S.L.U"
501,Tylene / A La Française Provence,,,,,France,EUR,9,Tylene / A La Française Provence
502,Unser Hamburg Stadtführungen,,,,,Germany,EUR,9,Unser Hamburg Stadtführungen
503,US2U INC,,,,,United States of America,USD,9,US2U INC
504,VPT Tours (Viajes Para Todos),,,,,Spain,EUR,9,VPT Tours (Viajes Para Todos)
505,Wandering Owl AS,,,,,Norway,EUR,9,Wandering Owl AS
506,You Know! Boat Excursions and Services,,,,,Italy,EUR,9,You Know! Boat Excursions and Services
507,ASEAN ANGKOR GUIDE,,,,,Cambodia,USD,8,ASEAN ANGKOR GUIDE
508,Ashley,ashley@bandwango.com,,,,Spain,EUR,8,ashley@bandwango.com
509,Barcelona Segway Tour,,,,,Spain,EUR,8,Barcelona Segway Tour
510,Bespoke England Tours,,,,,United Kingdom,GBP,8,Bespoke England Tours
511,Brezntours,,,,,Germany,EUR,8,Brezntours
512,CARRISTUR/Yellow Bus,,,,,Portugal,EUR,8,CARRISTUR/Yellow Bus
513,Cebu Trip Tours,,,,,Philippines,USD,8,Cebu Trip Tours
514,CPH Travel Agencies (Sarawak) Sdn Bhd,,,,,Malaysia,MYR,8,CPH Travel Agencies (Sarawak) Sdn Bhd
515,DB Regio Bus Ost GmbH/NL City Circle,,,,,Germany,EUR,8,DB Regio Bus Ost GmbH/NL City Circle
516,Descubre Tours,,,,,Spain,EUR,8,Descubre Tours
517,Discover Estonia OU,,,,,Estonia,EUR,8,Discover Estonia OU
518,Elding Adventures at Sea,,,,,Iceland,EUR,8,Elding Adventures at Sea
519,Elevate Tourism LLC,,,,,United Arab Emirates,AED,8,Elevate Tourism LLC
520,EtapaTapa,,,,,Spain,EUR,8,EtapaTapa
521,Exerbe,,,,,Italy,EUR,8,Exerbe
522,Finger Licking Foodie Tours,,,,,United States of America,USD,8,Finger Licking Foodie Tours
523,Go West Tours,,,,,Australia,AUD,8,Go West Tours
524,GoCar Rentals Inc,,,,,United States of America,EUR,8,GoCar Rentals Inc
525,GoCar Tours,,,,,United States of America,USD,8,GoCar Tours
526,Gojet Mallorca,,,,,Spain,EUR,8,Gojet Mallorca
527,HAPPY GUIDE FRANCE,,,,,France,EUR,8,HAPPY GUIDE FRANCE
528,Info,info@daytours.ie,,,,Ireland,EUR,8,info@daytours.ie
529,isole lago maggiore: isole lago maggiore: Navigazione Isole Borromee di Bertola Lorenzo & Alessandro s.n.c.,,,,,Italy,EUR,8,isole lago maggiore: isole lago maggiore: Navigazione Isole Borromee di Bertola Lorenzo & Alessandro s.n.c.
530,k3 stadtführungen,,,,,Germany,EUR,8,k3 stadtführungen
531,Kunsthistorisches Museum Vienna,,,,,Austria,EUR,8,Kunsthistorisches Museum Vienna
532,Mercat Tours,,,,,United Kingdom,GBP,8,Mercat Tours
533,MOLINARD Parfums,,,,,France,EUR,8,MOLINARD Parfums
534,Opus Magnum d.o.o.,,,,,Slovenia,EUR,8,Opus Magnum d.o.o.
535,Pachantiew company limited,,,,,Thailand,THB,8,Pachantiew company limited
536,Paddle Surf Sevilla,,,,,Spain,EUR,8,Paddle Surf Sevilla
537,Planetazur,,,,,France,EUR,8,Planetazur
538,Polomusealefirenze,polomusealefirenze@musement.com,,,,Italy,EUR,8,polomusealefirenze@musement.com
539,Positano Boats,,,,,Italy,EUR,8,Positano Boats
540,Premium Yachting,,,,,Poland,PLN,8,Premium Yachting
541,Prime Tours,,,,,Austria,EUR,8,Prime Tours
542,RED RIVER TOURS PHU QUOC,,,,,Vietnam,USD,8,RED RIVER TOURS PHU QUOC
543,Sales,sales@stromma.fi,,,,Finland,EUR,8,sales@stromma.fi
544,Sebago Watersports,,,,,United States of America,USD,8,Sebago Watersports
545,"SERVEIS DE GESTI” CULTURAL ICONO, S.L.U.",,,,,Spain,EUR,8,"SERVEIS DE GESTI” CULTURAL ICONO, S.L.U."
546,Siesta Advisor,,,,,Spain,EUR,8,Siesta Advisor
547,Somewhere sas,,,,,Italy,EUR,8,Somewhere sas
548,StattReisen Bonn,,,,,Germany,EUR,8,StattReisen Bonn
549,Stockholm Nature,,,,,Sweden,SEK,8,Stockholm Nature
550,Streaty,,,,,Italy,EUR,8,Streaty
551,Sunset Oia Sailing tours,,,,,Greece,EUR,8,Sunset Oia Sailing tours
552,Superjeep.is,,,,,Iceland,EUR,8,Superjeep.is
553,the voyager srl,,,,,Italy,EUR,8,the voyager srl
554,THOUSAND MILES SP. Z O.O.,,,,,Poland,EUR,8,THOUSAND MILES SP. Z O.O.
555,Through Eternity,,,,,Italy,EUR,8,Through Eternity
556,Tour By Vespa,,,,,Cambodia,USD,8,Tour By Vespa
557,Touristcheck,,,,,Spain,EUR,8,Touristcheck
558,TRAVEL PATH,,,,,Greece,EUR,8,TRAVEL PATH
559,Tropical Travel Bonaire,,,,,"Bonaire, Sint Eustatius and Saba",USD,8,Tropical Travel Bonaire
560,Undercover City Games Sp. z o.o.,,,,,Poland,PLN,8,Undercover City Games Sp. z o.o.
561,ushba travel,,,,,Georgia,USD,8,ushba travel
562,Viadrina Tours,,,,,Germany,EUR,8,Viadrina Tours
563,VIAJES ALSA S.A.,,,,,Spain,EUR,8,VIAJES ALSA S.A.
564,VNBIKETOUR,,,,,Vietnam,USD,8,VNBIKETOUR
565,Voyage en francais,,,,,France,EUR,8,Voyage en francais
566,Willms Touristik GmbH & Co.KG,,,,,Germany,EUR,8,Willms Touristik GmbH & Co.KG
567,Xplora,,,,,Greece,EUR,8,Xplora
568,Your Friend In Reykjavik,,,,,Iceland,EUR,8,Your Friend In Reykjavik
569,Aljazeera İstanbul Turizm limited şirketi,,,,,Turkey,USD,7,Aljazeera İstanbul Turizm limited şirketi
570,AMADEO TRAVEL SOLUTIONS,,,,,United States of America,USD,7,AMADEO TRAVEL SOLUTIONS
571,ArtenCórdoba,,,,,Spain,EUR,7,ArtenCórdoba
572,AT Cracow,,,,,Poland,EUR,7,AT Cracow
573,BICLARIA,,,,,Portugal,EUR,7,BICLARIA
574,Black Cab Heritage Tours,,,,,United Kingdom,GBP,7,Black Cab Heritage Tours
575,Brit Icon Tours,,,,,United Kingdom,GBP,7,Brit Icon Tours
576,Carpe Punktum Travel,,,,,Turkey,EUR,7,Carpe Punktum Travel
577,Carrapateira Extreme,,,,,Portugal,EUR,7,Carrapateira Extreme
578,"Central de Reserves de Montserrat, SAU",,,,,Spain,EUR,7,"Central de Reserves de Montserrat, SAU"
579,CHERRY TRAVEL,,,,,Greece,EUR,7,CHERRY TRAVEL
580,CHIC Hospitality,,,,,Saint Lucia,USD,7,CHIC Hospitality
581,CIRCLE LINE SIGHTSEEING CRUISES,,,,,United States of America,USD,7,CIRCLE LINE SIGHTSEEING CRUISES
582,City Tours Eindhoven,,,,,Aruba,EUR,7,City Tours Eindhoven
583,Connemara Wild Escapes,,,,,Ireland,EUR,7,Connemara Wild Escapes
584,cpb culturepartner berlin GmbH,,,,,Germany,EUR,7,cpb culturepartner berlin GmbH
585,CPh Bikes,,,,,Denmark,DKK,7,CPh Bikes
586,Cracow Visit,,,,,Poland,PLN,7,Cracow Visit
587,D. Swarovski Tourism Services GmbH,,,,,Austria,EUR,7,D. Swarovski Tourism Services GmbH
588,DC Design Tours,,,,,United States of America,USD,7,DC Design Tours
589,Detours,,,,,Portugal,EUR,7,Detours
590,Di Giovanna Societa' Agricola SRL,,,,,Italy,EUR,7,Di Giovanna Societa' Agricola SRL
591,Diwira Wisata Indonesia,,,,,Indonesia,IDR,7,Diwira Wisata Indonesia
592,Domaine Clotilde Davenne,,,,,France,EUR,7,Domaine Clotilde Davenne
593,Driving Experience / Liven Up,,,,,France,EUR,7,Driving Experience / Liven Up
594,E-Magine Rides Budapest,,,,,Hungary,EUR,7,E-Magine Rides Budapest
595,Edison Travel Service,,,,,Taiwan,USD,7,Edison Travel Service
596,Elite Travel,,,,,Croatia,EUR,7,Elite Travel
597,Erlebnistouren Dresden Renger,,,,,Germany,EUR,7,Erlebnistouren Dresden Renger
598,ESTACIÓ NÀUTICA COSTA DAURADA,,,,,Spain,EUR,7,ESTACIÓ NÀUTICA COSTA DAURADA
599,Etna & Sea Excursions,,,,,Italy,EUR,7,Etna & Sea Excursions
600,Experience Travel Tours,,,,,Spain,EUR,7,Experience Travel Tours
601,FREE BERLIN Bike Tours,,,,,Germany,EUR,7,FREE BERLIN Bike Tours
602,FRIGERIO VIAGGI SRL,,,,,Italy,EUR,7,FRIGERIO VIAGGI SRL
603,Galicia Travels,,,,,Spain,EUR,7,Galicia Travels
604,Get Stoked,,,,,Portugal,EUR,7,Get Stoked
605,GIT - Guided Istanbul Tours,,,,,Turkey,USD,7,GIT - Guided Istanbul Tours
606,Go Hike Alaska,,,,,United States of America,USD,7,Go Hike Alaska
607,Grand Canyon Destinations,,,,,United States of America,USD,7,Grand Canyon Destinations
608,Green Devil Safari - Unipessoal Lda,,,,,Portugal,EUR,7,Green Devil Safari - Unipessoal Lda
609,Guidance Travel,,,,,Netherlands,EUR,7,Guidance Travel
610,guiders GmbH,,,,,Germany,EUR,7,guiders GmbH
611,Hello Thai Guide Travel Company Limited,,,,,Thailand,THB,7,Hello Thai Guide Travel Company Limited
612,Hola Trip,,,,,Spain,EUR,7,Hola Trip
613,Holidays Services,,,,,Morocco,EUR,7,Holidays Services
614,Hollandbikes,,,,,France,EUR,7,Hollandbikes
615,INSIDE LISBON,,,,,Portugal,EUR,7,INSIDE LISBON
616,Jet Ski Safaris,,,,,Australia,AUD,7,Jet Ski Safaris
617,Kien Phat Nguyen Travel,,,,,Vietnam,USD,7,Kien Phat Nguyen Travel
618,London Theatre Direct,,,,,United Kingdom,GBP,7,London Theatre Direct
619,Love Khaolak Holiday,,,,,Thailand,THB,7,Love Khaolak Holiday
620,Maligne Rafting Adventures Ltd.,,,,,Canada,CAD,7,Maligne Rafting Adventures Ltd.
621,Maverick Helicopters,,,,,United States of America,USD,7,Maverick Helicopters
622,McGee's Trips & Tickets,,,,,Czech Republic,EUR,7,McGee's Trips & Tickets
623,Merlin Entertainment West,,,,,United States of America,USD,7,Merlin Entertainment West
624,MoldovaTovisit,,,,,Moldova,EUR,7,MoldovaTovisit
625,Moonstar Tour,,,,,Turkey,EUR,7,Moonstar Tour
626,My Quest Concierge,,,,,Mexico,USD,7,My Quest Concierge
627,mygraffitiworkshop,,,,,Germany,EUR,7,mygraffitiworkshop
628,Northern Norway Travel AS,,,,,Norway,EUR,7,Northern Norway Travel AS
629,Olala Bordeaux,,,,,France,EUR,7,Olala Bordeaux
630,Ortigia Island Excursion,,,,,Italy,EUR,7,Ortigia Island Excursion
631,PRAGUE BOATS SRO,,,,,Czech Republic,EUR,7,PRAGUE BOATS SRO
632,Sea Sydney Harbour,,,,,Australia,AUD,7,Sea Sydney Harbour
633,Seaplane Adventures,,,,,United States of America,USD,7,Seaplane Adventures
634,Sightseeing in France,,,,,France,EUR,7,Sightseeing in France
635,Southern Cultural Immersion,,,,,Australia,AUD,7,Southern Cultural Immersion
636,St. Pauli Office,,,,,Germany,EUR,7,St. Pauli Office
637,Stuttgart Marketing GmbH,,,,,Germany,EUR,7,Stuttgart Marketing GmbH
638,swiss epic tours GmbH,,,,,Germany,EUR,7,swiss epic tours GmbH
639,Tecforwork Unipessoal Lda,,,,,Portugal,EUR,7,Tecforwork Unipessoal Lda
640,The Guide Cambodia Travel,,,,,Cambodia,EUR,7,The Guide Cambodia Travel
641,Tivoli Gardens,,,,,Denmark,DKK,7,Tivoli Gardens
642,Tourist Angel Smc,,,,,Hungary,EUR,7,Tourist Angel Smc
643,Tower Tours - San Francisco,,,,,United States of America,USD,7,Tower Tours - San Francisco
644,travelbrilliant,,,,,Spain,EUR,7,travelbrilliant
645,Turbopass GmbH,,,,,Germany,EUR,7,Turbopass GmbH
646,Uncharted Escapes,,,,,Greece,EUR,7,Uncharted Escapes
647,Velena Travel,,,,,Turkey,EUR,7,Velena Travel
648,VIP LONDON TOUR,,,,,United Kingdom,GBP,7,VIP LONDON TOUR
649,Walks of Dubai,,,,,United Arab Emirates,AED,7,Walks of Dubai
650,Waterfront Charters,,,,,South Africa,ZAR,7,Waterfront Charters
651,Wie schmeckt meine Stadt GbR,,,,,Germany,EUR,7,Wie schmeckt meine Stadt GbR
652,Wild Horizons Waterfront Adventures,,,,,South Africa,ZAR,7,Wild Horizons Waterfront Adventures
653,ΜΤΜ TOURISM GREECE,,,,,Greece,EUR,7,ΜΤΜ TOURISM GREECE
654,AAT Kings,,,,,Australia,AUD,6,AAT Kings
655,ADDIOPIZZO TRAVEL,,,,,Italy,EUR,6,ADDIOPIZZO TRAVEL
656,AOYO-Guide GbR,,,,,Canada,EUR,6,AOYO-Guide GbR
657,AQUADIVE unique scuba experience,,,,,Greece,EUR,6,AQUADIVE unique scuba experience
658,Athens Walks Tour Company,,,,,Greece,EUR,6,Athens Walks Tour Company
659,Autostradale Viaggi SRL,,,,,Italy,EUR,6,Autostradale Viaggi SRL
660,Azores Whale Watching TERRA AZUL™,,,,,Portugal,EUR,6,Azores Whale Watching TERRA AZUL™
661,Barri Ann Business Travel Services Company Limited,,,,,Vietnam,USD,6,Barri Ann Business Travel Services Company Limited
662,Bien Cappadocia Travel,,,,,Turkey,EUR,6,Bien Cappadocia Travel
663,Bikesul,,,,,Portugal,EUR,6,Bikesul
664,Blue Dragon,,,,,Portugal,EUR,6,Blue Dragon
665,Boats2Sail,,,,,Austria,EUR,6,Boats2Sail
666,Bremen Tourismus,,,,,Germany,EUR,6,Bremen Tourismus
667,Brim Holding,,,,,Norway,NOK,6,Brim Holding
668,Camaleon Tours BV,,,,,Netherlands,EUR,6,Camaleon Tours BV
669,Casa Batllò,,,,,Spain,EUR,6,Casa Batllò
670,Catalunya Bus Turistic,,,,,Spain,EUR,6,Catalunya Bus Turistic
671,Champagne Boizel,,,,,France,EUR,6,Champagne Boizel
672,Champagne Canard Duchêne,,,,,France,EUR,6,Champagne Canard Duchêne
673,CHAMPAGNE VOLLEREAUX,,,,,France,EUR,6,CHAMPAGNE VOLLEREAUX
674,Cicérone Tours,,,,,Canada,CAD,6,Cicérone Tours
675,CLICK IN TUSCANY ®,,,,,Italy,EUR,6,CLICK IN TUSCANY ®
676,ClueGo Visit,,,,,Italy,EUR,6,ClueGo Visit
677,Cool-Tours StattReisen,,,,,Germany,EUR,6,Cool-Tours StattReisen
678,Copenhagen By Mie & Friends,,,,,Denmark,EUR,6,Copenhagen By Mie & Friends
679,Corte Pavone,,,,,Italy,EUR,6,Corte Pavone
680,Creuers Costa Daurada,,,,,Spain,EUR,6,Creuers Costa Daurada
681,Crown Tours Italy,,,,,Italy,EUR,6,Crown Tours Italy
682,Dialoghaus Hamburg gGmbH,,,,,Germany,EUR,6,Dialoghaus Hamburg gGmbH
683,DiscoveryPisa,,,,,Italy,,6,DiscoveryPisa
684,Divine Dalmatia,,,,,Croatia,EUR,6,Divine Dalmatia
685,Diving Atlantis,,,,,Spain,EUR,6,Diving Atlantis
686,Ecotours.cz,,,,,Czech Republic,EUR,6,Ecotours.cz
687,Explore Australia,,,,,Australia,AUD,6,Explore Australia
688,FANCY TOUR,,,,,Italy,EUR,6,FANCY TOUR
689,Flagship Amsterdam,,,,,Netherlands,EUR,6,Flagship Amsterdam
690,FOLLOW ME SRL,,,,,Italy,EUR,6,FOLLOW ME SRL
691,Fondazione Giorgio Cini,,,,,Italy,EUR,6,Fondazione Giorgio Cini
692,Forbidden Vancouver Walking Tours,,,,,Canada,CAD,6,Forbidden Vancouver Walking Tours
693,Formosamar,,,,,Portugal,EUR,6,Formosamar
694,Frewie Technologies Pte.Ltd,,,,,Israel,SGD,6,Frewie Technologies Pte.Ltd
695,Fun London Tours,,,,,United Kingdom,GBP,6,Fun London Tours
696,GALERIES LAFAYETTE HAUSSMAN SAS,,,,,France,EUR,6,GALERIES LAFAYETTE HAUSSMAN SAS
697,Gambia Tours,,,,,The Gambia,EUR,6,Gambia Tours
698,"Ghost City Tours Holding, LLC",,,,,United States of America,USD,6,"Ghost City Tours Holding, LLC"
699,GlobalTix Indonesia,,,,,Indonesia,IDR,6,GlobalTix Indonesia
700,Gray Line San Antonio,,,,,United States of America,USD,6,Gray Line San Antonio
701,Grayline Chile,,,,,Chile,USD,6,Grayline Chile
702,GREGORS GMBH,,,,,Germany,EUR,6,GREGORS GMBH
703,HP Travel,,,,,Italy,EUR,6,HP Travel
704,Jorge Acero Nuñez,,,,,Spain,EUR,6,Jorge Acero Nuñez
705,Just Come,,,,,Portugal,EUR,6,Just Come
706,Just Travel LLC,,,,,Armenia,USD,6,Just Travel LLC
707,KATAYAK  MENORCA,,,,,Spain,EUR,6,KATAYAK  MENORCA
708,Kennst du Dresden?,,,,,Germany,EUR,6,Kennst du Dresden?
709,Key West Promotions Inc,,,,,United States of America,USD,6,Key West Promotions Inc
710,Le Diamant Bleu,,,,,France,EUR,6,Le Diamant Bleu
711,Lismarketing,,,,,Portugal,EUR,6,Lismarketing
712,LIVING TOURS LISBOA,,,,,Portugal,EUR,6,LIVING TOURS LISBOA
713,Localgrapher,,,,,Iceland,EUR,6,Localgrapher
714,LoVivo Tour Experience,,,,,Italy,EUR,6,LoVivo Tour Experience
715,LYON ORIGINAL TOURS,,,,,France,EUR,6,LYON ORIGINAL TOURS
716,Malta Chocolate Factory,,,,,Malta,EUR,6,Malta Chocolate Factory
717,Meteora Thrones - Travel Center,,,,,Greece,EUR,6,Meteora Thrones - Travel Center
718,MOANA ADVENTURE TOURS,,,,,French Polynesia,EUR,6,MOANA ADVENTURE TOURS
719,Nicetravel ehf,,,,,Iceland,ISK,6,Nicetravel ehf
720,On Safari Africa,,,,,South Africa,ZAR,6,On Safari Africa
721,Original Food Tours,,,,,France,EUR,6,Original Food Tours
722,Pink Adventure Tours,,,,,United States of America,USD,6,Pink Adventure Tours
723,Portland Spirit,,,,,United States of America,USD,6,Portland Spirit
724,PRAGUEWAY TOURS,,,,,Czech Republic,EUR,6,PRAGUEWAY TOURS
725,Rainer Abicht Elbreederei GmbH & Co. KG,,,,,Germany,EUR,6,Rainer Abicht Elbreederei GmbH & Co. KG
726,Ranieri viaggi srl,,,,,Italy,EUR,6,Ranieri viaggi srl
727,Redrib Expereince Oy Ltd,,,,,Finland,EUR,6,Redrib Expereince Oy Ltd
728,Regio Augsburg Tourismus GmbH,,,,,Germany,EUR,6,Regio Augsburg Tourismus GmbH
729,RETRO TOUR LAS VEGAS,,,,,United States of America,USD,6,RETRO TOUR LAS VEGAS
730,Safari Quads,,,,,Iceland,ISK,6,Safari Quads
731,SAT Group,,,,,Italy,EUR,6,SAT Group
732,Savannah Gray Line,,,,,United States of America,USD,6,Savannah Gray Line
733,Secretos de Toledo,,,,,Spain,EUR,6,Secretos de Toledo
734,See The Sights Tours,,,,,United Kingdom,GBP,6,See The Sights Tours
735,SeeKrakow,,,,,Poland,EUR,6,SeeKrakow
736,SEG-EVENTS,,,,,Germany,EUR,6,SEG-EVENTS
737,Segway Trip Valencia,,,,,Spain,EUR,6,Segway Trip Valencia
738,SERVICIOS TURISTICOS INTERNOS SA,,,,,Spain,EUR,6,SERVICIOS TURISTICOS INTERNOS SA
739,Silent Adventures Ltd,,,,,United Kingdom,GBP,6,Silent Adventures Ltd
740,Skydive Australia - VIC,,,,,Australia,AUD,6,Skydive Australia - VIC
741,Skyway Travel Agency,,,,,Turkey,EUR,6,Skyway Travel Agency
742,Snowflake Oy,,,,,Finland,EUR,6,Snowflake Oy
743,Stadtrallye Abenteuer by Sir Peter Morgan,,,,,Germany,EUR,6,Stadtrallye Abenteuer by Sir Peter Morgan
744,Starboardboats B.V.,,,,,Netherlands,EUR,6,Starboardboats B.V.
745,StarFlorence,,,,,Italy,EUR,6,StarFlorence
746,Starline Tours,,,,,United States of America,USD,6,Starline Tours
747,Stichting amsterdam&partners,,,,,Netherlands,EUR,6,Stichting amsterdam&partners
748,SUNLAND VIAGGI E TURISMO,,,,,Italy,EUR,6,SUNLAND VIAGGI E TURISMO
749,TAGTHAi City Pass,,,,,Thailand,THB,6,TAGTHAi City Pass
750,TOUR4U,,,,,Slovakia,EUR,6,TOUR4U
751,TRIXI MADRID SL,,,,,Spain,EUR,6,TRIXI MADRID SL
752,TUK AWAY,,,,,Portugal,EUR,6,TUK AWAY
753,Tuk Tuk Tenerife,,,,,Spain,EUR,6,Tuk Tuk Tenerife
754,TURILANG SL,,,,,Spain,EUR,6,TURILANG SL
755,Turisti in Puglia Incoming,,,,,Italy,EUR,6,Turisti in Puglia Incoming
756,Unique NOLA,,,,,United States of America,USD,6,Unique NOLA
757,USA Guided Tours DC,,,,,United States of America,USD,6,USA Guided Tours DC
758,Valencia & Go,,,,,Spain,EUR,6,Valencia & Go
759,Vecht-River-Tours,,,,,Netherlands,EUR,6,Vecht-River-Tours
760,viewmorocco,,,,,Morocco,EUR,6,viewmorocco
761,"Vital.Care, zavod za vitalno življenje",,,,,Italy,EUR,6,"Vital.Care, zavod za vitalno življenje"
762,Wee Toast Tours,,,,,United Kingdom,GBP,6,Wee Toast Tours
763,WKE KONZERT&EVENT GMBH - IMAGE VIENNA,,,,,Austria,EUR,6,WKE KONZERT&EVENT GMBH - IMAGE VIENNA
764,XPERIENCE Sp. z o.o.,,,,,Poland,EUR,6,XPERIENCE Sp. z o.o.
765,Zaid Tours and Travel,,,,,Jordan,USD,6,Zaid Tours and Travel
766,5 Star Marine Co. Ltd,,,,,Thailand,THB,5,5 Star Marine Co. Ltd
767,A-Bike Rental & Tours,,,,,Netherlands,EUR,5,A-Bike Rental & Tours
768,Abraham Tours,,,,,Israel,EUR,5,Abraham Tours
769,And You Creations,,,,,United States of America,USD,5,And You Creations
770,Arasolè Srls,,,,,Italy,EUR,5,Arasolè Srls
771,Arctic Cruise In Norway AS,,,,,Norway,EUR,5,Arctic Cruise In Norway AS
772,Around Lisbon Lda,,,,,Portugal,EUR,5,Around Lisbon Lda
773,Art and Walk Karpathos,,,,,Greece,EUR,5,Art and Walk Karpathos
774,ARTEXPLORER DI UMBRIA CON ME SAS,,,,,Italy,EUR,5,ARTEXPLORER DI UMBRIA CON ME SAS
775,ARTIS Amsterdam Royal Zoo,,,,,Netherlands,EUR,5,ARTIS Amsterdam Royal Zoo
776,Athens by bike,,,,,Greece,EUR,5,Athens by bike
777,Athens wine tasting,,,,,Greece,EUR,5,Athens wine tasting
778,Authentic Tours E-Services,,,,,Greece,EUR,5,Authentic Tours E-Services
779,Azorean Tales,,,,,Portugal,EUR,5,Azorean Tales
780,BaliCab,,,,,Indonesia,IDR,5,BaliCab
781,BATEAUX PARISIENS,,,,,France,EUR,5,BATEAUX PARISIENS
782,Bay City Bike,,,,,United States of America,USD,5,Bay City Bike
783,Bayofsun,,,,,Italy,EUR,5,Bayofsun
784,BeerSecret,,,,,Belgium,EUR,5,BeerSecret
785,Beka Travel,,,,,Vietnam,USD,5,Beka Travel
786,Bike & Bite,,,,,Netherlands,EUR,5,Bike & Bite
787,Bliss Beyond the Neon / Bliss Chapel,,,,,United States of America,EUR,5,Bliss Beyond the Neon / Bliss Chapel
788,BlueFleet,,,,,Portugal,EUR,5,BlueFleet
789,Boggy Creek Airboat Rides,,,,,United States of America,USD,5,Boggy Creek Airboat Rides
790,Bonjour Champagne,bonjour.champagne@alafrancaise.fr,,,,France,EUR,5,bonjour.champagne@alafrancaise.fr
791,BOOKING-TOURS.COM,,,,,Israel,USD,5,BOOKING-TOURS.COM
792,Bosetti Tours,,,,,Italy,EUR,5,Bosetti Tours
793,Brussels City Tours,,,,,Belgium,EUR,5,Brussels City Tours
794,Bush and Beach,,,,,New Zealand,NZD,5,Bush and Beach
795,Calgary Tours,,,,,Canada,CAD,5,Calgary Tours
796,CITY WHEELS PARIS TOURS,,,,,France,EUR,5,CITY WHEELS PARIS TOURS
797,Classic Harbor Line,,,,,United States of America,USD,5,Classic Harbor Line
798,Climbo,,,,,Spain,EUR,5,Climbo
799,COMPAGNIE DES BATEAUX-MOUCHES,,,,,France,EUR,5,COMPAGNIE DES BATEAUX-MOUCHES
800,COMPAÑIA GRANADINA DEL CALZADO SL,,,,,Dominican Republic,EUR,5,COMPAÑIA GRANADINA DEL CALZADO SL
801,crusoe.travel,,,,,Italy,EUR,5,crusoe.travel
802,Cultour-incoming,,,,,Germany,EUR,5,Cultour-incoming
803,Darmstadt Marketing GmbH,,,,,Germany,EUR,5,Darmstadt Marketing GmbH
804,DESTINATION CONSULTANT,,,,,Spain,EUR,5,DESTINATION CONSULTANT
805,Discover Tours,,,,,Portugal,EUR,5,Discover Tours
806,Douro Azul,,,,,Portugal,EUR,5,Douro Azul
807,Down Under Tours,,,,,Australia,AUD,5,Down Under Tours
808,drlocals.ATN,,,,,Dominican Republic,USD,5,drlocals.ATN
809,ELBSEGELEI,,,,,Germany,EUR,5,ELBSEGELEI
810,EnjoyTagus,,,,,Portugal,EUR,5,EnjoyTagus
811,Eurama Travel Agency,,,,,Hungary,EUR,5,Eurama Travel Agency
812,Extreme Adventuring Cancun,,,,,Mexico,USD,5,Extreme Adventuring Cancun
813,FARHAT TOURS,,,,,Bahrain,USD,5,FARHAT TOURS
814,Flagship Cruises and Events,,,,,United States of America,USD,5,Flagship Cruises and Events
815,FRIENDS GUIDES,,,,,Mexico,USD,5,FRIENDS GUIDES
816,FUENGIROLA SEA TRIPS,,,,,Spain,EUR,5,FUENGIROLA SEA TRIPS
817,FunFlights Helicopter-Tours,,,,,Switzerland,CHF,5,FunFlights Helicopter-Tours
818,Go Ride A Wave P/L,,,,,Australia,AUD,5,Go Ride A Wave P/L
819,Golden Tour Guide S.L.,,,,,Spain,EUR,5,Golden Tour Guide S.L.
820,Gr8way,,,,,Poland,EUR,5,Gr8way
821,Gray Line Romania,,,,,Romania,EUR,5,Gray Line Romania
822,Gray Line Toronto,,,,,Canada,CAD,5,Gray Line Toronto
823,Grizzly Country Wildlife Adventures,,,,,United States of America,USD,5,Grizzly Country Wildlife Adventures
824,Harbour Air Seaplanes,,,,,Canada,CAD,5,Harbour Air Seaplanes
825,Herzblut,,,,,Netherlands,EUR,5,Herzblut
826,Highland Experience Tours,,,,,United Kingdom,GBP,5,Highland Experience Tours
827,HIGHT TIDE LOS CABOS SA DE CV,,,,,Mexico,USD,5,HIGHT TIDE LOS CABOS SA DE CV
828,Holiday Travel (israel) LTD,,,,,Israel,USD,5,Holiday Travel (israel) LTD
829,Hudson Yards Experiences,,,,,United States of America,USD,5,Hudson Yards Experiences
830,Imagine Experiences,,,,,United Kingdom,EUR,5,Imagine Experiences
831,Imagine Iceland Travel,,,,,Iceland,EUR,5,Imagine Iceland Travel
832,INSIDE OUT TOURS,,,,,United States of America,USD,5,INSIDE OUT TOURS
833,Insider Tour,,,,,Germany,EUR,5,Insider Tour
834,into the wild tours,,,,,Canada,CAD,5,into the wild tours
835,Inver Ltda,,,,,Uruguay,USD,5,Inver Ltda
836,Irish Whiskey Museum,,,,,Ireland,EUR,5,Irish Whiskey Museum
837,Islands 4 You,,,,,Portugal,EUR,5,Islands 4 You
838,JOURNEY CAMBODIA,,,,,Cambodia,EUR,5,JOURNEY CAMBODIA
839,Jungfraubahnen Management AG,,,,,Switzerland,CHF,5,Jungfraubahnen Management AG
840,Kalata s.r.l.,,,,,Italy,EUR,5,Kalata s.r.l.
841,Kapitan Victor,,,,,Poland,EUR,5,Kapitan Victor
842,Kapitän Prüsse Schifffahrtsgesellschaft mbH,,,,,Germany,EUR,5,Kapitän Prüsse Schifffahrtsgesellschaft mbH
843,KARPATEN TURISM,,,,,Bulgaria,EUR,5,KARPATEN TURISM
844,Klik Holidays d.o.o.,,,,,Croatia,EUR,5,Klik Holidays d.o.o.
845,KrakowTouring,,,,,Poland,PLN,5,KrakowTouring
846,Köln Tourismus,,,,,Germany,EUR,5,Köln Tourismus
847,La Belle Echappée,,,,,France,EUR,5,La Belle Echappée
848,La Perle by Dragone,,,,,United Arab Emirates,USD,5,La Perle by Dragone
849,LABISI BUS OPERATOR Srl,,,,,Italy,EUR,5,LABISI BUS OPERATOR Srl
850,Lake Lucerne Navigation Company,,,,,Switzerland,CHF,5,Lake Lucerne Navigation Company
851,Legendary Krakow,,,,,Poland,EUR,5,Legendary Krakow
852,Les Bateaux Lyonnais,,,,,France,EUR,5,Les Bateaux Lyonnais
853,Let's Go Tour Singapore,,,,,Singapore,SGD,5,Let's Go Tour Singapore
854,Manchester Bus Tours Ltd,,,,,United Kingdom,EUR,5,Manchester Bus Tours Ltd
855,MIRA TOURS,,,,,Tanzania,USD,5,MIRA TOURS
856,Montpellier Wine Tours,,,,,France,EUR,5,Montpellier Wine Tours
857,Mountain Skills Academy & Adventures,,,,,Canada,CAD,5,Mountain Skills Academy & Adventures
858,Munich Art Tours,,,,,Germany,EUR,5,Munich Art Tours
859,Nearby Italy,,,,,Italy,EUR,5,Nearby Italy
860,Northernlight.guide,,,,,Norway,EUR,5,Northernlight.guide
861,Ocean Rafting,,,,,Australia,AUD,5,Ocean Rafting
862,Ocean View Boat Trips & Tours,,,,,Portugal,EUR,5,Ocean View Boat Trips & Tours
863,OFF. DE TOURISME ET DES CONGRES BORDEAUX,,,,,France,EUR,5,OFF. DE TOURISME ET DES CONGRES BORDEAUX
864,Oh My Good Guide,,,,,Spain,EUR,5,Oh My Good Guide
865,Opera e Lirica srls,,,,,Italy,EUR,5,Opera e Lirica srls
866,Oxford River Cruises Ltd,,,,,United Kingdom,GBP,5,Oxford River Cruises Ltd
867,"Palma d.o.o., Celje",,,,,Slovenia,EUR,5,"Palma d.o.o., Celje"
868,PARADIS LATIN CABARET,,,,,France,EUR,5,PARADIS LATIN CABARET
869,Pintours,,,,,France,USD,5,Pintours
870,Platinum Heritage,,,,,United Arab Emirates,AED,5,Platinum Heritage
871,pohatu penguins,,,,,New Zealand,NZD,5,pohatu penguins
872,Pompei Tour Organizer srl,,,,,Italy,EUR,5,Pompei Tour Organizer srl
873,Prague City Tourism a.s.,,,,,Czech Republic,EUR,5,Prague City Tourism a.s.
874,Red Bus Bistro Ltd,,,,,United Kingdom,EUR,5,Red Bus Bistro Ltd
875,Regensburger Stadtrundfahrten GmbH,,,,,Germany,EUR,5,Regensburger Stadtrundfahrten GmbH
876,RETRO TOUR,,,,,France,EUR,5,RETRO TOUR
877,RETRO TOUR CHÂTEAUX DE LA LOIRE,,,,,France,EUR,5,RETRO TOUR CHÂTEAUX DE LA LOIRE
878,Rivages Kapalouest,,,,,France,EUR,5,Rivages Kapalouest
879,Roma STARBIKE,,,,,Italy,EUR,5,Roma STARBIKE
880,Rottnest Express,,,,,Australia,AUD,5,Rottnest Express
881,Royal Museums Greenwich,,,,,United Kingdom,GBP,5,Royal Museums Greenwich
882,"SAIITSU Co., Ltd.",,,,,Japan,JPY,5,"SAIITSU Co., Ltd."
883,Salzburg Panorama Tours GmbH,,,,,Austria,,5,Salzburg Panorama Tours GmbH
884,Sardinia Tourist Guide,,,,,Italy,EUR,5,Sardinia Tourist Guide
885,Saxon Tours,,,,,Czech Republic,EUR,5,Saxon Tours
886,Sicilyexcursions - Noema Viaggi S.r.l,,,,,Italy,EUR,5,Sicilyexcursions - Noema Viaggi S.r.l
887,Sky Tours Miami,,,,,United States of America,USD,5,Sky Tours Miami
888,Skydive Australia QLD,,,,,Australia,AUD,5,Skydive Australia QLD
889,Slow Tour,,,,,Italy,,5,Slow Tour
890,Smart Tour - discovery destination,,,,,Italy,EUR,5,Smart Tour - discovery destination
891,SnowWorld Germany,,,,,Germany,EUR,5,SnowWorld Germany
892,Snurk.Travel,,,,,Hungary,EUR,5,Snurk.Travel
893,SOPHORA VIETNAM  JOINT STOCK COMPANY,,,,,Vietnam,USD,5,SOPHORA VIETNAM  JOINT STOCK COMPANY
894,Southern Cross Tours,,,,,Australia,AUD,5,Southern Cross Tours
895,Sperlonga Escursioni,,,,,Italy,EUR,5,Sperlonga Escursioni
896,Splendid Tours & Travel,,,,,China,EUR,5,Splendid Tours & Travel
897,Sport Lisboa e Benfica,,,,,Portugal,EUR,5,Sport Lisboa e Benfica
898,Stadthafen Leipzig GmbH,,,,,Germany,EUR,5,Stadthafen Leipzig GmbH
899,Studio Associato Eyes of Rome,,,,,Italy,EUR,5,Studio Associato Eyes of Rome
900,Tally Ho Experiences,,,,,United Kingdom,GBP,5,Tally Ho Experiences
901,Taste Hungary,,,,,Hungary,USD,5,Taste Hungary
902,Terravision,,,,,Italy,EUR,5,Terravision
903,Thalassaki IKE,,,,,Greece,EUR,5,Thalassaki IKE
904,The Movie Guys,,,,,United States of America,USD,5,The Movie Guys
905,TIME Unlimited Tours,,,,,New Zealand,NZD,5,TIME Unlimited Tours
906,Total Snorkel Cancun,,,,,Mexico,USD,5,Total Snorkel Cancun
907,Tours of the UK,,,,,United Kingdom,GBP,5,Tours of the UK
908,TRES SECULOS,,,,,Portugal,EUR,5,TRES SECULOS
909,TripGuru Thailand,,,,,Thailand,USD,5,TripGuru Thailand
910,Tuk Tuk Crete,,,,,Greece,EUR,5,Tuk Tuk Crete
911,Tulloch Wines,,,,,Australia,AUD,5,Tulloch Wines
912,Turismo Petén,,,,,Guatemala,USD,5,Turismo Petén
913,Upside Down House UK,,,,,United Kingdom,GBP,5,Upside Down House UK
914,"Verein der Gästeführer Nürnbergs ""Die Stadtführer"" e.V.",,,,,Germany,EUR,5,"Verein der Gästeführer Nürnbergs ""Die Stadtführer"" e.V."
915,Vietnam Two Wheels,,,,,Vietnam,USD,5,Vietnam Two Wheels
916,Walkabout Cultural Adventures,,,,,Australia,AUD,5,Walkabout Cultural Adventures
917,YourConcierge.gr,,,,,Greece,EUR,5,YourConcierge.gr
918,ZigZag Mallorca,,,,,Spain,EUR,5,ZigZag Mallorca
919,Ça Roule Montréal / Montreal on Wheels,,,,,Canada,CAD,5,Ça Roule Montréal / Montreal on Wheels
920,1 City Tour,,,,,Italy,EUR,4,1 City Tour
921,360 Amsterdam Tours B.V.,,,,,Netherlands,EUR,4,360 Amsterdam Tours B.V.
922,365 Adventures,,,,,Qatar,EUR,4,365 Adventures
923,A'DAM LOOKOUT,,,,,Netherlands,EUR,4,A'DAM LOOKOUT
924,AlgarExperience,,,,,Portugal,EUR,4,AlgarExperience
925,AMIGO TOURS LTD,,,,,United Kingdom,EUR,4,AMIGO TOURS LTD
926,Amsterdam Boat Experience,,,,,Netherlands,EUR,4,Amsterdam Boat Experience
927,Amsterdamliebe,,,,,Netherlands,EUR,4,Amsterdamliebe
928,Ando Travel,,,,,Morocco,EUR,4,Ando Travel
929,ANNIE BANANIE LAS VEGAS TOURS,,,,,United States of America,USD,4,ANNIE BANANIE LAS VEGAS TOURS
930,AroundGdansk - KayakTours & Adventures,,,,,Poland,PLN,4,AroundGdansk - KayakTours & Adventures
931,ArtyTours,,,,,Greece,EUR,4,ArtyTours
932,AT81 Group,,,,,Poland,PLN,4,AT81 Group
933,Ataman Tours,,,,,Finland,EUR,4,Ataman Tours
934,AULD REEKIE TOURS LTD,,,,,United Kingdom,GBP,4,AULD REEKIE TOURS LTD
935,Avventure Bellissime,,,,,Italy,EUR,4,Avventure Bellissime
936,Azul Diving Center,,,,,Portugal,EUR,4,Azul Diving Center
937,Badass Tours,,,,,Netherlands,EUR,4,Badass Tours
938,Barcelona eBikes,,,,,Spain,,4,Barcelona eBikes
939,Barcelona Mini Car Tours,,,,,Spain,EUR,4,Barcelona Mini Car Tours
940,Basel Tourismus,,,,,Switzerland,EUR,4,Basel Tourismus
941,Batnavó,,,,,Portugal,EUR,4,Batnavó
942,Batwalking,,,,,Spain,EUR,4,Batwalking
943,Belvedere Wien,,,,,Austria,EUR,4,Belvedere Wien
944,Berlengoest.Lda,,,,,Portugal,EUR,4,Berlengoest.Lda
945,Best ATV Tours Las Vegas,,,,,United States of America,USD,4,Best ATV Tours Las Vegas
946,Best Bay Area Tours,,,,,United States of America,USD,4,Best Bay Area Tours
947,Betriebsgesellschaft BallinStadt mbh,,,,,Germany,EUR,4,Betriebsgesellschaft BallinStadt mbh
948,Bike and Hike PTY LTD,,,,,South Africa,ZAR,4,Bike and Hike PTY LTD
949,Black Tenders Events,,,,,France,EUR,4,Black Tenders Events
950,Blair Tours 24 Name,,,,,Germany,SGD,4,Blair Tours 24 Name
951,Blazing Saddles Bike Rentals & Tours,,,,,United States of America,USD,4,Blazing Saddles Bike Rentals & Tours
952,BLUE WAVE,,,,,Italy,EUR,4,BLUE WAVE
953,BoatsAdvisor Hub&Events,,,,,Greece,EUR,4,BoatsAdvisor Hub&Events
954,"BOJ, Inc.",,,,,Japan,JPY,4,"BOJ, Inc."
955,Bookingkit-Supplier-Lake-Tours-Consorzio-Motoscafisti,bookingkit-supplier-lake-tours-consorzio-motoscafisti@musement.com,,,,Italy,EUR,4,bookingkit-supplier-lake-tours-consorzio-motoscafisti@musement.com
956,Boom Chicago,,,,,Netherlands,EUR,4,Boom Chicago
957,Boramar Catamaranes,,,,,Spain,EUR,4,Boramar Catamaranes
958,Borneo Trails Tours & Travel Sdn Bhd,,,,,Malaysia,MYR,4,Borneo Trails Tours & Travel Sdn Bhd
959,Bruny Island Safaris,,,,,Australia,AUD,4,Bruny Island Safaris
960,Cairns Aquarium,,,,,Australia,AUD,4,Cairns Aquarium
961,"California Adventures, LLC",,,,,United States of America,USD,4,"California Adventures, LLC"
962,Captain Dave Amsterdam,,,,,Netherlands,EUR,4,Captain Dave Amsterdam
963,Captain Morgan Operators Ltd,,,,,Malta,EUR,4,Captain Morgan Operators Ltd
964,Castlexperience Wine Tours,,,,,Spain,EUR,4,Castlexperience Wine Tours
965,Celuk Bali Silver Class,,,,,Indonesia,USD,4,Celuk Bali Silver Class
966,Cesgre Cruceros S.L.,,,,,Spain,EUR,4,Cesgre Cruceros S.L.
967,Choco Story Brussels,,,,,Belgium,,4,Choco Story Brussels
968,Chris Jolly Outdoors,,,,,New Zealand,NZD,4,Chris Jolly Outdoors
969,City Sightseeing New Orleans,,,,,United States of America,USD,4,City Sightseeing New Orleans
970,CLUB ATLETICO DE MADRID,,,,,Spain,EUR,4,CLUB ATLETICO DE MADRID
971,CoastXP,,,,,Australia,EUR,4,CoastXP
972,CODORNIU SA,,,,,Spain,EUR,4,CODORNIU SA
973,Country Music Hall of Fame and Museum,,,,,United States of America,USD,4,Country Music Hall of Fame and Museum
974,Crucis Tours Limited,,,,,Italy,EUR,4,Crucis Tours Limited
975,Cruise Whitsundays,,,,,Australia,AUD,4,Cruise Whitsundays
976,Cyclo City Tours,,,,,France,EUR,4,Cyclo City Tours
977,Cyprus Taste Tours,,,,,Cyprus,EUR,4,Cyprus Taste Tours
978,DADABHAI TRAVEL LLC,,,,,United Arab Emirates,USD,4,DADABHAI TRAVEL LLC
979,Dave's Travel Group,,,,,Australia,AUD,4,Dave's Travel Group
980,De Rotterdam Tours,,,,,Netherlands,EUR,4,De Rotterdam Tours
981,Degraus Salgados - Tridente Unipessoal Lda,,,,,Portugal,EUR,4,Degraus Salgados - Tridente Unipessoal Lda
982,DETOURS OF ARIZONA INC,,,,,United States of America,USD,4,DETOURS OF ARIZONA INC
983,Discovery Island Madeira,,,,,Portugal,EUR,4,Discovery Island Madeira
984,Dolci Escursioni,,,,,Italy,EUR,4,Dolci Escursioni
985,Domkirchenfonds - Dom zu Salzburg,,,,,Austria,EUR,4,Domkirchenfonds - Dom zu Salzburg
986,Duesseldorfer Kompass,,,,,Germany,EUR,4,Duesseldorfer Kompass
987,Eat & Walk Italy,,,,,Italy,EUR,4,Eat & Walk Italy
988,EcoBike S.r.l.,,,,,Italy,,4,EcoBike S.r.l.
989,"Endless Weekend - Viagens e Estadias, Lda.",,,,,Portugal,EUR,4,"Endless Weekend - Viagens e Estadias, Lda."
990,enjoy pompeii,,,,,Italy,EUR,4,enjoy pompeii
991,Enthral Experiences,,,,,United Kingdom,GBP,4,Enthral Experiences
992,Eolofly,,,,,Spain,EUR,4,Eolofly
993,Epic Ocean Adventures Noosa,,,,,Australia,AUD,4,Epic Ocean Adventures Noosa
994,Essência da Latitude Turismo,,,,,Portugal,EUR,4,Essência da Latitude Turismo
995,Estrela d Alva Tours | Day Tours Portugal,,,,,Portugal,EUR,4,Estrela d Alva Tours | Day Tours Portugal
996,Etours sp. z o.o.,,,,,Poland,EUR,4,Etours sp. z o.o.
997,ETS Touristik GmbH,,,,,Germany,EUR,4,ETS Touristik GmbH
998,Exclusive Cruises,,,,,Italy,EUR,4,Exclusive Cruises
999,Experience NYC LLC,,,,,United States of America,USD,4,Experience NYC LLC
1000,Explora Bikes Tenerife,,,,,Spain,EUR,4,Explora Bikes Tenerife
1001,Explorer Tours,,,,,United States of America,USD,4,Explorer Tours
1002,FC Barcelona,,,,,Spain,EUR,4,FC Barcelona
1003,Fietsenmakerij MacBike B.V.,,,,,Netherlands,EUR,4,Fietsenmakerij MacBike B.V.
1004,Five Star Whale Watching,,,,,Canada,USD,4,Five Star Whale Watching
1005,Fundació Gala-Salvador Dalí,,,,,Spain,EUR,4,Fundació Gala-Salvador Dalí
1006,Fundação de Serralves,,,,,Portugal,EUR,4,Fundação de Serralves
1007,GALAR GDAŃSKI,,,,,Poland,EUR,4,GALAR GDAŃSKI
1008,Girona Explorers ESPJ,,,,,Spain,EUR,4,Girona Explorers ESPJ
1009,Go For A Journey,,,,,Spain,EUR,4,Go For A Journey
1010,Go For A Journey Mexico,,,,,Mexico,USD,4,Go For A Journey Mexico
1011,Go2Bari.com,,,,,Italy,EUR,4,Go2Bari.com
1012,GoBoat ApS,,,,,Denmark,DKK,4,GoBoat ApS
1013,Gonzalez & Rueda,,,,,Spain,EUR,4,Gonzalez & Rueda
1014,GORYO.CO.JP,,,,,Japan,USD,4,GORYO.CO.JP
1015,GRANADA INCOMING CARD S.L.-VISITAGRANADA,,,,,Spain,EUR,4,GRANADA INCOMING CARD S.L.-VISITAGRANADA
1016,Gray Line Iceland,,,,,Iceland,EUR,4,Gray Line Iceland
1017,Green Trails,,,,,Sweden,SEK,4,Green Trails
1018,Guidatour / Fantômes Montréal Ghosts,,,,,Canada,CAD,4,Guidatour / Fantômes Montréal Ghosts
1019,Hamburger Stadtrundfahrt - Die Roten Doppeldecker GmbH,,,,,Germany,EUR,4,Hamburger Stadtrundfahrt - Die Roten Doppeldecker GmbH
1020,Hammam Al Ándalus Madrid,,,,,Spain,EUR,4,Hammam Al Ándalus Madrid
1021,Happy Plus Corporation,,,,,Japan,JPY,4,Happy Plus Corporation
1022,HAPPY PLUS TRAVEL,,,,,Vietnam,USD,4,HAPPY PLUS TRAVEL
1023,"Haunted San Diego Ghost Tours, LLC",,,,,United States of America,USD,4,"Haunted San Diego Ghost Tours, LLC"
1024,Hello! Hong Kong Tours,,,,,China,HKD,4,Hello! Hong Kong Tours
1025,HISTORIC ROYAL PALACES,,,,,United Kingdom,EUR,4,HISTORIC ROYAL PALACES
1026,"Historic Tours / Batture Press, Inc.",,,,,United States of America,USD,4,"Historic Tours / Batture Press, Inc."
1027,Historical Amsterdam Tours,,,,,Netherlands,EUR,4,Historical Amsterdam Tours
1028,Hit the Road Tours,,,,,Australia,AUD,4,Hit the Road Tours
1029,Hollywood Bus Tours,,,,,United States of America,USD,4,Hollywood Bus Tours
1030,"Holo Holo Charters, Inc.",,,,,United States of America,EUR,4,"Holo Holo Charters, Inc."
1031,Hottest Hell Tours,,,,,United States of America,USD,4,Hottest Hell Tours
1032,House of Bols,,,,,Netherlands,EUR,4,House of Bols
1033,Howth Adventures,,,,,Ireland,EUR,4,Howth Adventures
1034,IBYACHTING,,,,,Spain,EUR,4,IBYACHTING
1035,il Pentagramma scarl,,,,,Italy,EUR,4,il Pentagramma scarl
1036,Indigo,,,,,United States of America,USD,4,Indigo
1037,Istanbul Workshops,,,,,Turkey,USD,4,Istanbul Workshops
1038,Jamming Thailand,,,,,Thailand,THB,4,Jamming Thailand
1039,Jasper's Whitewater Rafting,,,,,Canada,CAD,4,Jasper's Whitewater Rafting
1040,Jewish Cultural Quarter,,,,,Netherlands,EUR,4,Jewish Cultural Quarter
1041,Kaitiaki Adventures,,,,,New Zealand,NZD,4,Kaitiaki Adventures
1042,Kakadu Air,,,,,Australia,AUD,4,Kakadu Air
1043,KEEN FLY,,,,,United States of America,USD,4,KEEN FLY
1044,Kona Style,,,,,United States of America,USD,4,Kona Style
1045,Krakow Direct,,,,,Poland,EUR,4,Krakow Direct
1046,KRYPA SPÓŁKA Z OGRANICZONĄ ODPOWIEDZIALNOŚCIĄ,,,,,Poland,PLN,4,KRYPA SPÓŁKA Z OGRANICZONĄ ODPOWIEDZIALNOŚCIĄ
1047,Kölner Kompass,,,,,Germany,EUR,4,Kölner Kompass
1048,Lally Tours,,,,,Ireland,EUR,4,Lally Tours
1049,Landsea Tours Ltd,,,,,Canada,CAD,4,Landsea Tours Ltd
1050,LAP - L' Assistant Personnel,,,,,France,EUR,4,LAP - L' Assistant Personnel
1051,Lefkada Micro Farm,,,,,Greece,EUR,4,Lefkada Micro Farm
1052,LISBOA AUTENTICA,,,,,Portugal,EUR,4,LISBOA AUTENTICA
1053,Liverpool Football Club- Museum & Tour Centre,,,,,United Kingdom,EUR,4,Liverpool Football Club- Museum & Tour Centre
1054,LOBKOWICZ EVENTS MANAGEMENT SRO,,,,,Czech Republic,EUR,4,LOBKOWICZ EVENTS MANAGEMENT SRO
1055,Lonnie Sandifer Tours,,,,,United States of America,USD,4,Lonnie Sandifer Tours
1056,Love Hikes LLC,,,,,United States of America,EUR,4,Love Hikes LLC
1057,Luau Kalamaku,,,,,United States of America,USD,4,Luau Kalamaku
1058,Mad Monkey Siem Reap,,,,,Cambodia,USD,4,Mad Monkey Siem Reap
1059,Madeira 4 Tours,,,,,Portugal,EUR,4,Madeira 4 Tours
1060,Madeira Sidecar Tours,,,,,Portugal,EUR,4,Madeira Sidecar Tours
1061,Magictrain,,,,,Portugal,EUR,4,Magictrain
1062,MAK - Museum für angewandte Kunst,,,,,Austria,EUR,4,MAK - Museum für angewandte Kunst
1063,Marchesi Gondi - Tenuta Bossi,,,,,Italy,EUR,4,Marchesi Gondi - Tenuta Bossi
1064,Mario Vienna Guide,,,,,Austria,EUR,4,Mario Vienna Guide
1065,Medaqua 13 Service,,,,,Spain,EUR,4,Medaqua 13 Service
1066,Medworld,,,,,Turkey,EUR,4,Medworld
1067,Meridian4People - Portugal & Spain,,,,,Portugal,EUR,4,Meridian4People - Portugal & Spain
1068,Museo del Campo Majorero S.L.,,,,,Spain,EUR,4,Museo del Campo Majorero S.L.
1069,Museo Nacional Thyssen-Bornemisza,,,,,Spain,EUR,4,Museo Nacional Thyssen-Bornemisza
1070,Mémorial de Caen,,,,,France,EUR,4,Mémorial de Caen
1071,Nantahala Outdoor Center,,,,,United States of America,USD,4,Nantahala Outdoor Center
1072,National Gallery,,,,,United Kingdom,GBP,4,National Gallery
1073,NaveGata,,,,,Spain,EUR,4,NaveGata
1074,NETTUNO DIVING MENORCA,,,,,Spain,EUR,4,NETTUNO DIVING MENORCA
1075,New England Trips Inc.,,,,,United States of America,USD,4,New England Trips Inc.
1076,NEW GENERATION GUIDE,,,,,France,EUR,4,NEW GENERATION GUIDE
1077,New Orleans Ghost Adventures DBA Tour Orleans,,,,,United States of America,USD,4,New Orleans Ghost Adventures DBA Tour Orleans
1078,NewWaySardinia,,,,,Italy,EUR,4,NewWaySardinia
1079,Nordic Adventure,,,,,Sweden,EUR,4,Nordic Adventure
1080,North Sailing,,,,,Iceland,EUR,4,North Sailing
1081,NST TRAVEL SANTORINI,,,,,Greece,,4,NST TRAVEL SANTORINI
1082,Oahu Photography Tours,,,,,United States of America,USD,4,Oahu Photography Tours
1083,Oasis Wildlife Fuerteventura,,,,,Spain,EUR,4,Oasis Wildlife Fuerteventura
1084,On the Front Tours,,,,,Germany,EUR,4,On the Front Tours
1085,Orca Spirit Adventures Ltd,,,,,Canada,CAD,4,Orca Spirit Adventures Ltd
1086,OTIUMSPA COSTA D'AMALFI,,,,,Italy,EUR,4,OTIUMSPA COSTA D'AMALFI
1087,Out of the box Florence,,,,,Italy,EUR,4,Out of the box Florence
1088,PALAU DE LA MÚSICA CATALANA- FUNDACIÓ ORFEÓ CATALÀ,,,,,Spain,EUR,4,PALAU DE LA MÚSICA CATALANA- FUNDACIÓ ORFEÓ CATALÀ
1089,PANORAMAPUNKT,,,,,Germany,EUR,4,PANORAMAPUNKT
1090,Pearl Island Bahamas,,,,,The Bahamas,USD,4,Pearl Island Bahamas
1091,PEDALHELDEN,,,,,Germany,EUR,4,PEDALHELDEN
1092,Port Aventura Entertainment,,,,,Spain,EUR,4,Port Aventura Entertainment
1093,"Port Aventura Entertainment, S.A.U.",,,,,Spain,EUR,4,"Port Aventura Entertainment, S.A.U."
1094,Port Waikiki Cruises,,,,,United States of America,EUR,4,Port Waikiki Cruises
1095,Portuk,,,,,Portugal,EUR,4,Portuk
1096,Poseidonsubmarine,,,,,Greece,EUR,4,Poseidonsubmarine
1097,Prague Underground Tours,,,,,Czech Republic,EUR,4,Prague Underground Tours
1098,PUY DU FOU ESPAÑA,,,,,Spain,EUR,4,PUY DU FOU ESPAÑA
1099,"Roberts Tours and Transportation, Inc.",,,,,United States of America,USD,4,"Roberts Tours and Transportation, Inc."
1100,Roundabut d.o.o.,,,,,Slovenia,EUR,4,Roundabut d.o.o.
1101,Royal Line Oy,,,,,Finland,EUR,4,Royal Line Oy
1102,Rutas Accesibles por Córdoba,,,,,Spain,EUR,4,Rutas Accesibles por Córdoba
1103,Rätsel-Haft,,,,,Germany,EUR,4,Rätsel-Haft
1104,Sagres Discovery,,,,,Portugal,EUR,4,Sagres Discovery
1105,SailBliss,,,,,Greece,EUR,4,SailBliss
1106,Sailway,,,,,Spain,EUR,4,Sailway
1107,Saints Tour,,,,,Italy,EUR,4,Saints Tour
1108,Salamanca Visit,,,,,Spain,EUR,4,Salamanca Visit
1109,Salento Experience - Tours & Activities,,,,,Italy,EUR,4,Salento Experience - Tours & Activities
1110,Scotland,scotland@grayline.com,,,,United Kingdom,GBP,4,scotland@grayline.com
1111,ScuderiaMoroMilano.com,,,,,Italy,EUR,4,ScuderiaMoroMilano.com
1112,SEGWAYFUN S.L.,,,,,Spain,EUR,4,SEGWAYFUN S.L.
1113,Selfie Museum,,,,,Greece,EUR,4,Selfie Museum
1114,SEVILLA OFFICIAL TOURS,,,,,Spain,EUR,4,SEVILLA OFFICIAL TOURS
1115,SHORELINE SIGHTSEEING,,,,,United States of America,USD,4,SHORELINE SIGHTSEEING
1116,Show Me Seattle,,,,,United States of America,USD,4,Show Me Seattle
1117,SICILYING SRL TOUR OPERATOR,,,,,Italy,EUR,4,SICILYING SRL TOUR OPERATOR
1118,Signature Tours,,,,,Argentina,USD,4,Signature Tours
1119,Skipton Boat Trips Ltd.,,,,,United Kingdom,EUR,4,Skipton Boat Trips Ltd.
1120,So Diego,,,,,United States of America,USD,4,So Diego
1121,Società Agricola a Responsabilità Limitata,,,,,Italy,EUR,4,Società Agricola a Responsabilità Limitata
1122,Società Agricola Poggio Ai Laghi SRL,,,,,Italy,EUR,4,Società Agricola Poggio Ai Laghi SRL
1123,Solarwaterworld AG,,,,,Germany,EUR,4,Solarwaterworld AG
1124,SST TRAVEL,,,,,Vietnam,EUR,4,SST TRAVEL
1125,Stadtführungen Kassel,,,,,Germany,EUR,4,Stadtführungen Kassel
1126,Stichting DOMunder,,,,,Netherlands,EUR,4,Stichting DOMunder
1127,Strauss Dinner Show,,,,,Austria,EUR,4,Strauss Dinner Show
1128,Stromma Danmark A/S,,,,,Denmark,DKK,4,Stromma Danmark A/S
1129,Super Tours,,,,,Croatia,EUR,4,Super Tours
1130,SwabianTravel,,,,,Germany,EUR,4,SwabianTravel
1131,Switzerland Viva Tours,,,,,Switzerland,CHF,4,Switzerland Viva Tours
1132,Sydney Princess Cruises,,,,,Australia,AUD,4,Sydney Princess Cruises
1133,Sétima Onda Boat Trips,,,,,Portugal,EUR,4,Sétima Onda Boat Trips
1134,"TAGUSCRUISES, LDA",,,,,Portugal,EUR,4,"TAGUSCRUISES, LDA"
1135,Taiga Times,,,,,Finland,EUR,4,Taiga Times
1136,Tasty Tours,,,,,Australia,AUD,4,Tasty Tours
1137,TENUTA DI CASTELLARO,,,,,Italy,EUR,4,TENUTA DI CASTELLARO
1138,TERRA MÍTICA BENIDORM,,,,,Spain,EUR,4,TERRA MÍTICA BENIDORM
1139,The Ghost Bus Tours,,,,,United Kingdom,GBP,4,The Ghost Bus Tours
1140,The New Event,,,,,Netherlands,EUR,4,The New Event
1141,Timeride GmbH - Köln,,,,,Germany,EUR,4,Timeride GmbH - Köln
1142,Tiroler Abend mit der Familie Gundolf,,,,,Austria,EUR,4,Tiroler Abend mit der Familie Gundolf
1143,Top Tasting Tours,,,,,United Kingdom,GBP,4,Top Tasting Tours
1144,TOROS OUTDOOR,,,,,Turkey,EUR,4,TOROS OUTDOOR
1145,Tour Point Seyahat Danışmanlık,,,,,Turkey,EUR,4,Tour Point Seyahat Danışmanlık
1146,Tradi Events,,,,,France,EUR,4,Tradi Events
1147,Trans Protocol,,,,,Romania,EUR,4,Trans Protocol
1148,Travelshop Malmö,,,,,Denmark,EUR,4,Travelshop Malmö
1149,Trion Yachting M.C.P.Y.,,,,,Greece,EUR,4,Trion Yachting M.C.P.Y.
1150,Trip Gran Canaria,,,,,Spain,EUR,4,Trip Gran Canaria
1151,TROMSO VILLMARKSSENTER AS,,,,,Norway,EUR,4,TROMSO VILLMARKSSENTER AS
1152,TUNISIE VOYAGES,,,,,Tunisia,EUR,4,TUNISIE VOYAGES
1153,UNIque Tours,,,,,Spain,EUR,4,UNIque Tours
1154,UniqueTours Riviera,,,,,France,EUR,4,UniqueTours Riviera
1155,Uniquetuscany,,,,,Italy,EUR,4,Uniquetuscany
1156,Up at The O2,,,,,United Kingdom,GBP,4,Up at The O2
1157,USA Guided Tours NYC,,,,,United States of America,USD,4,USA Guided Tours NYC
1158,Valencia Bikes,,,,,Spain,EUR,4,Valencia Bikes
1159,Vavau Adventures,,,,,French Polynesia,USD,4,Vavau Adventures
1160,Venice in Costume Srls,,,,,Italy,EUR,4,Venice in Costume Srls
1161,videoSightseeing,,,,,Germany,EUR,4,videoSightseeing
1162,VIGO TURÍSTICO,,,,,Spain,EUR,4,VIGO TURÍSTICO
1163,Vino de la Isla S L,,,,,Spain,EUR,4,Vino de la Isla S L
1164,VIP Tour Corporation,,,,,United States of America,USD,4,VIP Tour Corporation
1165,Visit London Taxi Tours,,,,,United Kingdom,GBP,4,Visit London Taxi Tours
1166,VMT Madeira - Catamaran Trips,,,,,Portugal,EUR,4,VMT Madeira - Catamaran Trips
1167,VOLCANO YACHTING NEPA,,,,,Greece,EUR,4,VOLCANO YACHTING NEPA
1168,Voyages Orsom SL,,,,,Spain,EUR,4,Voyages Orsom SL
1169,Walsh Tours,,,,,United Kingdom,GBP,4,Walsh Tours
1170,"Watersmile, lda",,,,,Portugal,EUR,4,"Watersmile, lda"
1171,Wendella Tours & Cruises,,,,,United States of America,USD,4,Wendella Tours & Cruises
1172,WHITE TENERIFE,,,,,Spain,EUR,4,WHITE TENERIFE
1173,WIDE ANGLE TOURS,,,,,United States of America,EUR,4,WIDE ANGLE TOURS
1174,Wiesbaden Congress & Marketing GmbH,,,,,Germany,EUR,4,Wiesbaden Congress & Marketing GmbH
1175,Willms Touristik,,,,,Germany,EUR,4,Willms Touristik
1176,Winebus,,,,,Spain,EUR,4,Winebus
1177,YELLOW CAB VERKEHSRBETRIEBS - GMBH,,,,,Germany,EUR,4,YELLOW CAB VERKEHSRBETRIEBS - GMBH
1178,Yuniqly,,,,,Italy,EUR,4,Yuniqly
1179,ZAKYNTHOS BOAT RENTALS,,,,,Greece,EUR,4,ZAKYNTHOS BOAT RENTALS
1180,ΒΑΣΙΛΟΠΟΥΛΟΥ Μ. -ΤΣΙΑΤΣΙΟΣ Ν. Ο.Ε,,,,,Greece,EUR,4,ΒΑΣΙΛΟΠΟΥΛΟΥ Μ. -ΤΣΙΑΤΣΙΟΣ Ν. Ο.Ε
1181,#tag ATHENS,,,,,Greece,EUR,3,#tag ATHENS
1182,18 Isola Bella escursioni Siracusa,,,,,Italy,EUR,3,18 Isola Bella escursioni Siracusa
1183,3D Fun Art Museum,,,,,Portugal,EUR,3,3D Fun Art Museum
1184,Abra Tours,,,,,United Arab Emirates,AED,3,Abra Tours
1185,ACSM-TOURS SAS,,,,,France,EUR,3,ACSM-TOURS SAS
1186,Active Tours Italy SRL,,,,,Italy,EUR,3,Active Tours Italy SRL
1187,Advanced Leisure Services SL,,,,,Spain,EUR,3,Advanced Leisure Services SL
1188,AERI DE MONTSERRAT,,,,,Spain,EUR,3,AERI DE MONTSERRAT
1189,AG Expeditions,,,,,Portugal,EUR,3,AG Expeditions
1190,AHOI - EINFACH. SCHÖN. MITSEGELN.,,,,,Germany,EUR,3,AHOI - EINFACH. SCHÖN. MITSEGELN.
1191,Airlines of Tasmania,,,,,Australia,EUR,3,Airlines of Tasmania
1192,ALAM BALI SANTHI,,,,,Indonesia,USD,3,ALAM BALI SANTHI
1193,Albania Explorer,,,,,Albania,EUR,3,Albania Explorer
1194,Alicante Aventura,,,,,Spain,EUR,3,Alicante Aventura
1195,All Miami Investment Inc,,,,,United States of America,USD,3,"All Miami Investment Inc,"
1196,Almeria Tourism,,,,,Spain,EUR,3,Almeria Tourism
1197,Aman Yacht,,,,,Vietnam,EUR,3,Aman Yacht
1198,Amsterdam Boat Trips,,,,,Netherlands,EUR,3,Amsterdam Boat Trips
1199,Amsterdam Circle Line,,,,,Netherlands,EUR,3,Amsterdam Circle Line
1200,Ancient Greece Tours & Transfers,,,,,Greece,EUR,3,Ancient Greece Tours & Transfers
1201,Andretti Indoor Karting and Games,,,,,United States of America,USD,3,Andretti Indoor Karting and Games
1202,ATHENIAN TOURS,,,,,Greece,EUR,3,ATHENIAN TOURS
1203,Athens Photo Tour,,,,,Greece,EUR,3,Athens Photo Tour
1204,Atlantis Tours Mare Nostrum,,,,,Portugal,EUR,3,Atlantis Tours Mare Nostrum
1205,Aurea Travel,,,,,Italy,EUR,3,Aurea Travel
1206,AUSTRALIAN ECO ADVENTURES PTY LTD,,,,,Australia,AUD,3,AUSTRALIAN ECO ADVENTURES PTY LTD
1207,Avanspettacolo Venice Cabaret,,,,,Italy,EUR,3,Avanspettacolo Venice Cabaret
1208,Bali Sunrise Tours,,,,,Indonesia,IDR,3,Bali Sunrise Tours
1209,Barbara´s Kochschule,,,,,Germany,EUR,3,Barbara´s Kochschule
1210,barca BOAT EVENTS GmbH,,,,,Germany,EUR,3,barca BOAT EVENTS GmbH
1211,Barcelona Holiday,,,,,Spain,EUR,3,Barcelona Holiday
1212,BBDouro,,,,,Portugal,EUR,3,BBDouro
1213,Best Road Trip,,,,,France,EUR,3,Best Road Trip
1214,Beyond The Blacktop Adventure Tours,,,,,Australia,AUD,3,Beyond The Blacktop Adventure Tours
1215,Big Easy Walking Tours,,,,,United States of America,USD,3,Big Easy Walking Tours
1216,BilbaoGuia.,,,,,Spain,EUR,3,BilbaoGuia.
1217,BINGO TOUR,,,,,France,EUR,3,BINGO TOUR
1218,Blue & Gold Fleet,,,,,United States of America,USD,3,Blue & Gold Fleet
1219,BLUE LAGOON ICELAND,,,,,Iceland,EUR,3,BLUE LAGOON ICELAND
1220,"BODEGAS GONGORA, S.L.",,,,,Spain,EUR,3,"BODEGAS GONGORA, S.L."
1221,BODY GLOVE HAWAII,,,,,United States of America,USD,3,BODY GLOVE HAWAII
1222,Boston CityWalks,,,,,United States of America,USD,3,Boston CityWalks
1223,Boston Pizza Tours,,,,,United States of America,USD,3,Boston Pizza Tours
1224,BRASTOURS,,,,,Italy,EUR,3,BRASTOURS
1225,Brighton i360,,,,,United Kingdom,GBP,3,Brighton i360
1226,Brooklyn Unplugged Tours,,,,,United States of America,USD,3,Brooklyn Unplugged Tours
1227,Buck Wild Hummer Tours,,,,,United States of America,EUR,3,Buck Wild Hummer Tours
1228,Båtservice Sightseeing,,,,,Norway,EUR,3,Båtservice Sightseeing
1229,CABO NATURE,,,,,Mexico,MXN,3,CABO NATURE
1230,Calypso Reef Cruises,,,,,Australia,AUD,3,Calypso Reef Cruises
1231,Carlos Frederico Santos Pitta,,,,,Greece,EUR,3,Carlos Frederico Santos Pitta
1232,Casa del Vino de Tenerife,,,,,Spain,EUR,3,Casa del Vino de Tenerife
1233,Casa Vicens-Gaudí,,,,,Spain,EUR,3,Casa Vicens-Gaudí
1234,Catedral de Segovia,,,,,Spain,EUR,3,Catedral de Segovia
1235,CGN SA,,,,,Switzerland,CHF,3,CGN SA
1236,CHOCO STORY COLMAR,,,,,France,EUR,3,CHOCO STORY COLMAR
1237,Choco-Story Bruges,,,,,Belgium,EUR,3,Choco-Story Bruges
1238,Chocoversum by Hachez,,,,,Germany,EUR,3,Chocoversum by Hachez
1239,Cirque Du Soleil,,,,,United States of America,USD,3,Cirque Du Soleil
1240,City Food Tours,,,,,United States of America,USD,3,City Food Tours
1241,Classique à tout prix,,,,,France,EUR,3,Classique à tout prix
1242,Coast to Hinterland Tours,,,,,Australia,AUD,3,Coast to Hinterland Tours
1243,Consorzio Motoscafisti Associati Stresa Stresatours,,,,,Italy,EUR,3,Consorzio Motoscafisti Associati Stresa Stresatours
1244,Cooltour Oporto,,,,,Portugal,EUR,3,Cooltour Oporto
1245,CREUERS ILLA BALEAR SL,,,,,Spain,EUR,3,CREUERS ILLA BALEAR SL
1246,Cruise Milford New Zealand Ltd,,,,,New Zealand,NZD,3,Cruise Milford New Zealand Ltd
1247,Cuenqueando,,,,,Spain,EUR,3,Cuenqueando
1248,Cycle City Tours and Rentals,,,,,Canada,CAD,3,Cycle City Tours and Rentals
1249,D'Uva,,,,,Italy,EUR,3,D'Uva
1250,Darwin Gourmet Tours,,,,,Australia,AUD,3,Darwin Gourmet Tours
1251,Daydream paragliding sl,,,,,Spain,EUR,3,Daydream paragliding sl
1252,Days of Adventure,,,,,Portugal,EUR,3,Days of Adventure
1253,Diamond Leisure Transport ltd,,,,,United Kingdom,EUR,3,Diamond Leisure Transport ltd
1254,Discover Canada Tours,,,,,Canada,CAD,3,Discover Canada Tours
1255,Discovery Tours Srl,,,,,Italy,EUR,3,Discovery Tours Srl
1256,Dolphin Khasab Tours,,,,,Oman,USD,3,Dolphin Khasab Tours
1257,Domaine Sylvie Fahrer et Fils,,,,,France,EUR,3,Domaine Sylvie Fahrer et Fils
1258,Donauschifffahrt Wurm & Noé GmbH & Co. KG,,,,,Germany,EUR,3,Donauschifffahrt Wurm & Noé GmbH & Co. KG
1259,Douro Acima,,,,,Portugal,EUR,3,Douro Acima
1260,Eastern European Experience,,,,,Romania,EUR,3,Eastern European Experience
1261,Easy Travel,,,,,Norway,EUR,3,Easy Travel
1262,Eco Tuk Tuk - Portugal,,,,,Portugal,EUR,3,Eco Tuk Tuk - Portugal
1263,EcoBike,,,,,Greece,EUR,3,EcoBike
1264,"ECONAUTURISMO, LDA.",,,,,Portugal,EUR,3,"ECONAUTURISMO, LDA."
1265,Efteling Theme Park Resort,,,,,Netherlands,EUR,3,Efteling Theme Park Resort
1266,EI Rallu Pierre,,,,,France,EUR,3,EI Rallu Pierre
1267,El Palacio Andaluz,,,,,Spain,EUR,3,El Palacio Andaluz
1268,ELECTRIC CAR TOUR,,,,,Spain,EUR,3,ELECTRIC CAR TOUR
1269,ELİTE TURZ.TİC.PARAŞİŞLT. ÖZEL EĞİTİM İTH İHR.LTD.ŞTİ,,,,,Turkey,EUR,3,ELİTE TURZ.TİC.PARAŞİŞLT. ÖZEL EĞİTİM İTH İHR.LTD.ŞTİ
1270,Estrela da Ria Formosa,,,,,Portugal,EUR,3,Estrela da Ria Formosa
1271,Eureka Athens,,,,,Greece,EUR,3,Eureka Athens
1272,Explore Sälen AB,,,,,Sweden,EUR,3,Explore Sälen AB
1273,Extranomical Tours,,,,,United States of America,USD,3,Extranomical Tours
1274,Fab Four Tax Tours,,,,,United Kingdom,GBP,3,Fab Four Tax Tours
1275,First Nature Tours,,,,,United States of America,USD,3,First Nature Tours
1276,Fitzroy Island Adventures,,,,,Australia,AUD,3,Fitzroy Island Adventures
1277,FlorencePass,,,,,Italy,EUR,3,FlorencePass
1278,FRAGONARD PARFUMEUR,,,,,France,EUR,3,FRAGONARD PARFUMEUR
1279,France Intense,,,,,France,EUR,3,France Intense
1280,Free Spirit Tours,,,,,Croatia,EUR,3,Free Spirit Tours
1281,FuerteXperience,,,,,Spain,EUR,3,FuerteXperience
1282,"Funk Entertainment, LLC",,,,,United States of America,USD,3,"Funk Entertainment, LLC"
1283,Game of Thrones Studio Tour,,,,,Ireland,GBP,3,Game of Thrones Studio Tour
1284,GARDA TOURS,,,,,Italy,EUR,3,GARDA TOURS
1285,"Gavião Viagens Turísticas, Lda.",,,,,Portugal,EUR,3,"Gavião Viagens Turísticas, Lda."
1286,Geko Art Florence Associazione,,,,,Italy,EUR,3,Geko Art Florence Associazione
1287,Georgian Promenade,,,,,Georgia,EUR,3,Georgian Promenade
1288,Gili snorkeling,,,,,Indonesia,EUR,3,Gili snorkeling
1289,Goat Yoga Katy,,,,,United States of America,USD,3,Goat Yoga Katy
1290,GoBoat Solarwaterworld GmbH,,,,,Germany,EUR,3,GoBoat Solarwaterworld GmbH
1291,GoCar Tours Las Vegas,,,,,United States of America,USD,3,GoCar Tours Las Vegas
1292,Golden Tours International,,,,,Italy,EUR,3,Golden Tours International
1293,Good Vienna Tours,,,,,Austria,,3,Good Vienna Tours
1294,Gray Line Ecuador,,,,,Ecuador,EUR,3,Gray Line Ecuador
1295,Gray Line Niagara Falls/Buffalo,,,,,Canada,USD,3,Gray Line Niagara Falls/Buffalo
1296,Guided Fjord Tours AS,,,,,Norway,EUR,3,Guided Fjord Tours AS
1297,GYRO EVENTS,,,,,France,EUR,3,GYRO EVENTS
1298,Hakuu Co Ltd.,,,,,Japan,JPY,3,Hakuu Co Ltd.
1299,Hamburg City Cycles,,,,,Germany,EUR,3,Hamburg City Cycles
1300,"Happy Guide Tours, LLC",,,,,United States of America,USD,3,"Happy Guide Tours, LLC"
1301,HAT Tourism Marketing,,,,,United States of America,USD,3,HAT Tourism Marketing
1302,Hawaii Forest & Trail,,,,,United States of America,USD,3,Hawaii Forest & Trail
1303,Hawaii Nautical,,,,,United States of America,USD,3,Hawaii Nautical
1304,Henri Willig Kaas BV,,,,,Netherlands,EUR,3,Henri Willig Kaas BV
1305,High and Wild,,,,,Australia,EUR,3,High and Wild
1306,Hilltoptreks Ltd,,,,,Ireland,EUR,3,Hilltoptreks Ltd
1307,Hippo Submarine,,,,,Greece,EUR,3,Hippo Submarine
1308,Houmas House Estate and Gardnes,,,,,United States of America,USD,3,Houmas House Estate and Gardnes
1309,HyperSpace FZ LLC,,,,,United Arab Emirates,AED,3,HyperSpace FZ LLC
1310,I Like eBike - electric bike tours Prague,,,,,Czech Republic,EUR,3,I Like eBike - electric bike tours Prague
1311,iFLY Indoor Skydiving Gold Coast,,,,,Australia,AUD,3,iFLY Indoor Skydiving Gold Coast
1312,igniTours,,,,,United States of America,USD,3,igniTours
1313,Ikusnahi Tours,,,,,Spain,EUR,3,Ikusnahi Tours
1314,Info,info@toulouse-welcome.com,,,,France,EUR,3,info@toulouse-welcome.com
1315,Innsbrucker Nordkettenbahnen Betriebs GmbH,,,,,Austria,EUR,3,Innsbrucker Nordkettenbahnen Betriebs GmbH
1316,Insideat,,,,,Italy,EUR,3,Insideat
1317,IRIS ADVENTURES SPLIT,,,,,Croatia,EUR,3,IRIS ADVENTURES SPLIT
1318,italian opera florence srl,,,,,Italy,EUR,3,italian opera florence srl
1319,ITALYPASS S.R.L.S,,,,,Italy,EUR,3,ITALYPASS S.R.L.S
1320,Jumbo Tour España,,,,,Spain,EUR,3,Jumbo Tour España
1321,Just Madeira,,,,,Portugal,EUR,3,Just Madeira
1322,Kaiser Friedrich,,,,,Germany,EUR,3,Kaiser Friedrich
1323,Kennedy Space Center,,,,,United States of America,EUR,3,Kennedy Space Center
1324,KEY WEST FOOD TOURS,,,,,United States of America,USD,3,KEY WEST FOOD TOURS
1325,Kos Cruise Experts,,,,,Greece,EUR,3,Kos Cruise Experts
1326,Kuranda Koala Gardens,,,,,Australia,AUD,3,Kuranda Koala Gardens
1327,Kurt safari,,,,,South Africa,ZAR,3,Kurt safari
1328,L'OCCITANE EN PROVENCE,,,,,France,EUR,3,L'OCCITANE EN PROVENCE
1329,La Garganta Activa,,,,,Spain,EUR,3,La Garganta Activa
1330,La Pedrera - Casa Mila,,,,,Spain,EUR,3,La Pedrera - Casa Mila
1331,Lagos Boat Tours,,,,,Portugal,EUR,3,Lagos Boat Tours
1332,Lands - Turismo na Natureza,,,,,Portugal,EUR,3,Lands - Turismo na Natureza
1333,Lanetours,,,,,Portugal,EUR,3,Lanetours
1334,LaParanza,,,,,Italy,EUR,3,LaParanza
1335,Las Vegas SUP Kayak Club,,,,,United States of America,USD,3,Las Vegas SUP Kayak Club
1336,Legenda City Cruises,,,,,Hungary,EUR,3,Legenda City Cruises
1337,LEGOLAND California,,,,,United States of America,USD,3,LEGOLAND California
1338,LES VEDETTES DE PARIS,,,,,France,EUR,3,LES VEDETTES DE PARIS
1339,Levadas In and Out,,,,,Portugal,EUR,3,Levadas In and Out
1340,LISBOAT,,,,,Portugal,EUR,3,LISBOAT
1341,Lisbon Surfaris,,,,,Portugal,EUR,3,Lisbon Surfaris
1342,Livraria Lello SA,,,,,Portugal,EUR,3,Livraria Lello SA
1343,Local Tastes of the City Tours,,,,,United States of America,USD,3,Local Tastes of the City Tours
1344,Lofoten Lights,,,,,Norway,EUR,3,Lofoten Lights
1345,Lost Plate Food Tours,,,,,United States of America,USD,3,Lost Plate Food Tours
1346,LouvreAbuDhabi,,,,,United Arab Emirates,EUR,3,LouvreAbuDhabi
1347,Love Boats UAE,,,,,United Arab Emirates,AED,3,Love Boats UAE
1348,Luleå Travel,,,,,Sweden,SEK,3,Luleå Travel
1349,Mad Monkey Phnom Penh,,,,,Cambodia,USD,3,Mad Monkey Phnom Penh
1350,MADE IN WORLD Agency,,,,,Italy,EUR,3,MADE IN WORLD Agency
1351,Made of Tuscany di Susanna Mantovani,,,,,Italy,EUR,3,Made of Tuscany di Susanna Mantovani
1352,MAGIC CATAMARANS,,,,,Spain,EUR,3,MAGIC CATAMARANS
1353,MagneticTours,,,,,Poland,PLN,3,MagneticTours
1354,Manhattan Walking Tour,,,,,United States of America,USD,3,Manhattan Walking Tour
1355,Marina Travel,,,,,Iceland,EUR,3,Marina Travel
1356,Marlow photography,,,,,South Africa,ZAR,3,Marlow photography
1357,Martha's Vineyard Tours and Transportation,,,,,United States of America,USD,3,Martha's Vineyard Tours and Transportation
1358,MEGA Mundo Estrella Galicia,,,,,Spain,EUR,3,MEGA Mundo Estrella Galicia
1359,Mentor Reisen,,,,,Germany,EUR,3,Mentor Reisen
1360,MERLIN ENTERTAINMENTS GROUP Plc/ISTANBUL SUALTI DUNYASI A.S,,,,,Turkey,EUR,3,MERLIN ENTERTAINMENTS GROUP Plc/ISTANBUL SUALTI DUNYASI A.S
1361,Metropolis Skopje Tours,,,,,Macedonia,EUR,3,Metropolis Skopje Tours
1362,Milanopentour SCARL,,,,,Italy,EUR,3,Milanopentour SCARL
1363,MINIHOLLYWOOD OASIS,,,,,Spain,EUR,3,MINIHOLLYWOOD OASIS
1364,Museo de Ilusiones SLU,,,,,Spain,EUR,3,Museo de Ilusiones SLU
1365,My First Paella,,,,,Spain,EUR,3,My First Paella
1366,Málaga Activa Tours,,,,,Spain,EUR,3,Málaga Activa Tours
1367,"Natural Bridge Caverns, Inc.",,,,,United States of America,USD,3,"Natural Bridge Caverns, Inc."
1368,Neon Tours,,,,,Turkey,EUR,3,Neon Tours
1369,Nocturnal Tours,,,,,United States of America,EUR,3,Nocturnal Tours
1370,NorthernShots Tours,,,,,Norway,NOK,3,NorthernShots Tours
1371,NZONE Skydive,,,,,New Zealand,NZD,3,NZONE Skydive
1372,Ocean Safari,,,,,Australia,AUD,3,Ocean Safari
1373,Ocean4fun,,,,,Portugal,EUR,3,Ocean4fun
1374,Off The Eaten Track,,,,,Canada,CAD,3,Off The Eaten Track
1375,On Tales Lda,,,,,Portugal,EUR,3,On Tales Lda
1376,Opera della Primarziale Pisana,,,,,Italy,EUR,3,Opera della Primarziale Pisana
1377,OTRO MODO Surfschool,,,,,Spain,EUR,3,OTRO MODO Surfschool
1378,Oxford Official Walking Tours,,,,,United Kingdom,GBP,3,Oxford Official Walking Tours
1379,PAELLA TRAVEL,,,,,Spain,EUR,3,PAELLA TRAVEL
1380,Panoptikum Gebr. Faerber GmbH & Co. KG,,,,,Germany,EUR,3,Panoptikum Gebr. Faerber GmbH & Co. KG
1381,Paradise Jet Boating,,,,,Australia,AUD,3,Paradise Jet Boating
1382,Paris Bike tour,,,,,France,EUR,3,Paris Bike tour
1383,PARIS CANAL,,,,,France,EUR,3,PARIS CANAL
1384,Paris en Scène,,,,,France,EUR,3,Paris en Scène
1385,Pasta Class Florence,,,,,Italy,EUR,3,Pasta Class Florence
1386,Pedal Power KG,,,,,Austria,EUR,3,Pedal Power KG
1387,PIKALA Bikes,,,,,Morocco,EUR,3,PIKALA Bikes
1388,Pineapple Tours,,,,,Australia,AUD,3,Pineapple Tours
1389,Pisa Explorer,,,,,Italy,EUR,3,Pisa Explorer
1390,PLK TRAVEL Inc.,,,,,South Korea,USD,3,PLK TRAVEL Inc.
1391,"Porto Outside Unipessoal, Lda.",,,,,Portugal,EUR,3,"Porto Outside Unipessoal, Lda."
1392,Portum Lines Llc,,,,,Hungary,EUR,3,Portum Lines Llc
1393,Private Day Tours Amsterdam,,,,,Netherlands,EUR,3,Private Day Tours Amsterdam
1394,Providenca charter & travel,,,,,Croatia,EUR,3,Providenca charter & travel
1395,Pure Boats B.V.,,,,,Netherlands,EUR,3,Pure Boats B.V.
1396,Real Venetian Experience,,,,,Italy,EUR,3,Real Venetian Experience
1397,RED AND WHITE FLEET,,,,,United States of America,USD,3,RED AND WHITE FLEET
1398,Red Cat Adventures,,,,,Australia,AUD,3,Red Cat Adventures
1399,Rederij van Hulst,,,,,Netherlands,EUR,3,Rederij van Hulst
1400,Reederei Mike Pickran,,,,,Germany,EUR,3,Reederei Mike Pickran
1401,Retro Tour Bordeaux,,,,,France,EUR,3,Retro Tour Bordeaux
1402,Retro Tour Lisboa,,,,,Portugal,EUR,3,Retro Tour Lisboa
1403,Reykjavik Sailors,,,,,Iceland,ISK,3,Reykjavik Sailors
1404,Rikolonia e.K.,,,,,Germany,EUR,3,Rikolonia e.K.
1405,Ring Tours GmbH,,,,,Austria,EUR,3,Ring Tours GmbH
1406,Romantic Road Coach GmbH,,,,,Germany,EUR,3,Romantic Road Coach GmbH
1407,RoofClimb Adelaide Oval,,,,,Australia,AUD,3,RoofClimb Adelaide Oval
1408,Royal Coster Diamonds,,,,,Netherlands,EUR,3,Royal Coster Diamonds
1409,Royal Tours,,,,,Poland,EUR,3,Royal Tours
1410,Ruby's Inn,,,,,United States of America,USD,3,Ruby's Inn
1411,"Sagardoa Route, Basque Cider Tour",,,,,Spain,EUR,3,"Sagardoa Route, Basque Cider Tour"
1412,Sail Liberty,,,,,United States of America,USD,3,Sail Liberty
1413,Sailing Tours Barcelona SL,,,,,Spain,EUR,3,Sailing Tours Barcelona SL
1414,Salzburger Festungskonzerte GmbH,,,,,Austria,EUR,3,Salzburger Festungskonzerte GmbH
1415,San Francisco Jeep Tours,,,,,United States of America,USD,3,San Francisco Jeep Tours
1416,SARL EBTM,,,,,France,EUR,3,SARL EBTM
1417,Schneller Bewegen Segway Touren,,,,,Germany,EUR,3,Schneller Bewegen Segway Touren
1418,Scooterise,,,,,Greece,EUR,3,Scooterise
1419,Seattle Space Needle,,,,,United States of America,USD,3,Seattle Space Needle
1420,SeaWorld,,,,,United States of America,USD,3,SeaWorld
1421,SeaZen,,,,,France,EUR,3,SeaZen
1422,seeTheCity,,,,,Netherlands,EUR,3,seeTheCity
1423,Seville Unique Experiences,,,,,Spain,EUR,3,Seville Unique Experiences
1424,Sightseeing Ride,,,,,Sweden,SEK,3,Sightseeing Ride
1425,Sightseeing.lu,,,,,Luxembourg,EUR,3,Sightseeing.lu
1426,SIMPLY FRANCE TOURS,,,,,France,EUR,3,SIMPLY FRANCE TOURS
1427,SIT SRL,,,,,Italy,EUR,3,SIT SRL
1428,Skihallen Service GmbH,,,,,Germany,EUR,3,Skihallen Service GmbH
1429,Skunk Train,,,,,United States of America,USD,3,Skunk Train
1430,Skydive Auckland,,,,,New Zealand,NZD,3,Skydive Auckland
1431,Skydive Wanaka,,,,,New Zealand,NZD,3,Skydive Wanaka
1432,Snekkjan ehf - Harpa Yachts,,,,,Iceland,EUR,3,Snekkjan ehf - Harpa Yachts
1433,Sogno Veneziano Atelier di Russolo Giulia,,,,,Italy,EUR,3,Sogno Veneziano Atelier di Russolo Giulia
1434,Sporting Capital Tours,,,,,Australia,AUD,3,Sporting Capital Tours
1435,ss Rotterdam,,,,,Netherlands,EUR,3,ss Rotterdam
1436,Stadtrundfahrt Dresden GmbH,,,,,Germany,EUR,3,Stadtrundfahrt Dresden GmbH
1437,Stattreisen München e.V.,,,,,Germany,EUR,3,Stattreisen München e.V.
1438,Style tours Madeira,,,,,Portugal,EUR,3,Style tours Madeira
1439,Subacco,,,,,Italy,EUR,3,Subacco
1440,SUP Center Cala Ratjada,,,,,Spain,EUR,3,SUP Center Cala Ratjada
1441,SURPRISE TOURISM,,,,,United Arab Emirates,AED,3,SURPRISE TOURISM
1442,SW Cruise Co,,,,,Australia,AUD,3,SW Cruise Co
1443,Swiss Museum of Transport,,,,,Switzerland,EUR,3,Swiss Museum of Transport
1444,SWR Media Services GmbH - Bereich Fernsehturm Stuttgart,,,,,Germany,EUR,3,SWR Media Services GmbH - Bereich Fernsehturm Stuttgart
1445,"TACOA Tenerife, S.L.U:",,,,,Spain,EUR,3,"TACOA Tenerife, S.L.U:"
1446,Taller Gingell,,,,,Spain,EUR,3,Taller Gingell
1447,Taste Buzz Food Tours,,,,,United States of America,USD,3,Taste Buzz Food Tours
1448,TBCL,,,,,Canada,CAD,3,TBCL
1449,Tenerife First Quads,,,,,Spain,EUR,3,Tenerife First Quads
1450,TENERIFE PERLA,,,,,Spain,EUR,3,TENERIFE PERLA
1451,Tenuta Santa Maria Valverde,,,,,Italy,EUR,3,Tenuta Santa Maria Valverde
1452,TERRA NATURA / AQUA NATURA,,,,,Spain,EUR,3,TERRA NATURA / AQUA NATURA
1453,Terre del Marchesato,,,,,Italy,EUR,3,Terre del Marchesato
1454,Texel Cruiser,,,,,Netherlands,EUR,3,Texel Cruiser
1455,Thames Rockets Ltd,,,,,United Kingdom,GBP,3,Thames Rockets Ltd
1456,The Challenge Mallorca,,,,,Spain,EUR,3,The Challenge Mallorca
1457,The Flyer San Francisco,,,,,United States of America,USD,3,The Flyer San Francisco
1458,The Hike Collective,,,,,Australia,AUD,3,The Hike Collective
1459,The Tour Store,,,,,United States of America,USD,3,The Tour Store
1460,"The Touring Pandas (TTP Cultural Experiences, SL)",,,,,Spain,EUR,3,"The Touring Pandas (TTP Cultural Experiences, SL)"
1461,TIGRAN GHAZARYAN PE,,,,,Armenia,USD,3,TIGRAN GHAZARYAN PE
1462,tili vini soc. agr. s.s.,,,,,Italy,EUR,3,tili vini soc. agr. s.s.
1463,TIMERIDE GmbH - Andechs,,,,,Germany,EUR,3,TIMERIDE GmbH - Andechs
1464,TimeRide GmbH - Dresden,,,,,Germany,EUR,3,TimeRide GmbH - Dresden
1465,Top of the Rock Observation Deck,,,,,United States of America,USD,3,Top of the Rock Observation Deck
1466,TOPTOUR,,,,,Portugal,EUR,3,TOPTOUR
1467,Tottenham Hotspur Football Club,,,,,United Kingdom,GBP,3,Tottenham Hotspur Football Club
1468,Tour America,,,,,United States of America,USD,3,Tour America
1469,Tour Galicia,,,,,Spain,EUR,3,Tour Galicia
1470,Tour Space Georgia,,,,,Georgia,EUR,3,Tour Space Georgia
1471,TourguideME UG,,,,,Germany,EUR,3,TourguideME UG
1472,Tourism Windsor Essex Pelee Island,,,,,United States of America,USD,3,Tourism Windsor Essex Pelee Island
1473,Trajetória Surpresa Unipessoal Lda,,,,,Portugal,EUR,3,Trajetória Surpresa Unipessoal Lda
1474,Tromso Arctic Reindeer,,,,,Norway,EUR,3,Tromso Arctic Reindeer
1475,Turismo y aventura canarias sl,,,,,Spain,EUR,3,Turismo y aventura canarias sl
1476,Ulisse Viaggi e Turismo srl,,,,,Italy,EUR,3,Ulisse Viaggi e Turismo srl
1477,Uluru Segway Tours,,,,,Australia,AUD,3,Uluru Segway Tours
1478,Unexpected Atlanta Tours,,,,,United States of America,USD,3,Unexpected Atlanta Tours
1479,Unlimited Biking Los Angeles,,,,,United States of America,USD,3,Unlimited Biking Los Angeles
1480,Unlimited Biking Miami,,,,,United States of America,USD,3,Unlimited Biking Miami
1481,Unlimited Biking San Diego,,,,,United States of America,USD,3,Unlimited Biking San Diego
1482,UP Events,,,,,Netherlands,EUR,3,UP Events
1483,UTG EXPERIENCE,,,,,France,EUR,3,UTG EXPERIENCE
1484,Valencia Bus Turistic,,,,,Spain,EUR,3,Valencia Bus Turistic
1485,Vertente natural,,,,,Portugal,EUR,3,Vertente natural
1486,Vetreria Artistica Colleoni snc,,,,,Italy,EUR,3,Vetreria Artistica Colleoni snc
1487,VIAJES AGADIR SA - PARALELO 66,,,,,Spain,EUR,3,VIAJES AGADIR SA - PARALELO 66
1488,Vienna Welcome Card,,,,,Austria,EUR,3,Vienna Welcome Card
1489,Vienna à la carte Reisebüro GmbH,,,,,Austria,EUR,3,Vienna à la carte Reisebüro GmbH
1490,Vietnam Northern Travel,,,,,Vietnam,USD,3,Vietnam Northern Travel
1491,Visit Luxembourg Tours,,,,,Luxembourg,EUR,3,Visit Luxembourg Tours
1492,Visit Olympus,,,,,Greece,EUR,3,Visit Olympus
1493,Visit València,,,,,Spain,EUR,3,Visit València
1494,Voyages LLC - A taste of Paris,,,,,France,USD,3,Voyages LLC - A taste of Paris
1495,Waffles & Beer Workshop,,,,,Belgium,EUR,3,Waffles & Beer Workshop
1496,We Galicia,,,,,Spain,EUR,3,We Galicia
1497,Weebora srl,,,,,Italy,EUR,3,Weebora srl
1498,"weimar GmbH Gesellschaft für Marketing, Kongress- u. Tourismusservice",,,,,Germany,EUR,3,"weimar GmbH Gesellschaft für Marketing, Kongress- u. Tourismusservice"
1499,Welcome in Cracow,,,,,Poland,EUR,3,Welcome in Cracow
1500,Westfjords Adventures,,,,,Iceland,ISK,3,Westfjords Adventures
1501,WeWhale Lanzarote,,,,,Spain,EUR,3,WeWhale Lanzarote
1502,Whiskey Island,,,,,Ireland,EUR,3,Whiskey Island
1503,Whiskey Rebelion Trail,,,,,United States of America,USD,3,Whiskey Rebelion Trail
1504,Whistler Valley Tours & Charters,,,,,Canada,EUR,3,Whistler Valley Tours & Charters
1505,Wild about Lapland Oy,,,,,Finland,EUR,3,Wild about Lapland Oy
1506,Wild Earth AB,,,,,Sweden,EUR,3,Wild Earth AB
1507,Wild Hong Kong,,,,,China,GBP,3,Wild Hong Kong
1508,Wild Lime Adventures,,,,,United States of America,USD,3,Wild Lime Adventures
1509,Wildfinder,,,,,New Zealand,NZD,3,Wildfinder
1510,Wisest Travel,,,,,Mexico,USD,3,Wisest Travel
1511,WONDERWORKS ORLANDO,,,,,United States of America,USD,3,WONDERWORKS ORLANDO
1512,Wreck Room,,,,,United States of America,USD,3,Wreck Room
1513,Wynwood Art Walk,,,,,United States of America,USD,3,Wynwood Art Walk
1514,Xride Algarve,,,,,Portugal,EUR,3,Xride Algarve
1515,Zip Aviation,,,,,United States of America,USD,3,Zip Aviation
1516,Ziptrek Ecotours,,,,,New Zealand,NZD,3,Ziptrek Ecotours
1517,2nd Line Tours,,,,,United States of America,USD,2,2nd Line Tours
1518,5emotionsalgarve,,,,,Portugal,EUR,2,5emotionsalgarve
1519,A wee pedal,,,,,United Kingdom,EUR,2,A wee pedal
1520,Aarhus City Guide,,,,,Denmark,DKK,2,Aarhus City Guide
1521,Abraham Tours Philippines,,,,,Philippines,USD,2,Abraham Tours Philippines
1522,Absolute Tours,,,,,Hungary,EUR,2,Absolute Tours
1523,Active Athens Holidays / Active Thess Holidays,,,,,Greece,EUR,2,Active Athens Holidays / Active Thess Holidays
1524,Adventure Tour Snowdonia,,,,,United Kingdom,GBP,2,Adventure Tour Snowdonia
1525,Adventurecat Sailing Charters,,,,,United States of America,USD,2,Adventurecat Sailing Charters
1526,Adventures Around Budapest,,,,,Hungary,EUR,2,Adventures Around Budapest
1527,Agencia Pública para la gestión de la Casa Natal de Pablo Ruiz Picasso y otras equipamientos museísticos y culturales,,,,,Spain,EUR,2,Agencia Pública para la gestión de la Casa Natal de Pablo Ruiz Picasso y otras equipamientos museísticos y culturales
1528,Air Service Berlin,,,,,Germany,EUR,2,Air Service Berlin
1529,AIR TAXI Tirol,,,,,Austria,EUR,2,AIR TAXI Tirol
1530,Airport Van Group - Parishuttle / Parisgreencar,,,,,France,EUR,2,Airport Van Group - Parishuttle / Parisgreencar
1531,alapontasins.com,,,,,Spain,EUR,2,alapontasins.com
1532,alcudiajets,,,,,Spain,EUR,2,alcudiajets
1533,Aletsch Arena AG,,,,,Switzerland,EUR,2,Aletsch Arena AG
1534,ALL DAY CRUISE,,,,,Greece,EUR,2,ALL DAY CRUISE
1535,Alsace Safari SARL,,,,,France,EUR,2,Alsace Safari SARL
1536,Alternative Ldn,,,,,United Kingdom,GBP,2,Alternative Ldn
1537,Altitude Tours,,,,,New Zealand,NZD,2,Altitude Tours
1538,Amazing Bonaire,,,,,"Bonaire, Sint Eustatius and Saba",EUR,2,Amazing Bonaire
1539,American Ghost Walks,,,,,Puerto Rico,USD,2,American Ghost Walks
1540,ANA,,,,,Croatia,EUR,2,ANA
1541,Anchorage Trolley Tours,,,,,United States of America,USD,2,Anchorage Trolley Tours
1542,Animaris,,,,,Portugal,EUR,2,Animaris
1543,Aqua Fun Krystian Kapusta,,,,,Poland,EUR,2,Aqua Fun Krystian Kapusta
1544,Aquaduck,,,,,Australia,AUD,2,Aquaduck
1545,Aquafrech,,,,,Morocco,EUR,2,Aquafrech
1546,AQUALANDIA ESPAÑA S.A.,,,,,Spain,EUR,2,AQUALANDIA ESPAÑA S.A.
1547,Arcanum Mountain Guides,,,,,Iceland,EUR,2,Arcanum Mountain Guides
1548,Arquebisbat de Tarragona,,,,,Spain,EUR,2,Arquebisbat de Tarragona
1549,ATL-Cruzers LLC,,,,,United States of America,USD,2,ATL-Cruzers LLC
1550,Atlantis Olbia Charter & Tours,,,,,Italy,EUR,2,Atlantis Olbia Charter & Tours
1551,ATP,,,,,Portugal,EUR,2,ATP
1552,AtWill Tours,,,,,Portugal,EUR,2,AtWill Tours
1553,Austin Detours,,,,,United States of America,USD,2,Austin Detours
1554,Australian Surfing Adventures,,,,,Australia,AUD,2,Australian Surfing Adventures
1555,AUTOBUS OBERBAYERN GMBH,,,,,Germany,EUR,2,AUTOBUS OBERBAYERN GMBH
1556,Avignon Tourisme,,,,,France,EUR,2,Avignon Tourisme
1557,Axis&Globe,,,,,United Kingdom,GBP,2,Axis&Globe
1558,Azorean Seascape,,,,,Portugal,EUR,2,Azorean Seascape
1559,Azores Islands Experience,,,,,Portugal,EUR,2,Azores Islands Experience
1560,B&B Turizm,,,,,Turkey,EUR,2,B&B Turizm
1561,Backyard Tours,,,,,New Zealand,NZD,2,Backyard Tours
1562,Bahrain Tour,,,,,Bahrain,USD,2,Bahrain Tour
1563,Ballaturca Travel,,,,,Turkey,EUR,2,Ballaturca Travel
1564,Barcelona Architecture Walks,,,,,Spain,EUR,2,Barcelona Architecture Walks
1565,BARCO MAJORERO,,,,,Spain,EUR,2,BARCO MAJORERO
1566,Barkassen-Meyer Touristik GmbH & Co. KG,,,,,Germany,EUR,2,Barkassen-Meyer Touristik GmbH & Co. KG
1567,Bea Vita,,,,,Italy,EUR,2,Bea Vita
1568,Beautiful Barbados Tours & Excursions,,,,,Barbados,USD,2,Beautiful Barbados Tours & Excursions
1569,Beer Tours & Tastings,,,,,Czech Republic,EUR,2,Beer Tours & Tastings
1570,"BELCHIOR CHAPARRO, LDA",,,,,Portugal,EUR,2,"BELCHIOR CHAPARRO, LDA"
1571,Belfast City Sightseeing Ltd,,,,,United Kingdom,GBP,2,Belfast City Sightseeing Ltd
1572,Benagil Kayaks,,,,,Portugal,EUR,2,Benagil Kayaks
1573,BergamoXP,,,,,Italy,EUR,2,BergamoXP
1574,Berlin Erlebnisse,,,,,Germany,EUR,2,Berlin Erlebnisse
1575,Best of The Netherlands tours,,,,,Netherlands,EUR,2,Best of The Netherlands tours
1576,Best Tours Malta Ltd,,,,,Malta,EUR,2,Best Tours Malta Ltd
1577,Besttours  LLC,,,,,United Kingdom,USD,2,Besttours  LLC
1578,"Big Apple Jazz, LLC",,,,,United States of America,USD,2,"Big Apple Jazz, LLC"
1579,Big Cat Green Island Cruises,,,,,Australia,AUD,2,Big Cat Green Island Cruises
1580,Big Dave Tours,,,,,United States of America,USD,2,Big Dave Tours
1581,Blenheim Palace Heritage Foundation,,,,,United Kingdom,GBP,2,Blenheim Palace Heritage Foundation
1582,BLS Schifffahrt AG,,,,,Switzerland,CHF,2,BLS Schifffahrt AG
1583,Blue Planet Adventure Company,,,,,United States of America,USD,2,Blue Planet Adventure Company
1584,BlueXperiences,,,,,Portugal,EUR,2,BlueXperiences
1585,BOATAMSTERDAM.COM,,,,,Netherlands,EUR,2,BOATAMSTERDAM.COM
1586,boatboys,,,,,Netherlands,EUR,2,boatboys
1587,Boatrips,,,,,Portugal,EUR,2,Boatrips
1588,"Bodegas Monje, S.L.",,,,,Spain,EUR,2,"Bodegas Monje, S.L."
1589,Bodrum Windsurf Center,,,,,Turkey,EUR,2,Bodrum Windsurf Center
1590,Bolzano Street Food Tour®,,,,,Italy,EUR,2,Bolzano Street Food Tour®
1591,Bosporus Cruise,,,,,Turkey,EUR,2,Bosporus Cruise
1592,Brake Away Bike Tours,,,,,United Kingdom,EUR,2,Brake Away Bike Tours
1593,Brevard Zoo,,,,,United States of America,USD,2,Brevard Zoo
1594,BRIGIT’S AFTERNOON TEA LTD,,,,,United Kingdom,EUR,2,BRIGIT’S AFTERNOON TEA LTD
1595,Business Dragons s.r.o.,,,,,Czech Republic,EUR,2,Business Dragons s.r.o.
1596,BUSTRONOME NYC LLC,,,,,United States of America,USD,2,BUSTRONOME NYC LLC
1597,BWSG Berliner Wassersport und Service GmbH & Co. Betriebs KG,,,,,Germany,EUR,2,BWSG Berliner Wassersport und Service GmbH & Co. Betriebs KG
1598,c2rio tours & travel,,,,,Brazil,USD,2,c2rio tours & travel
1599,Calea Ilusiona SL,,,,,Spain,EUR,2,Calea Ilusiona SL
1600,Canto Cooking,,,,,Portugal,EUR,2,Canto Cooking
1601,Cape Town Culinary Tours Pty Ltd,,,,,South Africa,ZAR,2,Cape Town Culinary Tours Pty Ltd
1602,CAPE VERDE NATURE EXPERIENCE,,,,,Cape Verde,EUR,2,CAPE VERDE NATURE EXPERIENCE
1603,Capri Hydro,,,,,Italy,EUR,2,Capri Hydro
1604,Captain Jack Amsterdam,,,,,Netherlands,EUR,2,Captain Jack Amsterdam
1605,Captain Zodiac,,,,,United States of America,EUR,2,Captain Zodiac
1606,Carcassonnetours,,,,,France,EUR,2,Carcassonnetours
1607,Casa da Guitarra,,,,,Portugal,EUR,2,Casa da Guitarra
1608,Catalan Trails,,,,,Spain,EUR,2,Catalan Trails
1609,"CATAMARAN & ADVENTURE CHARTERS,S.L.",,,,,Spain,EUR,2,"CATAMARAN & ADVENTURE CHARTERS,S.L."
1610,CATVENTS SL,,,,,Spain,EUR,2,CATVENTS SL
1611,Celler Can Batlle S.L.,,,,,Spain,EUR,2,Celler Can Batlle S.L.
1612,centro buceo scuba elx,,,,,Spain,EUR,2,centro buceo scuba elx
1613,Charismatic Mountain Tours,,,,,Portugal,EUR,2,Charismatic Mountain Tours
1614,Charlottenrad,,,,,Germany,EUR,2,Charlottenrad
1615,Chicago Architecture Center,,,,,United States of America,USD,2,Chicago Architecture Center
1616,Chip Bizz BV,,,,,Netherlands,EUR,2,Chip Bizz BV
1617,Choco-Story Prague,,,,,Czech Republic,EUR,2,Choco-Story Prague
1618,CHOCOBERN Tours,,,,,Switzerland,CHF,2,CHOCOBERN Tours
1619,Chocotopia,,,,,Czech Republic,EUR,2,Chocotopia
1620,Cilento Coast Company,,,,,Italy,EUR,2,Cilento Coast Company
1621,Cinque Terre Ferries Srl,,,,,Italy,EUR,2,Cinque Terre Ferries Srl
1622,City of Empires Tours,,,,,Germany,EUR,2,City of Empires Tours
1623,City Tour Ltd.,,,,,Bulgaria,EUR,2,City Tour Ltd.
1624,citytrip AG,,,,,Switzerland,CHF,2,citytrip AG
1625,CityWalk,,,,,Iceland,ISK,2,CityWalk
1626,Clan Pascual - Edinburgh Walking Tours,,,,,United Kingdom,EUR,2,Clan Pascual - Edinburgh Walking Tours
1627,Comedy on Deck Tours,,,,,United States of America,USD,2,Comedy on Deck Tours
1628,Congress- und Tourismus-Zentrale Nürnberg,,,,,Germany,EUR,2,Congress- und Tourismus-Zentrale Nürnberg
1629,connectpoland.com,,,,,Poland,EUR,2,connectpoland.com
1630,Copenhagencard,copenhagencard@woco.dk,,,,Denmark,EUR,2,copenhagencard@woco.dk
1631,Cornish Wave,,,,,United Kingdom,GBP,2,Cornish Wave
1632,Costa degli Dei Tours,,,,,Italy,EUR,2,Costa degli Dei Tours
1633,Croisières Burdigala,,,,,France,EUR,2,Croisières Burdigala
1634,CRUCEROS SANCTI PETRI (ALBARCO),,,,,Spain,EUR,2,CRUCEROS SANCTI PETRI (ALBARCO)
1635,Crush Wine Experiences,,,,,United States of America,USD,2,Crush Wine Experiences
1636,Cuevas dels Hams,,,,,Spain,EUR,2,Cuevas dels Hams
1637,Córdoba Única,,,,,Spain,EUR,2,Córdoba Única
1638,Dana Wharf Whale Watching,,,,,United States of America,EUR,2,Dana Wharf Whale Watching
1639,DAR SOUSS LOISIR,,,,,Morocco,EUR,2,DAR SOUSS LOISIR
1640,DC By Foot,,,,,United States of America,USD,2,DC By Foot
1641,DC TOURS,,,,,United Kingdom,GBP,2,DC TOURS
1642,De Gustibus Tours,,,,,Italy,EUR,2,De Gustibus Tours
1643,DEPASEO EXPERIENCE,,,,,Spain,EUR,2,DEPASEO EXPERIENCE
1644,Depot Adventures,,,,,Australia,AUD,2,Depot Adventures
1645,Destilería Puerto de Indias,,,,,Spain,EUR,2,Destilería Puerto de Indias
1646,Destination Tours,,,,,Portugal,EUR,2,Destination Tours
1647,Discover Delft,,,,,Netherlands,EUR,2,Discover Delft
1648,"Discoveroasis, Unipessoal Lda.",,,,,Portugal,EUR,2,"Discoveroasis, Unipessoal Lda."
1649,Disneyland Paris,,,,,France,EUR,2,Disneyland Paris
1650,Dolphin Discovery Centre Bunbury,,,,,Australia,AUD,2,Dolphin Discovery Centre Bunbury
1651,Dorino Gite in Barca,,,,,Italy,EUR,2,Dorino Gite in Barca
1652,"DREAM WAVE ALGARVE , LDA",,,,,Portugal,EUR,2,"DREAM WAVE ALGARVE , LDA"
1653,Dubas Copernicus Dorota Sobierajska,,,,,Poland,PLN,2,Dubas Copernicus Dorota Sobierajska
1654,Dunkelkaufhaus Wetzlar e.V.,,,,,Germany,EUR,2,Dunkelkaufhaus Wetzlar e.V.
1655,Eat Seattle,,,,,United States of America,USD,2,Eat Seattle
1656,Echt Köln Stadtführungen,,,,,Germany,EUR,2,Echt Köln Stadtführungen
1657,Eco Boats Amsterdam,,,,,Netherlands,EUR,2,Eco Boats Amsterdam
1658,Eco Calanques,,,,,France,EUR,2,Eco Calanques
1659,EDEIS romanité,,,,,France,EUR,2,EDEIS romanité
1660,Edinburgh Guided Tour,,,,,United Kingdom,EUR,2,Edinburgh Guided Tour
1661,Eirinikos Glassbottom Cruises,,,,,Greece,EUR,2,Eirinikos Glassbottom Cruises
1662,El Capricho de Gaudí,,,,,Spain,EUR,2,El Capricho de Gaudí
1663,Emotions By Lu,,,,,Spain,EUR,2,Emotions By Lu
1664,Empire State Building Observatory,,,,,United States of America,USD,2,Empire State Building Observatory
1665,Enjoy Tapas Madrid,,,,,Spain,EUR,2,Enjoy Tapas Madrid
1666,Epic Ireland Exhibitions Limited,,,,,Ireland,EUR,2,Epic Ireland Exhibitions Limited
1667,Ertur Tourism Transportation,,,,,Turkey,EUR,2,Ertur Tourism Transportation
1668,Escapegoat Adventures,,,,,Australia,AUD,2,Escapegoat Adventures
1669,"Eternal Vibes, lda",,,,,Portugal,EUR,2,"Eternal Vibes, lda"
1670,Etna Urban Winery,,,,,Italy,EUR,2,Etna Urban Winery
1671,Events Barcino SL,,,,,Spain,EUR,2,Events Barcino SL
1672,ExitGames Kaiserslautern,,,,,Germany,EUR,2,ExitGames Kaiserslautern
1673,Experience Lago Maggiore,,,,,Italy,EUR,2,Experience Lago Maggiore
1674,Farsons - The Brewhouse,,,,,Malta,EUR,2,Farsons - The Brewhouse
1675,Fat Tire Bike Tours Berlin,,,,,Germany,EUR,2,Fat Tire Bike Tours Berlin
1676,Feeling Berlenga,,,,,Portugal,EUR,2,Feeling Berlenga
1677,FLAMENCO BARCELONA THEATER CITY HALL,,,,,Spain,EUR,2,FLAMENCO BARCELONA THEATER CITY HALL
1678,"FLAMENCO MALAGA, SL",,,,,Spain,EUR,2,"FLAMENCO MALAGA, SL"
1679,Flamenco Tarantos,,,,,Spain,EUR,2,Flamenco Tarantos
1680,Flarent,,,,,Croatia,EUR,2,Flarent
1681,Fogcutter Tours,,,,,United States of America,USD,2,Fogcutter Tours
1682,Fondue Villa & Garden,,,,,Switzerland,CHF,2,Fondue Villa & Garden
1683,Freedom Elephant Reserve,,,,,Thailand,THB,2,Freedom Elephant Reserve
1684,Freiburg Living History,,,,,Germany,EUR,2,Freiburg Living History
1685,Friendly Travel Nha Trang,,,,,Vietnam,USD,2,Friendly Travel Nha Trang
1686,Frisky Mermaid Dolphin Tours & Boat Rentals,,,,,United States of America,USD,2,Frisky Mermaid Dolphin Tours & Boat Rentals
1687,Fun Amsterdam,,,,,Netherlands,EUR,2,Fun Amsterdam
1688,Fundacio Catalunya La Pedrera (Mon Sant Benet),,,,,Spain,EUR,2,Fundacio Catalunya La Pedrera (Mon Sant Benet)
1689,Funky Iceland,,,,,Iceland,EUR,2,Funky Iceland
1690,Futurist  Games,,,,,Belgium,EUR,2,Futurist  Games
1691,Fábrica Estrella Damm,,,,,Spain,EUR,2,Fábrica Estrella Damm
1692,G'day Adventure Tours,,,,,Australia,AUD,2,G'day Adventure Tours
1693,Gabriel's Ohana,,,,,United States of America,USD,2,Gabriel's Ohana
1694,Gamze Haberal - Dega Cam Atölyesi,,,,,Turkey,EUR,2,Gamze Haberal - Dega Cam Atölyesi
1695,Gastro Power Kft.,,,,,Hungary,EUR,2,Gastro Power Kft.
1696,GATORLAND,,,,,United States of America,USD,2,GATORLAND
1697,GC Active Tour,,,,,Spain,EUR,2,GC Active Tour
1698,Genius Y Meios,,,,,Portugal,EUR,2,Genius Y Meios
1699,GENT-WATERTOERIST BV,,,,,Belgium,EUR,2,GENT-WATERTOERIST BV
1700,Gentle Giants Whale Watching,,,,,Iceland,EUR,2,Gentle Giants Whale Watching
1701,Geographic Algarve,,,,,Portugal,EUR,2,Geographic Algarve
1702,GeoTravel ehf,,,,,Iceland,ISK,2,GeoTravel ehf
1703,GL Tours of Hong Kong Limited,,,,,China,HKD,2,GL Tours of Hong Kong Limited
1704,Glasgow Music City Tours,,,,,United Kingdom,EUR,2,Glasgow Music City Tours
1705,"GlobalTix (Thailand) Co.,ltd.",,,,,Thailand,THB,2,"GlobalTix (Thailand) Co.,ltd."
1706,Go Sea Kayak Byron Bay,,,,,Australia,AUD,2,Go Sea Kayak Byron Bay
1707,Going Blue Ltd,,,,,New Zealand,NZD,2,Going Blue Ltd
1708,Gondola,gondola@musement.com,,,,Italy,EUR,2,gondola@musement.com
1709,"GRANADA EN TUS MANOS, S.L.",,,,,Spain,EUR,2,"GRANADA EN TUS MANOS, S.L."
1710,Grand Canyon Explorer Tours,,,,,United States of America,USD,2,Grand Canyon Explorer Tours
1711,Gray Line Croatia,,,,,Croatia,EUR,2,Gray Line Croatia
1712,Gray Line Slovenia Explorer,,,,,Slovenia,EUR,2,Gray Line Slovenia Explorer
1713,Greekality,,,,,Greece,EUR,2,Greekality
1714,Greenwich Distillery Shop & Tasting Rooms,,,,,United Kingdom,GBP,2,Greenwich Distillery Shop & Tasting Rooms
1715,GS Sardinia soc coop,,,,,Italy,EUR,2,GS Sardinia soc coop
1716,GuiArte Sevilla,,,,,Spain,EUR,2,GuiArte Sevilla
1717,Guida di Colonia Sara,,,,,Germany,EUR,2,Guida di Colonia Sara
1718,Guide Vulcanologiche Etna Nord,,,,,Italy,EUR,2,Guide Vulcanologiche Etna Nord
1719,H & B Tour Conception,,,,,Germany,EUR,2,H & B Tour Conception
1720,Hamburg Citytours GmbH,,,,,Germany,EUR,2,Hamburg Citytours GmbH
1721,Hamburgundmeer,,,,,Germany,EUR,2,Hamburgundmeer
1722,Happy Tours Phuket,,,,,Thailand,THB,2,Happy Tours Phuket
1723,Hartley's Crocodile Adventures,,,,,Australia,AUD,2,Hartley's Crocodile Adventures
1724,Hawaii Glass Bottom Boats,,,,,United States of America,USD,2,Hawaii Glass Bottom Boats
1725,Helicraft,,,,,Canada,CAD,2,Helicraft
1726,HelloWorldTours.com,,,,,Denmark,DKK,2,HelloWorldTours.com
1727,Henri Trip,,,,,France,EUR,2,Henri Trip
1728,Herdade Foz da Represa,,,,,Portugal,EUR,2,Herdade Foz da Represa
1729,Hidden Forest Elephant Reserve,,,,,Thailand,THB,2,Hidden Forest Elephant Reserve
1730,Historium Brugge,,,,,Belgium,EUR,2,Historium Brugge
1731,Hodjapasha,,,,,Turkey,EUR,2,Hodjapasha
1732,"Hollywood Hikes, LLC",,,,,United States of America,USD,2,"Hollywood Hikes, LLC"
1733,Hop On AS,,,,,Norway,EUR,2,Hop On AS
1734,Horse Ride Vinales,,,,,Cuba,EUR,2,Horse Ride Vinales
1735,"Hortensia Herrero, Fundación de la CV",,,,,Spain,EUR,2,"Hortensia Herrero, Fundación de la CV"
1736,Hot Air Balloon,,,,,Australia,EUR,2,Hot Air Balloon
1737,I Love Bergen,,,,,Norway,EUR,2,I Love Bergen
1738,iFLY Indoor Skydiving Ltd,,,,,United Kingdom,GBP,2,iFLY Indoor Skydiving Ltd
1739,Illes Balears Ballooning,,,,,Spain,EUR,2,Illes Balears Ballooning
1740,IMAX Grand Canyon and Visitors Center,,,,,United States of America,USD,2,IMAX Grand Canyon and Visitors Center
1741,Info,info@mostradileonardo.com,,,,Italy,EUR,2,info@mostradileonardo.com
1742,Infobyron,infobyron@letsgosurfing.com.au,,,,Australia,EUR,2,infobyron@letsgosurfing.com.au
1743,Into The Wild Azores Tours,,,,,Portugal,EUR,2,Into The Wild Azores Tours
1744,"ISEA YACHTING, UNIPESSOAL LDA",,,,,Portugal,EUR,2,"ISEA YACHTING, UNIPESSOAL LDA"
1745,Jasper Food Tours,,,,,Canada,CAD,2,Jasper Food Tours
1746,Jeep Tours Ibiza,,,,,Spain,EUR,2,Jeep Tours Ibiza
1747,Jetboat Extreme,,,,,Australia,AUD,2,Jetboat Extreme
1748,Jole Charter SLU,,,,,Spain,EUR,2,Jole Charter SLU
1749,Juki Tours,,,,,Finland,EUR,2,Juki Tours
1750,Jupiter Legend Corporation,,,,,United States of America,USD,2,Jupiter Legend Corporation
1751,Just Escape Your City,,,,,Austria,EUR,2,Just Escape Your City
1752,"Justaiwantour Int. Travel Co., Ltd.",,,,,Taiwan,USD,2,"Justaiwantour Int. Travel Co., Ltd."
1753,kariba travel,,,,,Greece,EUR,2,kariba travel
1754,Karolka Yacht Charter,,,,,Spain,EUR,2,Karolka Yacht Charter
1755,Kee Spa,,,,,Thailand,THB,2,Kee Spa
1756,Kohala Zipline,,,,,United States of America,USD,2,Kohala Zipline
1757,Konexion Tours,,,,,Spain,EUR,2,Konexion Tours
1758,L'Or des valois,,,,,France,EUR,2,L'Or des valois
1759,La Botteghetta,,,,,Italy,EUR,2,La Botteghetta
1760,La Casa de Los Balcones,,,,,Spain,EUR,2,La Casa de Los Balcones
1761,Laledi Tur,,,,,Turkey,EUR,2,Laledi Tur
1762,Las Vegas Walking Tours,,,,,United States of America,USD,2,Las Vegas Walking Tours
1763,Lava Show,,,,,Iceland,ISK,2,Lava Show
1764,Le Clos Corbier,,,,,France,EUR,2,Le Clos Corbier
1765,LEGOLAND Florida,,,,,United States of America,USD,2,LEGOLAND Florida
1766,LEGOLAND New York,,,,,United States of America,USD,2,LEGOLAND New York
1767,Leipzig Food Tours,,,,,Germany,EUR,2,Leipzig Food Tours
1768,Les balades de La Côte Fleurie,,,,,France,EUR,2,Les balades de La Côte Fleurie
1769,Let's Fly,,,,,Spain,EUR,2,Let's Fly
1770,Liberty Fleet of Tall Ships,,,,,United States of America,EUR,2,Liberty Fleet of Tall Ships
1771,Like A Local Tours,,,,,United States of America,USD,2,Like A Local Tours
1772,LIMITLESS EXPERIENCES WORLDWIDE,,,,,Spain,EUR,2,LIMITLESS EXPERIENCES WORLDWIDE
1773,Lisbon ByBoat,,,,,Portugal,EUR,2,Lisbon ByBoat
1774,LivTours,,,,,France,EUR,2,LivTours
1775,Ljubljana Tourism,,,,,Slovenia,EUR,2,Ljubljana Tourism
1776,Lobosonda Madeira whale watching,,,,,Portugal,EUR,2,Lobosonda Madeira whale watching
1777,Local Sauce Tours,,,,,Australia,AUD,2,Local Sauce Tours
1778,Local Travel Planner,,,,,Australia,AUD,2,Local Travel Planner
1779,London,london@fattiretours.com,,,,United Kingdom,EUR,2,london@fattiretours.com
1780,Los Angeles County Museum of Natural History,,,,,United States of America,USD,2,Los Angeles County Museum of Natural History
1781,Los Telares,,,,,Spain,EUR,2,Los Telares
1782,Lowrider Tours,,,,,United States of America,USD,2,Lowrider Tours
1783,Lucky Tuk Tuk Tours San Francisco,,,,,United States of America,USD,2,Lucky Tuk Tuk Tours San Francisco
1784,Luxury Greek Tours,,,,,Greece,EUR,2,Luxury Greek Tours
1785,LÜBECKER MUSEEN,,,,,Germany,EUR,2,LÜBECKER MUSEEN
1786,MADAME BRASSERIE,,,,,France,EUR,2,MADAME BRASSERIE
1787,Marco Bulgarelli,,,,,Italy,EUR,2,Marco Bulgarelli
1788,Marco Fun,,,,,United States of America,USD,2,Marco Fun
1789,Matera City Tour,,,,,Italy,EUR,2,Matera City Tour
1790,Maverick California,,,,,United States of America,USD,2,Maverick California
1791,Medieval Torture Museum,,,,,United States of America,USD,2,Medieval Torture Museum
1792,Menta Valencia,,,,,Spain,EUR,2,Menta Valencia
1793,Mersey Ferries,,,,,United Kingdom,GBP,2,Mersey Ferries
1794,Mexico Tour Freelance,,,,,Mexico,USD,2,Mexico Tour Freelance
1795,Mike's Tours Amsterdam,,,,,Netherlands,EUR,2,Mike's Tours Amsterdam
1796,MIRADOR TORRE GLORIES,,,,,Spain,EUR,2,MIRADOR TORRE GLORIES
1797,Moco Museum,,,,,Netherlands,EUR,2,Moco Museum
1798,MONKEY JET SKI,,,,,Spain,EUR,2,MONKEY JET SKI
1799,Monsieur Bacchus,,,,,France,EUR,2,Monsieur Bacchus
1800,MountainXperience,,,,,United Kingdom,GBP,2,MountainXperience
1801,Mozarthaus Vienna,,,,,Austria,EUR,2,Mozarthaus Vienna
1802,Mr Biker Saigon,,,,,Vietnam,USD,2,Mr Biker Saigon
1803,"Mucha museum, s. r. o.",,,,,Czech Republic,EUR,2,"Mucha museum, s. r. o."
1804,Musement Park Güell / ParqueGuell,,,,,Spain,EUR,2,Musement Park Güell / ParqueGuell
1805,Museo Banksy,,,,,Spain,EUR,2,Museo Banksy
1806,Museo del Baile Flamenco,,,,,Spain,EUR,2,Museo del Baile Flamenco
1807,Musée Unterlinden,,,,,France,EUR,2,Musée Unterlinden
1808,MY VINTAGE TOUR COMPANY,,,,,France,EUR,2,MY VINTAGE TOUR COMPANY
1809,Nashville Experience Tours,,,,,United States of America,USD,2,Nashville Experience Tours
1810,NaTour Way,,,,,Portugal,EUR,2,NaTour Way
1811,Nature Connection Tours,,,,,Portugal,EUR,2,Nature Connection Tours
1812,NDQ Services BV,,,,,Belgium,EUR,2,NDQ Services BV
1813,NelliciousTravels,,,,,Hungary,EUR,2,NelliciousTravels
1814,Nemo Diving Center,,,,,United Arab Emirates,AED,2,Nemo Diving Center
1815,New Orleans Carriages,,,,,United States of America,USD,2,New Orleans Carriages
1816,New York City Photo Safari,,,,,United States of America,USD,2,New York City Photo Safari
1817,Newcastle Tour Company,,,,,United Kingdom,GBP,2,Newcastle Tour Company
1818,Niagara Falls Adventures,,,,,United States of America,USD,2,Niagara Falls Adventures
1819,Nice Car,,,,,France,EUR,2,Nice Car
1820,Nice City Tour,,,,,France,EUR,2,Nice City Tour
1821,NITETABLES INC,,,,,United States of America,USD,2,NITETABLES INC
1822,Nobles Marine Tour,,,,,Oman,OMR,2,Nobles Marine Tour
1823,North Coast Watersports,,,,,United Kingdom,GBP,2,North Coast Watersports
1824,Northern Horizon,,,,,Norway,NOK,2,Northern Horizon
1825,Nostalgic Today,,,,,Cuba,EUR,2,Nostalgic Today
1826,Nostalgietour,,,,,Germany,EUR,2,Nostalgietour
1827,Oasis Ocean 7,,,,,The Bahamas,USD,2,Oasis Ocean 7
1828,Ocean Free & Ocean Freedom - Cairns Premier Reef & Island Tours,,,,,Australia,EUR,2,Ocean Free & Ocean Freedom - Cairns Premier Reef & Island Tours
1829,Ocean Jet Ski & Boat,,,,,Spain,EUR,2,Ocean Jet Ski & Boat
1830,Offshore Adventures,,,,,South Africa,ZAR,2,Offshore Adventures
1831,Once Upon a Whisky,,,,,United Kingdom,GBP,2,Once Upon a Whisky
1832,Ondas D'Ângelo,,,,,Portugal,EUR,2,Ondas D'Ângelo
1833,One Day Tours,,,,,United States of America,USD,2,One Day Tours
1834,ONTDEK CORDOBA,,,,,Spain,EUR,2,ONTDEK CORDOBA
1835,ontur,,,,,Spain,EUR,2,ontur
1836,Orsay Musement,,,,,France,EUR,2,Orsay Musement
1837,OSTRICH Eventagentur GmbH,,,,,Austria,EUR,2,OSTRICH Eventagentur GmbH
1838,Outback Ballooning Alice Springs,,,,,Australia,AUD,2,Outback Ballooning Alice Springs
1839,OUTdoor Slovenia,,,,,Slovenia,EUR,2,OUTdoor Slovenia
1840,Outside Escape,,,,,Netherlands,EUR,2,Outside Escape
1841,Palati a Spasso S.r.l,,,,,Italy,EUR,2,Palati a Spasso S.r.l
1842,PALMAYACHTS LDA,,,,,Portugal,EUR,2,PALMAYACHTS LDA
1843,"Pandan Tour Co., Ltd.",,,,,Thailand,THB,2,"Pandan Tour Co., Ltd."
1844,Paradise Breeze Co. Ltd,,,,,The Bahamas,USD,2,Paradise Breeze Co. Ltd
1845,Paragliding Interlaken GmbH,,,,,Switzerland,EUR,2,Paragliding Interlaken GmbH
1846,Paris Authentic,,,,,France,EUR,2,Paris Authentic
1847,Paris Balade,,,,,France,EUR,2,Paris Balade
1848,Paris je t'aime office de tourisme,,,,,France,EUR,2,Paris je t'aime office de tourisme
1849,Party Provider s.r.o,,,,,Czech Republic,CZK,2,Party Provider s.r.o
1850,"Paseando por Europa, S.L.",,,,,Spain,EUR,2,"Paseando por Europa, S.L."
1851,PAVEL TRAVEL PAWEL ROSOL,,,,,Poland,PLN,2,PAVEL TRAVEL PAWEL ROSOL
1852,Pictrip Ltd,,,,,Greece,GBP,2,Pictrip Ltd
1853,Picture Me Sydney,,,,,Australia,AUD,2,Picture Me Sydney
1854,PILATUS-BAHNEN AG,,,,,Switzerland,EUR,2,PILATUS-BAHNEN AG
1855,pioneer adventures,,,,,Australia,AUD,2,pioneer adventures
1856,Piratas de Nabia Naviera,,,,,Spain,EUR,2,Piratas de Nabia Naviera
1857,Pirates of the Quarter Tours,,,,,United States of America,USD,2,Pirates of the Quarter Tours
1858,Poble Espanyol,,,,,Spain,EUR,2,Poble Espanyol
1859,Polar Adventures,,,,,Norway,NOK,2,Polar Adventures
1860,Port Olimpic Calanova S.L.,,,,,Spain,EUR,2,Port Olimpic Calanova S.L.
1861,Porto Santo Tours,,,,,Portugal,EUR,2,Porto Santo Tours
1862,Portugallium,,,,,Portugal,EUR,2,Portugallium
1863,"Prex Co.,Ltd",,,,,Japan,JPY,2,"Prex Co.,Ltd"
1864,Puglia dei Trulli,,,,,Italy,EUR,2,Puglia dei Trulli
1865,Pula Bike | BIKE TOURS & RENTAL,,,,,Croatia,EUR,2,Pula Bike | BIKE TOURS & RENTAL
1866,PULA BOAT TOURS-ADVENTURES,,,,,Croatia,EUR,2,PULA BOAT TOURS-ADVENTURES
1867,Pure Milford,,,,,New Zealand,NZD,2,Pure Milford
1868,Queen Tour Niagara Falls Tours,,,,,Canada,CAD,2,Queen Tour Niagara Falls Tours
1869,REAL MADRID C.F.,,,,,Spain,EUR,2,REAL MADRID C.F.
1870,Rederij Schuttevaer,,,,,Netherlands,EUR,2,Rederij Schuttevaer
1871,Reederei Meine Fähre GmbH,,,,,Germany,EUR,2,Reederei Meine Fähre GmbH
1872,Rhine Valley Sightseeing Tours,,,,,France,EUR,2,Rhine Valley Sightseeing Tours
1873,Rib Stockholm,,,,,Sweden,SEK,2,Rib Stockholm
1874,Riding Dinner OG,,,,,Austria,EUR,2,Riding Dinner OG
1875,River Bene,,,,,Netherlands,EUR,2,River Bene
1876,Rock That Boat,,,,,Netherlands,EUR,2,Rock That Boat
1877,rostock exklusiv Anne Kirchmann,,,,,Germany,EUR,2,rostock exklusiv Anne Kirchmann
1878,Rotorua Duck Tours Ltd,,,,,New Zealand,EUR,2,Rotorua Duck Tours Ltd
1879,rotterdamexplore,,,,,Netherlands,EUR,2,rotterdamexplore
1880,"Royal Mariblue Co.,Ltd.",,,,,Thailand,THB,2,"Royal Mariblue Co.,Ltd."
1881,Royal Marine,,,,,Portugal,EUR,2,Royal Marine
1882,SAFARI EXPERTS CRETE,,,,,Greece,EUR,2,SAFARI EXPERTS CRETE
1883,Sagrada Família,,,,,Spain,EUR,2,Sagrada Família
1884,Salzburg Sightseeing Tours,,,,,Austria,EUR,2,Salzburg Sightseeing Tours
1885,Salzburg Stadt Schiff-Fahrt GmbH & Co.KG,,,,,Austria,EUR,2,Salzburg Stadt Schiff-Fahrt GmbH & Co.KG
1886,San Diego Zoo,,,,,United States of America,USD,2,San Diego Zoo
1887,Santorini Island Tour P.C.,,,,,Greece,EUR,2,Santorini Island Tour P.C.
1888,Sardinia Natural Park Tours,,,,,Italy,EUR,2,Sardinia Natural Park Tours
1889,SARL REEF DISCOVERY,,,,,French Polynesia,EUR,2,SARL REEF DISCOVERY
1890,Savannah Bike Tours,,,,,United States of America,USD,2,Savannah Bike Tours
1891,Sawgrass Recreation Park,,,,,United States of America,USD,2,Sawgrass Recreation Park
1892,Scandinavianguides APS,,,,,Denmark,EUR,2,Scandinavianguides APS
1893,Schlumberg Kellerwelten,,,,,Austria,EUR,2,Schlumberg Kellerwelten
1894,Scooter & Quad Boa Vista Lda,,,,,Cape Verde,EUR,2,Scooter & Quad Boa Vista Lda
1895,Scottish Routes,,,,,United Kingdom,GBP,2,Scottish Routes
1896,Sea Saffron SL,,,,,Spain,EUR,2,Sea Saffron SL
1897,Sea4FunMadeira,,,,,Portugal,EUR,2,Sea4FunMadeira
1898,Seattle's Tall Ship LLC,,,,,United States of America,USD,2,Seattle's Tall Ship LLC
1899,secret chamber tours ltd,,,,,United Kingdom,GBP,2,secret chamber tours ltd
1900,SEE DUBAI TOURS,,,,,United Arab Emirates,EUR,2,SEE DUBAI TOURS
1901,See London By Night,,,,,United Kingdom,GBP,2,See London By Night
1902,See My Dresden,,,,,Germany,EUR,2,See My Dresden
1903,SEEUSA LLC,,,,,United States of America,USD,2,SEEUSA LLC
1904,SEG-CITY Dresden/ Stadtführungen mit dem Segway,,,,,Germany,EUR,2,SEG-CITY Dresden/ Stadtführungen mit dem Segway
1905,SEGWAY CRUISE COPENHAGEN,,,,,Denmark,EUR,2,SEGWAY CRUISE COPENHAGEN
1906,Segway Málaga Tours,,,,,Spain,EUR,2,Segway Málaga Tours
1907,SERENISSIMA MOTOSCAFI SRL,,,,,Italy,EUR,2,SERENISSIMA MOTOSCAFI SRL
1908,SERVICIOS ARTÍSTICOS AGP S.L.,,,,,Spain,EUR,2,SERVICIOS ARTÍSTICOS AGP S.L.
1909,SHADES TOURS,,,,,Austria,EUR,2,SHADES TOURS
1910,Shiverpool,,,,,United Kingdom,GBP,2,Shiverpool
1911,Sigmund Freud Museum,,,,,Austria,EUR,2,Sigmund Freud Museum
1912,SmartRyde,,,,,Japan,USD,2,SmartRyde
1913,Smidtje Canal Cruises,,,,,Netherlands,EUR,2,Smidtje Canal Cruises
1914,Solebike,,,,,Greece,EUR,2,Solebike
1915,Specialty Tours Ltd,,,,,Greece,EUR,2,Specialty Tours Ltd
1916,Spectral City Tours,,,,,United States of America,USD,2,Spectral City Tours
1917,Spoon,,,,,Puerto Rico,USD,2,Spoon
1918,Spotin Tours,,,,,Puerto Rico,EUR,2,Spotin Tours
1919,StadioDomiziano,,,,,Italy,EUR,2,StadioDomiziano
1920,Stillgarden Distillery,,,,,Ireland,EUR,2,Stillgarden Distillery
1921,Stromma,,,,,Germany,EUR,2,Stromma
1922,SUMMIT One Vanderbilt,,,,,United States of America,USD,2,SUMMIT One Vanderbilt
1923,Sunfos Alessia Yachting,,,,,Greece,EUR,2,Sunfos Alessia Yachting
1924,SUPA - Sea Adventures,,,,,Portugal,EUR,2,SUPA - Sea Adventures
1925,Supreme Concerts Management GmbH,,,,,Austria,EUR,2,Supreme Concerts Management GmbH
1926,Suzart Tour,,,,,Germany,EUR,2,Suzart Tour
1927,Sydney HeliTours,,,,,Australia,AUD,2,Sydney HeliTours
1928,TABLAO DE CARMEN,,,,,Spain,EUR,2,TABLAO DE CARMEN
1929,"Tap Tap Tours & Transportation, LLC",,,,,United States of America,USD,2,"Tap Tap Tours & Transportation, LLC"
1930,Taste Vancouver Food Tours,,,,,Canada,CAD,2,Taste Vancouver Food Tours
1931,Taste Vodka Kraków Garion Bracken James Coyle s.c,,,,,Poland,PLN,2,Taste Vodka Kraków Garion Bracken James Coyle s.c
1932,Tate Gallery,,,,,United Kingdom,GBP,2,Tate Gallery
1933,Taxiberia Spain S.L.,,,,,Spain,EUR,2,Taxiberia Spain S.L.
1934,TeamEscape Düsseldorf,,,,,Germany,EUR,2,TeamEscape Düsseldorf
1935,Technik Museen Sinsheim Speyer,,,,,Germany,EUR,2,Technik Museen Sinsheim Speyer
1936,Telecabine Lisboa,,,,,Portugal,EUR,2,Telecabine Lisboa
1937,Terre di Perseto Az. Agricola,,,,,Italy,EUR,2,Terre di Perseto Az. Agricola
1938,Terre Ugo,,,,,France,EUR,2,Terre Ugo
1939,Tesoro di San Gennaro,,,,,Italy,EUR,2,Tesoro di San Gennaro
1940,"Thai Long Stay Management ( Phuket) Co., Ltd.",,,,,Thailand,THB,2,"Thai Long Stay Management ( Phuket) Co., Ltd."
1941,The Barcelona Feeling,,,,,Spain,EUR,2,The Barcelona Feeling
1942,The Club Pass Limited,,,,,United Kingdom,GBP,2,The Club Pass Limited
1943,The Dive Centre LTd,,,,,Malta,EUR,2,The Dive Centre LTd
1944,The Happy Vans,,,,,Spain,EUR,2,The Happy Vans
1945,The Original Experience Company a.s.,,,,,Czech Republic,CZK,2,The Original Experience Company a.s.
1946,The Scotch Whisky Experience,,,,,United Kingdom,GBP,2,The Scotch Whisky Experience
1947,The STRAT Hotel and Casino,,,,,United States of America,USD,2,The STRAT Hotel and Casino
1948,The Tropics Boat Tours,,,,,United States of America,USD,2,The Tropics Boat Tours
1949,The View from The Shard,,,,,United Kingdom,GBP,2,The View from The Shard
1950,TheRomanGuy,,,,,Italy,EUR,2,TheRomanGuy
1951,Ticketpipe Limited,,,,,United Kingdom,GBP,2,Ticketpipe Limited
1952,TimeRide GmbH - Frankfurt,,,,,Germany,EUR,2,TimeRide GmbH - Frankfurt
1953,Top China Travel,,,,,China,EUR,2,Top China Travel
1954,TopBike Rental & Tours,,,,,Italy,EUR,2,TopBike Rental & Tours
1955,Tour Charleston LLC,,,,,United States of America,USD,2,Tour Charleston LLC
1956,Tour Guide-Siem Reap,,,,,Cambodia,USD,2,Tour Guide-Siem Reap
1957,"Tour Rina Co., Ltd.",,,,,Thailand,THB,2,"Tour Rina Co., Ltd."
1958,Touristcheck - Fund Mapfre BCN,,,,,Spain,EUR,2,Touristcheck - Fund Mapfre BCN
1959,Touristcheck - Golondrinas,,,,,Spain,EUR,2,Touristcheck - Golondrinas
1960,Tours and The City,,,,,Italy,EUR,2,Tours and The City
1961,Tours In Mykonos (TIM),,,,,Greece,EUR,2,Tours In Mykonos (TIM)
1962,Tours Voir Québec inc,,,,,Canada,CAD,2,Tours Voir Québec inc
1963,TRANSPORTS METROPOLITANS DE BARCELONA,,,,,Spain,EUR,2,TRANSPORTS METROPOLITANS DE BARCELONA
1964,Travel Kutaisi Ltd.,,,,,Georgia,EUR,2,Travel Kutaisi Ltd.
1965,Trekking Hellas Lefkada,,,,,Greece,EUR,2,Trekking Hellas Lefkada
1966,Trendy Group Malta limited,,,,,Malta,EUR,2,Trendy Group Malta limited
1967,Trollcruise AS,,,,,Norway,NOK,2,Trollcruise AS
1968,Trysil Hestesenter,,,,,Norway,EUR,2,Trysil Hestesenter
1969,TUI China Travel Co. Ltd.,,,,,China,USD,2,TUI China Travel Co. Ltd.
1970,Turismo Torino e Provincia s.c.r.l.,,,,,Italy,EUR,2,Turismo Torino e Provincia s.c.r.l.
1971,Tweed Eco Cruises,,,,,Australia,AUD,2,Tweed Eco Cruises
1972,Ultimate Party Pub Crawls,,,,,Netherlands,EUR,2,Ultimate Party Pub Crawls
1973,Universalmuseum Joanneum,,,,,Austria,EUR,2,Universalmuseum Joanneum
1974,UniversalOrlandoB,,,,,United States of America,USD,2,UniversalOrlandoB
1975,Unplanned Detours SpA,,,,,Chile,USD,2,Unplanned Detours SpA
1976,Urban AdvenTours,,,,,United States of America,USD,2,Urban AdvenTours
1977,Vademecum Sicilia & Co Srl.,,,,,Italy,EUR,2,Vademecum Sicilia & Co Srl.
1978,Vancouver Foodie Tours,,,,,Canada,CAD,2,Vancouver Foodie Tours
1979,"Vela Brilhante, Lda.",,,,,Portugal,EUR,2,"Vela Brilhante, Lda."
1980,Vereinigte Bühnen Wien GmbH,,,,,Austria,EUR,2,Vereinigte Bühnen Wien GmbH
1981,VESUVIO DRIVE SRLS,,,,,Italy,EUR,2,VESUVIO DRIVE SRLS
1982,Vienna Explorer - Tours & Day Trips,,,,,Austria,EUR,2,Vienna Explorer - Tours & Day Trips
1983,Vietnam TravelMART,,,,,Vietnam,USD,2,Vietnam TravelMART
1984,Visit Abisko,,,,,Sweden,SEK,2,Visit Abisko
1985,Visit Norfolk,,,,,United States of America,USD,2,Visit Norfolk
1986,Visitare Granada,,,,,Spain,EUR,2,Visitare Granada
1987,visitBerlin,,,,,Germany,EUR,2,visitBerlin
1988,Viva (Blackpool) Group Ltd,,,,,United Kingdom,GBP,2,Viva (Blackpool) Group Ltd
1989,VOX MILANO PASS S.R.L.,,,,,Italy,EUR,2,VOX MILANO PASS S.R.L.
1990,VPG VIENNA PASS GMBH,,,,,Austria,EUR,2,VPG VIENNA PASS GMBH
1991,Walks Inside Rome,,,,,Italy,EUR,2,Walks Inside Rome
1992,Wandering Heart Adventures,,,,,United States of America,USD,2,Wandering Heart Adventures
1993,wanderlust mallorca sl,,,,,Spain,EUR,2,wanderlust mallorca sl
1994,Warner Bros. Studio Tour Hollywood,,,,,United States of America,USD,2,Warner Bros. Studio Tour Hollywood
1995,Water4fun,,,,,Portugal,EUR,2,Water4fun
1996,Welo,,,,,Switzerland,CHF,2,Welo
1997,Wetlands Safari,,,,,Netherlands,EUR,2,Wetlands Safari
1998,Whale Watching Akureyri,,,,,Iceland,EUR,2,Whale Watching Akureyri
1999,Wild Horizons Table Mountain Adventures,,,,,South Africa,ZAR,2,Wild Horizons Table Mountain Adventures
2000,Wild Tasmania Tours,,,,,Australia,AUD,2,Wild Tasmania Tours
2001,Wild West Horseback Adventures,,,,,United States of America,USD,2,Wild West Horseback Adventures
2002,Willie Creek Pearls,,,,,Australia,AUD,2,Willie Creek Pearls
2003,Wine Tours Madeira,,,,,Portugal,EUR,2,Wine Tours Madeira
2004,WONDR Experience,,,,,Netherlands,EUR,2,WONDR Experience
2005,Woodinville Wine Country,,,,,United States of America,USD,2,Woodinville Wine Country
2006,World 2 Meet Travel,,,,,Morocco,EUR,2,World 2 Meet Travel
2007,WORLD HOLIDAY TRAVEL AND TOURS,,,,,Philippines,EUR,2,WORLD HOLIDAY TRAVEL AND TOURS
2008,WOUTER VERCRUYSSE - Gids in rome,,,,,Italy,EUR,2,WOUTER VERCRUYSSE - Gids in rome
2009,YACHTS DE PARIS,,,,,France,EUR,2,YACHTS DE PARIS
2010,Yorktour,,,,,United Kingdom,GBP,2,Yorktour
2011,Your Tour Time,,,,,United States of America,USD,2,Your Tour Time
2012,Zaan Tours,,,,,Netherlands,EUR,2,Zaan Tours
2013,Zadar Boat Tour,,,,,Croatia,EUR,2,Zadar Boat Tour
2014,Zimmermann Touristik KG,,,,,Germany,EUR,2,Zimmermann Touristik KG
2015,Ziptrek Ecotours Whistler,,,,,Canada,CAD,2,Ziptrek Ecotours Whistler
2016,ZooTampa  at Lowry Park,,,,,United States of America,USD,2,ZooTampa  at Lowry Park
2017,Zürich Tourismus,,,,,Switzerland,CHF,2,Zürich Tourismus
2018,"""Schwerin Plus"" Touristik - Service GmbH",,,,,Germany,EUR,1,"""Schwerin Plus"" Touristik - Service GmbH"
2019,360 Chicago,,,,,United States of America,USD,1,360 Chicago
2020,360 Haarlem Tours,,,,,Netherlands,EUR,1,360 Haarlem Tours
2021,360 Tourism Marketing Services SL,,,,,Spain,EUR,1,360 Tourism Marketing Services SL
2022,"4 YOU BARCELONA, S.L.",,,,,Spain,EUR,1,"4 YOU BARCELONA, S.L."
2023,6S ENTERTAINMENT CZ s.r.o.,,,,,Czech Republic,CZK,1,6S ENTERTAINMENT CZ s.r.o.
2024,6S Entertainment Romania SRL,,,,,Romania,EUR,1,6S Entertainment Romania SRL
2025,a punto centro cultural del gusto,,,,,Spain,EUR,1,a punto centro cultural del gusto
2026,A SPASSO A DUBLINO MONTILLO MASSIMILIANO,,,,,Ireland,EUR,1,A SPASSO A DUBLINO MONTILLO MASSIMILIANO
2027,A.R. Tour srl,,,,,Italy,EUR,1,A.R. Tour srl
2028,ABBA Voyage,,,,,United Kingdom,GBP,1,ABBA Voyage
2029,Abbaye Royale de Fontevraud,,,,,France,EUR,1,Abbaye Royale de Fontevraud
2030,Abroads tours srl,,,,,Italy,EUR,1,Abroads tours srl
2031,Adelaide Oval,,,,,Australia,EUR,1,Adelaide Oval
2032,Aditus,,,,,Italy,EUR,1,Aditus
2033,Aerophile S.A.S,,,,,France,EUR,1,Aerophile S.A.S
2034,Aerospace Bristol,,,,,United Kingdom,GBP,1,Aerospace Bristol
2035,AG Zoologischer Garten Köln,,,,,Germany,EUR,1,AG Zoologischer Garten Köln
2036,AGAFAY CAYENNE EXPERIENCE,,,,,Morocco,EUR,1,AGAFAY CAYENNE EXPERIENCE
2037,Ah! Amalia,,,,,Portugal,EUR,1,Ah! Amalia
2038,Airboat Adventures,,,,,United States of America,USD,1,Airboat Adventures
2039,airboat rides miami,,,,,United States of America,USD,1,airboat rides miami
2040,AIRBORNE MUSEUM,,,,,France,EUR,1,AIRBORNE MUSEUM
2041,Albertina,,,,,Austria,EUR,1,Albertina
2042,Algarve Beauties,,,,,Portugal,EUR,1,Algarve Beauties
2043,Algarve Boat,,,,,Portugal,EUR,1,Algarve Boat
2044,Algarve discovery,,,,,Portugal,EUR,1,Algarve discovery
2045,All Pacific Travel Concept - APTC,,,,,Australia,AUD,1,All Pacific Travel Concept - APTC
2046,ALL SEVILLA TOURS SLNE,,,,,Spain,EUR,1,ALL SEVILLA TOURS SLNE
2047,AlpinAir Paragliding GmbH,,,,,Switzerland,CHF,1,AlpinAir Paragliding GmbH
2048,Altbier Agentur Eberhard Fischer e.K,,,,,Germany,EUR,1,Altbier Agentur Eberhard Fischer e.K
2049,Althermedia,,,,,Poland,EUR,1,Althermedia
2050,Altieri Viaggi,,,,,Italy,EUR,1,Altieri Viaggi
2051,Alumni Tours,,,,,United Kingdom,GBP,1,Alumni Tours
2052,ALUN EVANS,,,,,Germany,EUR,1,ALUN EVANS
2053,AMAZE Amsterdam,,,,,Netherlands,EUR,1,AMAZE Amsterdam
2054,Ammilos Cooking Experience,,,,,Greece,EUR,1,Ammilos Cooking Experience
2055,Ammochostos Motor Museum,,,,,Cyprus,EUR,1,Ammochostos Motor Museum
2056,Amsterdam Experiences,,,,,Netherlands,EUR,1,Amsterdam Experiences
2057,Amsterdam Magic Show,,,,,Netherlands,EUR,1,Amsterdam Magic Show
2058,Amsterdam Party Tour,,,,,Netherlands,EUR,1,Amsterdam Party Tour
2059,ANADOLU BALONCULUK HAVACILIK TURİZİM REKLAMCILIK DANIŞMANLIK LTD. ŞTİ,,,,,Turkey,USD,1,ANADOLU BALONCULUK HAVACILIK TURİZİM REKLAMCILIK DANIŞMANLIK LTD. ŞTİ
2060,Angry Birds Activity Park,,,,,Spain,EUR,1,Angry Birds Activity Park
2061,Antalya Sand Sculpture Museum,,,,,Turkey,EUR,1,Antalya Sand Sculpture Museum
2062,Apassionata World GmbH,,,,,Germany,EUR,1,Apassionata World GmbH
2063,Aperture Tours,,,,,France,EUR,1,Aperture Tours
2064,Apfelweingalerie Frankfurt,,,,,Germany,EUR,1,Apfelweingalerie Frankfurt
2065,Aphrodite I Cruises,,,,,Cyprus,EUR,1,Aphrodite I Cruises
2066,"Aqua Açores, Lda",,,,,Portugal,EUR,1,"Aqua Açores, Lda"
2067,Aquaduck Sunshine Coast,,,,,Australia,AUD,1,Aquaduck Sunshine Coast
2068,AQUARIUM DE PARIS,,,,,France,EUR,1,AQUARIUM DE PARIS
2069,Aquarium of the Bay,,,,,United States of America,USD,1,Aquarium of the Bay
2070,Aquarium of the Pacific,,,,,United States of America,USD,1,Aquarium of the Pacific
2071,Archery Land,,,,,Japan,JPY,1,Archery Land
2072,Art with me! e.U.,,,,,Austria,EUR,1,Art with me! e.U.
2073,Art Zoo Museum,,,,,Netherlands,EUR,1,Art Zoo Museum
2074,Artefice Atelier,,,,,Italy,EUR,1,Artefice Atelier
2075,ARTICKET BCN,,,,,Spain,EUR,1,ARTICKET BCN
2076,Arts & Sciences Exhibitions and Publishing GmbH,,,,,Germany,EUR,1,Arts & Sciences Exhibitions and Publishing GmbH
2077,Ashàra Etna & Stromboli Guides,,,,,Italy,EUR,1,Ashàra Etna & Stromboli Guides
2078,asisi Panorama Berlin,,,,,Germany,EUR,1,asisi Panorama Berlin
2079,Asotom wines,,,,,Italy,EUR,1,Asotom wines
2080,ASPIRIO Karolina Rucinska,,,,,Poland,EUR,1,ASPIRIO Karolina Rucinska
2081,Astiki Mi Kerdoskopiki Etaireia Marathonios Rodou M.K.O,,,,,Greece,EUR,1,Astiki Mi Kerdoskopiki Etaireia Marathonios Rodou M.K.O
2082,ATG Alster-Touristik GmbH,,,,,Germany,EUR,1,ATG Alster-Touristik GmbH
2083,Athens Cosmos,,,,,Greece,EUR,1,Athens Cosmos
2084,Attractie- en Vakantiepark Slagharen B.V.,,,,,Netherlands,EUR,1,Attractie- en Vakantiepark Slagharen B.V.
2085,Aura Travel,,,,,Italy,EUR,1,Aura Travel
2086,Australian Reptile Park,,,,,Australia,AUD,1,Australian Reptile Park
2087,Autoworld Brussels,,,,,Belgium,EUR,1,Autoworld Brussels
2088,Az.Agr. La Lastra,,,,,Italy,EUR,1,Az.Agr. La Lastra
2089,Azienda Agricola Ledà d'Ittiri,,,,,Italy,EUR,1,Azienda Agricola Ledà d'Ittiri
2090,AZUR WINE TOURS,,,,,France,EUR,1,AZUR WINE TOURS
2091,BaluBo Erlebnistouren,,,,,Germany,EUR,1,BaluBo Erlebnistouren
2092,BANDWANGO ZANTE,,,,,Greece,EUR,1,BANDWANGO ZANTE
2093,Banksy Museum,,,,,United States of America,USD,1,Banksy Museum
2094,Banksy Museum BV,,,,,Netherlands,EUR,1,Banksy Museum BV
2095,Barcelona Day Trip,,,,,Spain,EUR,1,Barcelona Day Trip
2096,BARKASSENBETRIEB BÜLOW GMBH,,,,,Germany,EUR,1,BARKASSENBETRIEB BÜLOW GMBH
2097,BAT4ALL,,,,,Spain,EUR,1,BAT4ALL
2098,Battleship IOWA Museum,,,,,United States of America,USD,1,Battleship IOWA Museum
2099,Bc. Štěpánka Pencová,,,,,Czech Republic,EUR,1,Bc. Štěpánka Pencová
2100,Bcnnight Touristcheck,bcnnight.touristcheck@gmail.com,,,,Spain,EUR,1,bcnnight.touristcheck@gmail.com
2101,"BECKY COMÉRCIO GERAL, SOCIEDADE UNIPESSOAL LDA",,,,,Cape Verde,EUR,1,"BECKY COMÉRCIO GERAL, SOCIEDADE UNIPESSOAL LDA"
2102,Belgian Beer World Experience,,,,,Belgium,EUR,1,Belgian Beer World Experience
2103,Benaur LLC - Medieval Torture Museum,,,,,United States of America,USD,1,Benaur LLC - Medieval Torture Museum
2104,Benefit Busines Solutions Ltd,,,,,United Kingdom,GBP,1,Benefit Busines Solutions Ltd
2105,Bergisel Betriebsgesellschaft m.b.H,,,,,Austria,EUR,1,Bergisel Betriebsgesellschaft m.b.H
2106,Berlin Simulator,,,,,Germany,EUR,1,Berlin Simulator
2107,Berlinische Galerie,,,,,Germany,EUR,1,Berlinische Galerie
2108,BESONDERE ORTE Umweltforum Berlin GmbH,,,,,Germany,EUR,1,BESONDERE ORTE Umweltforum Berlin GmbH
2109,Bike Around Tour,,,,,Singapore,SGD,1,Bike Around Tour
2110,Biking Vigo,,,,,Spain,EUR,1,Biking Vigo
2111,Birchys Berlin Tours,,,,,Germany,EUR,1,Birchys Berlin Tours
2112,Bird Kingdom,,,,,Canada,CAD,1,Bird Kingdom
2113,Birdworld Kuranda,,,,,Australia,AUD,1,Birdworld Kuranda
2114,Birrificio Valdarno Superiore srl,,,,,Italy,EUR,1,Birrificio Valdarno Superiore srl
2115,Blind Durch Hamburg,,,,,Germany,EUR,1,Blind Durch Hamburg
2116,BlueSea Charter by Oltremare Charter,,,,,Italy,EUR,1,BlueSea Charter by Oltremare Charter
2117,BNN Sp. z o.o.,,,,,Poland,EUR,1,BNN Sp. z o.o.
2118,boat tour di alberto salvo,,,,,Italy,EUR,1,boat tour di alberto salvo
2119,Boat&Bike,,,,,Poland,PLN,1,Boat&Bike
2120,Boat2go,,,,,Italy,EUR,1,Boat2go
2121,Bobbejaanland BVBA,,,,,Belgium,EUR,1,Bobbejaanland BVBA
2122,Boddy,,,,,Netherlands,EUR,1,Boddy
2123,Bodegas Ferrera,,,,,Spain,EUR,1,Bodegas Ferrera
2124,Bolhas Tours,,,,,Portugal,EUR,1,Bolhas Tours
2125,BOLOGNA.WINE,,,,,Italy,EUR,1,BOLOGNA.WINE
2126,Bonorong Wildlife Sanctuary,,,,,Australia,AUD,1,Bonorong Wildlife Sanctuary
2127,Bordeaux So You,,,,,France,EUR,1,Bordeaux So You
2128,Boston Crawling,,,,,United States of America,USD,1,Boston Crawling
2129,Bottle Distillery,,,,,Netherlands,EUR,1,Bottle Distillery
2130,Bratislava Pass,,,,,Slovakia,EUR,1,Bratislava Pass
2131,Brew Bus Amsterdam B.V.,,,,,Netherlands,EUR,1,Brew Bus Amsterdam B.V.
2132,Britannia Mine Museum,,,,,Canada,CAD,1,Britannia Mine Museum
2133,Broken Bay Pearl Farm,,,,,Australia,AUD,1,Broken Bay Pearl Farm
2134,Brussels Waffle Workshop,,,,,Belgium,EUR,1,Brussels Waffle Workshop
2135,Budapest Private Tour,,,,,Hungary,EUR,1,Budapest Private Tour
2136,BV. Borussia 09 e.V. Dortmund / BORUSSEUM,,,,,Germany,EUR,1,BV. Borussia 09 e.V. Dortmund / BORUSSEUM
2137,"B´Sport, Lda",,,,,Portugal,EUR,1,"B´Sport, Lda"
2138,CA BEST TOUR Prague,,,,,Czech Republic,EUR,1,CA BEST TOUR Prague
2139,Cabo de Gata Activo,,,,,Spain,EUR,1,Cabo de Gata Activo
2140,CaboActivo S.L.,,,,,Spain,EUR,1,CaboActivo S.L.
2141,Cais do Fado,,,,,Portugal,EUR,1,Cais do Fado
2142,California Academy of Sciences,,,,,United States of America,USD,1,California Academy of Sciences
2143,campania>artecard,,,,,Italy,EUR,1,campania>artecard
2144,CanaryCleta Bike Tour,,,,,Spain,EUR,1,CanaryCleta Bike Tour
2145,Candbikebangkoktours,,,,,Thailand,THB,1,Candbikebangkoktours
2146,Capilano Suspension Bridge,,,,,Canada,CAD,1,Capilano Suspension Bridge
2147,Carrières des Lumières,,,,,France,EUR,1,Carrières des Lumières
2148,Casa Milan,,,,,Italy,EUR,1,Casa Milan
2149,Castellitx Agrícola SAT,,,,,Spain,EUR,1,Castellitx Agrícola SAT
2150,Cayman Travel,,,,,Czech Republic,EUR,1,Cayman Travel
2151,Central Florida Zoo & Botanical Gardens,,,,,United States of America,USD,1,Central Florida Zoo & Botanical Gardens
2152,Centro Cultural Flamenco Madrid,,,,,Spain,EUR,1,Centro Cultural Flamenco Madrid
2153,CEV Events GmbH,,,,,Austria,EUR,1,CEV Events GmbH
2154,Chao Phraya Tourist Boat,,,,,Thailand,THB,1,Chao Phraya Tourist Boat
2155,Chaplin's World - By Grevin SA,,,,,Switzerland,EUR,1,Chaplin's World - By Grevin SA
2156,Charleston Old Walled City Tours,,,,,United States of America,USD,1,Charleston Old Walled City Tours
2157,CHATEAU REAUT,,,,,France,EUR,1,CHATEAU REAUT
2158,Chateau Royal d'Amboise,,,,,France,EUR,1,Chateau Royal d'Amboise
2159,Chelsea FC Stadium Tours and Museum,,,,,United Kingdom,EUR,1,Chelsea FC Stadium Tours and Museum
2160,chengxintaxi bedrijf,,,,,Netherlands,EUR,1,chengxintaxi bedrijf
2161,Chicago Museum Tours,,,,,United States of America,USD,1,Chicago Museum Tours
2162,Chocolate Experience GmbH,,,,,Austria,EUR,1,Chocolate Experience GmbH
2163,Chopin Point Warsaw,,,,,Poland,EUR,1,Chopin Point Warsaw
2164,Christ Church Cathedral Dublin,,,,,Ireland,EUR,1,Christ Church Cathedral Dublin
2165,Christopher Street Tours,,,,,United States of America,USD,1,Christopher Street Tours
2166,Château de Chenonceau,,,,,France,EUR,1,Château de Chenonceau
2167,Château de Fontainebleau,,,,,France,EUR,1,Château de Fontainebleau
2168,Château de Villandry,,,,,France,EUR,1,Château de Villandry
2169,Château du Clos Lucé - Parc Leonardo da Vinci,,,,,France,EUR,1,Château du Clos Lucé - Parc Leonardo da Vinci
2170,Château du Haut-Koenigsbourg,,,,,France,EUR,1,Château du Haut-Koenigsbourg
2171,Château royal de Blois,,,,,France,EUR,1,Château royal de Blois
2172,Cirque du Soleil - Hawaii,,,,,United States of America,EUR,1,Cirque du Soleil - Hawaii
2173,città della scienza,,,,,Italy,EUR,1,città della scienza
2174,City & Wine Kft.,,,,,Hungary,EUR,1,City & Wine Kft.
2175,Cityfans,,,,,Netherlands,EUR,1,Cityfans
2176,CityHunters GmbH & Co.KG,,,,,Germany,EUR,1,CityHunters GmbH & Co.KG
2177,Cityphototour,,,,,Denmark,EUR,1,Cityphototour
2178,Cité de l'espace,,,,,France,EUR,1,Cité de l'espace
2179,Cité des Climats et vins de Bourgogne,,,,,France,EUR,1,Cité des Climats et vins de Bourgogne
2180,Cité des sciences et de l'industrie / Palais de la découverte,,,,,France,EUR,1,Cité des sciences et de l'industrie / Palais de la découverte
2181,Clube do Paiva,,,,,Portugal,EUR,1,Clube do Paiva
2182,Cmaella,cmaella@adleisure.com,,,,Spain,EUR,1,cmaella@adleisure.com
2183,Collins Day Tours,,,,,Ireland,EUR,1,Collins Day Tours
2184,Colourful Collective Travel,,,,,Australia,AUD,1,Colourful Collective Travel
2185,ComedyWalksdc,,,,,United States of America,USD,1,ComedyWalksdc
2186,ComhiC,,,,,France,EUR,1,ComhiC
2187,Congress-Tourismus-Würzburg,,,,,Germany,EUR,1,Congress-Tourismus-Würzburg
2188,Coniston Ferry Services Ltd,,,,,United Kingdom,GBP,1,Coniston Ferry Services Ltd
2189,Cooltourspain,,,,,Spain,EUR,1,Cooltourspain
2190,Costabellatropea,,,,,Italy,EUR,1,Costabellatropea
2191,Cretandivers,,,,,Greece,EUR,1,Cretandivers
2192,CRUCEROS TORRE DEL ORO,,,,,Spain,EUR,1,CRUCEROS TORRE DEL ORO
2193,Cruise Cormoran,,,,,Spain,EUR,1,Cruise Cormoran
2194,Cueva de Nerja,,,,,Spain,EUR,1,Cueva de Nerja
2195,Cueva Zincalé,,,,,Spain,EUR,1,Cueva Zincalé
2196,CUEVAS DE GENOVA,,,,,Spain,EUR,1,CUEVAS DE GENOVA
2197,Cuevas los tarantos,,,,,Spain,EUR,1,Cuevas los tarantos
2198,cult-touren,,,,,Germany,EUR,1,cult-touren
2199,"Cultural Travel & Tours, Romania",,,,,Romania,EUR,1,"Cultural Travel & Tours, Romania"
2200,Culture and Prosperity Social Cooporeative Enterprise,,,,,Greece,EUR,1,Culture and Prosperity Social Cooporeative Enterprise
2201,Culture App,,,,,Greece,EUR,1,Culture App
2202,Culturespaces Germany GmbH,,,,,Germany,EUR,1,Culturespaces Germany GmbH
2203,CV XR Visuals Factory,,,,,Netherlands,EUR,1,CV XR Visuals Factory
2204,Daurum Solar Boats,,,,,Portugal,EUR,1,Daurum Solar Boats
2205,Daytur Dubai,,,,,United Arab Emirates,USD,1,Daytur Dubai
2206,DB Regio Bus Ost GmbH NL City Circle,,,,,Germany,EUR,1,DB Regio Bus Ost GmbH NL City Circle
2207,DDR Museum,,,,,Germany,EUR,1,DDR Museum
2208,DDV Sachsen GmbH /Panometer Dresden,,,,,Germany,EUR,1,DDV Sachsen GmbH /Panometer Dresden
2209,De Nieuwe Kerk,,,,,Netherlands,EUR,1,De Nieuwe Kerk
2210,"De Torres & Añón Gestión de Ocio y Turismo, SL",,,,,Spain,EUR,1,"De Torres & Añón Gestión de Ocio y Turismo, SL"
2211,Decor Internacional Textil S.L.,,,,,Spain,EUR,1,Decor Internacional Textil S.L.
2212,Delgaturis,,,,,Portugal,EUR,1,Delgaturis
2213,Destination Rennes,,,,,France,EUR,1,Destination Rennes
2214,DETOUR ALSACE,,,,,France,EUR,1,DETOUR ALSACE
2215,Deutsches Fußballmuseum,,,,,Germany,EUR,1,Deutsches Fußballmuseum
2216,Deutsches Spionagemuseum,,,,,Germany,EUR,1,Deutsches Spionagemuseum
2217,Deutschland Museum DM GmbH,,,,,Germany,EUR,1,Deutschland Museum DM GmbH
2218,DIG Tokyo Tours,,,,,Japan,JPY,1,DIG Tokyo Tours
2219,Digital Art Center B.V.,,,,,Netherlands,EUR,1,Digital Art Center B.V.
2220,"Dinner in the sky Phuket CO., LTD",,,,,Thailand,THB,1,"Dinner in the sky Phuket CO., LTD"
2221,Dinneround - dinner around the city!,,,,,Italy,EUR,1,Dinneround - dinner around the city!
2222,Disgusting Food Museum Berlin,,,,,Germany,EUR,1,Disgusting Food Museum Berlin
2223,Distillerie Père Magloire,,,,,France,EUR,1,Distillerie Père Magloire
2224,Divina Sorrento sas,,,,,Italy,EUR,1,Divina Sorrento sas
2225,Diving on the Moon,,,,,Spain,EUR,1,Diving on the Moon
2226,Do DELFT,,,,,Netherlands,EUR,1,Do DELFT
2227,Dolphin Navigation,,,,,Greece,EUR,1,Dolphin Navigation
2228,DOMAINE DE CHANTILLY,,,,,France,EUR,1,DOMAINE DE CHANTILLY
2229,DOMAINE DE CHAUMONT SUR LOIRE,,,,,France,EUR,1,DOMAINE DE CHAUMONT SUR LOIRE
2230,Domaine national de Chambord,,,,,France,EUR,1,Domaine national de Chambord
2231,Donauturm,,,,,Austria,EUR,1,Donauturm
2232,"Douro Style, Empreendimentos Turisticos, LD",,,,,Portugal,EUR,1,"Douro Style, Empreendimentos Turisticos, LD"
2233,"Drawn to Life, Presented by Cirque du Soleil and Disney",,,,,United States of America,USD,1,"Drawn to Life, Presented by Cirque du Soleil and Disney"
2234,Dreamtime Snorkel,,,,,Australia,AUD,1,Dreamtime Snorkel
2235,Dresden Secrets - Escape Games & iPad Rallyes,,,,,Germany,EUR,1,Dresden Secrets - Escape Games & iPad Rallyes
2236,Dresdner Stadtrundfahrt - Die Roten Doppeldecker GmbH,,,,,Germany,EUR,1,Dresdner Stadtrundfahrt - Die Roten Doppeldecker GmbH
2237,Dublin Bus Tours,,,,,Ireland,EUR,1,Dublin Bus Tours
2238,Earth Adventure,,,,,Australia,AUD,1,Earth Adventure
2239,EASY EXPERIENCES,,,,,Greece,EUR,1,EASY EXPERIENCES
2240,EASYMOOV,,,,,Spain,EUR,1,EASYMOOV
2241,Eat and Play Card Inc,,,,,United States of America,USD,1,Eat and Play Card Inc
2242,Eco Bike Santorini,,,,,Greece,EUR,1,Eco Bike Santorini
2243,EcoAdventure,,,,,Puerto Rico,USD,1,EcoAdventure
2244,Ecorainforest Ziplining,,,,,Puerto Rico,USD,1,Ecorainforest Ziplining
2245,Edersee Marketing GmbH,,,,,Germany,EUR,1,Edersee Marketing GmbH
2246,EIVISTYLO SL,,,,,Spain,EUR,1,EIVISTYLO SL
2247,El Cardón NaturExperience,,,,,Spain,EUR,1,El Cardón NaturExperience
2248,El Duende by Tablao Cordobes,,,,,Spain,EUR,1,El Duende by Tablao Cordobes
2249,El Greco Cruises,,,,,Greece,EUR,1,El Greco Cruises
2250,Electric Karting Salou,,,,,Spain,EUR,1,Electric Karting Salou
2251,ELECTRIP S.L.,,,,,Spain,EUR,1,ELECTRIP S.L.
2252,ENERGYLANDIA GOCZAŁ FAMILY SPÓŁKA KOMANDYTOWA,,,,,Poland,PLN,1,ENERGYLANDIA GOCZAŁ FAMILY SPÓŁKA KOMANDYTOWA
2253,Enguia Barriguda lda,,,,,Portugal,EUR,1,Enguia Barriguda lda
2254,enTractTour,,,,,France,EUR,1,enTractTour
2255,ENZOY TOURS,,,,,New Zealand,NZD,1,ENZOY TOURS
2256,ESCUELA CANTABRA DE SURF,,,,,Spain,EUR,1,ESCUELA CANTABRA DE SURF
2257,Esquimosur SL,,,,,Spain,EUR,1,Esquimosur SL
2258,Essential Flamenco,,,,,Spain,EUR,1,Essential Flamenco
2259,Eternal City Tours,,,,,Italy,EUR,1,Eternal City Tours
2260,Euromast,,,,,Netherlands,EUR,1,Euromast
2261,Europe Active,,,,,France,EUR,1,Europe Active
2262,Events et Loisirs,,,,,France,EUR,1,Events et Loisirs
2263,Excelia Tours Kft.,,,,,Hungary,EUR,1,Excelia Tours Kft.
2264,ExitGames Ulm,,,,,Germany,EUR,1,ExitGames Ulm
2265,experience Mallorca,,,,,Spain,EUR,1,experience Mallorca
2266,Explore Rhodes,,,,,Greece,EUR,1,Explore Rhodes
2267,EzRideLV,,,,,United States of America,EUR,1,EzRideLV
2268,Fado Maior do Porto,,,,,Portugal,EUR,1,Fado Maior do Porto
2269,Fado Na Baixa,,,,,Portugal,EUR,1,Fado Na Baixa
2270,FATTORIA AUGUSTALI,,,,,Italy,EUR,1,FATTORIA AUGUSTALI
2271,FATTORIA VITICCIO SARL,,,,,Italy,EUR,1,FATTORIA VITICCIO SARL
2272,Feichtner & Reining GesnbR,,,,,Austria,EUR,1,Feichtner & Reining GesnbR
2273,Fiordland Discovery Ltd,,,,,New Zealand,NZD,1,Fiordland Discovery Ltd
2274,Fish Monster Inc,,,,,United States of America,USD,1,Fish Monster Inc
2275,Flight Experience Singapore,,,,,Singapore,SGD,1,Flight Experience Singapore
2276,Fliteboard Gold Coast,,,,,Australia,EUR,1,Fliteboard Gold Coast
2277,Flor y Amor,,,,,Spain,EUR,1,Flor y Amor
2278,Flugschule Salzkammergut,,,,,Austria,EUR,1,Flugschule Salzkammergut
2279,FLUXUS Società Cooperativa,,,,,Italy,EUR,1,FLUXUS Società Cooperativa
2280,FlyOver Canada,,,,,Canada,EUR,1,FlyOver Canada
2281,Flyover Iceland ehf.,,,,,Iceland,EUR,1,Flyover Iceland ehf.
2282,Foam Fotografiemuseum Amsterdam,,,,,Netherlands,EUR,1,Foam Fotografiemuseum Amsterdam
2283,Fondation du Château de Chillon,,,,,Switzerland,CHF,1,Fondation du Château de Chillon
2284,Fondation Marguerite et Aimé Maeght,,,,,France,EUR,1,Fondation Marguerite et Aimé Maeght
2285,Formula Tours,,,,,Spain,EUR,1,Formula Tours
2286,FORTALEZA DE LA MOTA,,,,,Spain,EUR,1,FORTALEZA DE LA MOTA
2287,Fotografiska Berlin,,,,,Germany,EUR,1,Fotografiska Berlin
2288,Fotografiska Stockholm,,,,,Sweden,SEK,1,Fotografiska Stockholm
2289,Frameless London Ltd.,,,,,United Kingdom,GBP,1,Frameless London Ltd.
2290,FRANCE TOURISME,,,,,France,EUR,1,FRANCE TOURISME
2291,Francesco Falanga,,,,,Italy,EUR,1,Francesco Falanga
2292,Freewalk Cologne UG,,,,,Germany,EUR,1,Freewalk Cologne UG
2293,Friedrichstadt-Palast Berlin,,,,,Germany,EUR,1,Friedrichstadt-Palast Berlin
2294,Friends of Moby Dick,,,,,Iceland,EUR,1,Friends of Moby Dick
2295,From Scratch Experiences,,,,,Italy,EUR,1,From Scratch Experiences
2296,Ftapies Touristcheck,ftapies.touristcheck@gmail.com,,,,Spain,EUR,1,ftapies.touristcheck@gmail.com
2297,Fun Boat Amsterdam,,,,,Netherlands,EUR,1,Fun Boat Amsterdam
2298,FUN MOVING TOUR,,,,,Italy,EUR,1,FUN MOVING TOUR
2299,Funadventures,,,,,Portugal,EUR,1,Funadventures
2300,Fundacion Casa de Alba,,,,,Spain,EUR,1,Fundacion Casa de Alba
2301,FUNDACION MARCELINO BOTIN,,,,,Spain,EUR,1,FUNDACION MARCELINO BOTIN
2302,Fundació Natura Parc,,,,,Spain,EUR,1,Fundació Natura Parc
2303,Fundação Edp,,,,,Portugal,EUR,1,Fundação Edp
2304,Funicolare Monte San Salvatore SA,,,,,Switzerland,CHF,1,Funicolare Monte San Salvatore SA
2305,Galeone Veneziano,,,,,Italy,EUR,1,Galeone Veneziano
2306,Galeria Inmersiva Barcelona SL,,,,,Spain,EUR,1,Galeria Inmersiva Barcelona SL
2307,Galway Food Tours,,,,,Ireland,EUR,1,Galway Food Tours
2308,GamingMuseum,,,,,Austria,EUR,1,GamingMuseum
2309,Gardaland,,,,,Italy,EUR,1,Gardaland
2310,Gatlinburg Coaster,,,,,United States of America,USD,1,Gatlinburg Coaster
2311,Gecko Windsurf School Corralejo,,,,,Spain,EUR,1,Gecko Windsurf School Corralejo
2312,Germanisches Nationalmuseum,,,,,Germany,EUR,1,Germanisches Nationalmuseum
2313,Gestitour Lda,,,,,Portugal,EUR,1,Gestitour Lda
2314,Get Wet Surf School,,,,,Australia,AUD,1,Get Wet Surf School
2315,"Giethoorn Information | Boats, Tours & Tickets",,,,,Netherlands,EUR,1,"Giethoorn Information | Boats, Tours & Tickets"
2316,GK Running in Cyprus Ltd,,,,,Cyprus,EUR,1,GK Running in Cyprus Ltd
2317,glassSUP GmbH,,,,,Germany,EUR,1,glassSUP GmbH
2318,GLOBALLS,,,,,United Kingdom,GBP,1,GLOBALLS
2319,Glückskind Concept Group GmbH,,,,,Germany,EUR,1,Glückskind Concept Group GmbH
2320,Gotland Charter,,,,,Spain,EUR,1,Gotland Charter
2321,Gourmet Getaway Tours PTY LTD,,,,,Australia,AUD,1,Gourmet Getaway Tours PTY LTD
2322,gozsdu hotel kft.,,,,,Hungary,EUR,1,gozsdu hotel kft.
2323,graff tours,,,,,United States of America,USD,1,graff tours
2324,Grand Tour Italia,,,,,Italy,EUR,1,Grand Tour Italia
2325,Gray Line Seattle,,,,,United States of America,USD,1,Gray Line Seattle
2326,great boston tours,,,,,United States of America,USD,1,great boston tours
2327,Great London Tours Ltd,,,,,United Kingdom,GBP,1,Great London Tours Ltd
2328,Grouse Mountain,,,,,Canada,CAD,1,Grouse Mountain
2329,Grupo Catamaran Excursions,,,,,Spain,EUR,1,Grupo Catamaran Excursions
2330,Grusellabyrinth NRW - Erlebniswelt Grusel GmbH,,,,,Germany,EUR,1,Grusellabyrinth NRW - Erlebniswelt Grusel GmbH
2331,GS TOURS,,,,,Spain,EUR,1,GS TOURS
2332,Gstaad 3000 AG,,,,,Switzerland,CHF,1,Gstaad 3000 AG
2333,GTI Travel / International Friends,,,,,United Kingdom,EUR,1,GTI Travel / International Friends
2334,GUIDATOURS,,,,,France,EUR,1,GUIDATOURS
2335,Guitar Legends Hall,,,,,Spain,EUR,1,Guitar Legends Hall
2336,Gulliver Explorer Sicily,,,,,Italy,EUR,1,Gulliver Explorer Sicily
2337,Gulliver Travel d.o.o.,,,,,Hungary,EUR,1,Gulliver Travel d.o.o.
2338,H'ART Museum,,,,,Netherlands,EUR,1,H'ART Museum
2339,H.M.K.,,,,,Norway,NOK,1,H.M.K.
2340,H2oMadeira,,,,,Portugal,EUR,1,H2oMadeira
2341,Hamburg Travel GmbH,,,,,Germany,EUR,1,Hamburg Travel GmbH
2342,HAMEAU DUBOEUF,,,,,France,EUR,1,HAMEAU DUBOEUF
2343,Hamlet Tours,,,,,Denmark,EUR,1,Hamlet Tours
2344,Harbour Activities,,,,,Belgium,EUR,1,Harbour Activities
2345,Haus der Musik Museum GmbH,,,,,Austria,EUR,1,Haus der Musik Museum GmbH
2346,Heidi Horten Collection,,,,,Austria,EUR,1,Heidi Horten Collection
2347,Heineken Experience,,,,,Netherlands,EUR,1,Heineken Experience
2348,Helionautica,,,,,Greece,EUR,1,Helionautica
2349,Henkell & Co. Sektkellerei KG,,,,,Germany,EUR,1,Henkell & Co. Sektkellerei KG
2350,Hervey Bay Eco Marine Tours,,,,,Australia,AUD,1,Hervey Bay Eco Marine Tours
2351,Hey Captain,,,,,Denmark,EUR,1,Hey Captain
2352,Hidden Angkor Tour,,,,,Cambodia,USD,1,Hidden Angkor Tour
2353,Highlights of Holland Exploitatie BV,,,,,Netherlands,EUR,1,Highlights of Holland Exploitatie BV
2354,Hightide Kayak School,,,,,Switzerland,CHF,1,Hightide Kayak School
2355,"HIPPOTRIP - TURISMO ANFIBIO, LDA",,,,,Portugal,EUR,1,"HIPPOTRIP - TURISMO ANFIBIO, LDA"
2356,Hoi An Wanderlust Tours by OCOP House,,,,,Vietnam,USD,1,Hoi An Wanderlust Tours by OCOP House
2357,Holland Bikes NYC,,,,,United States of America,USD,1,Holland Bikes NYC
2358,Home of Carlsberg,,,,,Denmark,EUR,1,Home of Carlsberg
2359,Hotel della Fortezza,,,,,Italy,EUR,1,Hotel della Fortezza
2360,HOW TO BECOME A PARISIAN IN ONE HOUR?,,,,,France,EUR,1,HOW TO BECOME A PARISIAN IN ONE HOUR?
2361,https://doyoubikerental.com/,,,,,Spain,EUR,1,https://doyoubikerental.com/
2362,HUD d.o.o.,,,,,Slovenia,EUR,1,HUD d.o.o.
2363,I-Ride Trolley,,,,,United States of America,USD,1,I-Ride Trolley
2364,IAM Prague s.r.o.,,,,,Czech Republic,EUR,1,IAM Prague s.r.o.
2365,Icebarcelona,,,,,Spain,EUR,1,Icebarcelona
2366,Icelandic Horseworld,,,,,Iceland,ISK,1,Icelandic Horseworld
2367,Ideal Clube de Fado,,,,,Portugal,EUR,1,Ideal Clube de Fado
2368,IKONO MADRID SL,,,,,Spain,EUR,1,IKONO MADRID SL
2369,Illuminarium Atlanta,,,,,United States of America,USD,1,Illuminarium Atlanta
2370,ILLUSEUM LTD.,,,,,Bulgaria,EUR,1,ILLUSEUM LTD.
2371,In.Ci.Tur DMC,,,,,Italy,EUR,1,In.Ci.Tur DMC
2372,INFINITY Attraction,,,,,Australia,AUD,1,INFINITY Attraction
2373,Info,info@gaudiexperiencia.com,,,,Spain,EUR,1,info@gaudiexperiencia.com
2374,Info,info@tourmeout.com,,,,Spain,EUR,1,info@tourmeout.com
2375,Innsbruck Austria Guides,,,,,Austria,EUR,1,Innsbruck Austria Guides
2376,Innsbruck Information und Reservierung GmbH,,,,,Austria,EUR,1,Innsbruck Information und Reservierung GmbH
2377,Institut für Plastination e.K.,,,,,Germany,EUR,1,Institut für Plastination e.K.
2378,INTREPID MUSEUM,,,,,United States of America,USD,1,INTREPID MUSEUM
2379,Ionian Cruises,,,,,Greece,EUR,1,Ionian Cruises
2380,Iristellar S.L.,,,,,Spain,EUR,1,Iristellar S.L.
2381,Ivory Star Productions,,,,,United States of America,USD,1,Ivory Star Productions
2382,JAMESON DISTILLERY,,,,,Ireland,EUR,1,JAMESON DISTILLERY
2383,Jameson Distillery Midleton,,,,,Ireland,EUR,1,Jameson Distillery Midleton
2384,JAMONES EIRIZ JABUGO.,,,,,Spain,EUR,1,JAMONES EIRIZ JABUGO.
2385,Jeeptour,,,,,Portugal,EUR,1,Jeeptour
2386,JeeTravels OY,,,,,Finland,EUR,1,JeeTravels OY
2387,JOINT BILLION UAE SDN. BHD - DUBAI BRANCH,,,,,United Arab Emirates,AED,1,JOINT BILLION UAE SDN. BHD - DUBAI BRANCH
2388,Journeast Indonesia,,,,,Indonesia,EUR,1,Journeast Indonesia
2389,Joy Elephant Sanctuary,,,,,Thailand,THB,1,Joy Elephant Sanctuary
2390,JULIA TRAVEL MEXICO,,,,,Mexico,EUR,1,JULIA TRAVEL MEXICO
2391,Junibacken,,,,,Sweden,SEK,1,Junibacken
2392,Jüdisches Museum der Stadt Wien GmbH,,,,,Austria,EUR,1,Jüdisches Museum der Stadt Wien GmbH
2393,Karczma Regionalna Skansen Smaków,,,,,Poland,PLN,1,Karczma Regionalna Skansen Smaków
2394,Karina Poeschl,,,,,Austria,EUR,1,Karina Poeschl
2395,Karting Club Tenerife,,,,,Spain,EUR,1,Karting Club Tenerife
2396,Karts of London Ltd,,,,,United Kingdom,GBP,1,Karts of London Ltd
2397,Key Lime Bike Tours,,,,,United States of America,USD,1,Key Lime Bike Tours
2398,Keyf Wellness & Spa,,,,,Turkey,EUR,1,Keyf Wellness & Spa
2399,KJet,,,,,New Zealand,NZD,1,KJet
2400,Kokkiadis Honey Farm,,,,,Greece,EUR,1,Kokkiadis Honey Farm
2401,Koninklijke Spido,,,,,Netherlands,EUR,1,Koninklijke Spido
2402,Konzerte im Mozarthaus KG,,,,,Austria,EUR,1,Konzerte im Mozarthaus KG
2403,Krabi Ezy Trails,,,,,Thailand,THB,1,Krabi Ezy Trails
2404,KUMULUS,,,,,Spain,EUR,1,KUMULUS
2405,KUNST HAUS WIEN GmbH,,,,,Austria,EUR,1,KUNST HAUS WIEN GmbH
2406,Kunstmeile Krems Betriebs GmbH,,,,,Austria,EUR,1,Kunstmeile Krems Betriebs GmbH
2407,Kurt Gratt,,,,,Austria,EUR,1,Kurt Gratt
2408,KÖRPERWELTEN Berlin,,,,,Germany,EUR,1,KÖRPERWELTEN Berlin
2409,L'ENVOL DES PIONNIERS,,,,,France,EUR,1,L'ENVOL DES PIONNIERS
2410,LA CITE DE LA MER,,,,,France,EUR,1,LA CITE DE LA MER
2411,La Cité du Vin,,,,,France,EUR,1,La Cité du Vin
2412,LA PLAZA ALICANTE TOUR,,,,,Spain,EUR,1,LA PLAZA ALICANTE TOUR
2413,Lady Dive Inc.,,,,,Canada,CAD,1,Lady Dive Inc.
2414,Lagos Grotto Trips,,,,,Portugal,EUR,1,Lagos Grotto Trips
2415,Lamsaty handmade Marrakech,,,,,Morocco,EUR,1,Lamsaty handmade Marrakech
2416,Lardo d.o.o.,,,,,Croatia,EUR,1,Lardo d.o.o.
2417,LAS BICIS NARANJAS,,,,,Spain,EUR,1,LAS BICIS NARANJAS
2418,Las Ventas Tour,,,,,Spain,EUR,1,Las Ventas Tour
2419,Latticini Starace Giovanni & C. s.n.c,,,,,Italy,EUR,1,Latticini Starace Giovanni & C. s.n.c
2420,Le Voyage à Nantes,,,,,France,EUR,1,Le Voyage à Nantes
2421,LEGENDARY TOURS SP Z.O.O.,,,,,Poland,EUR,1,LEGENDARY TOURS SP Z.O.O.
2422,Legends Collection,,,,,Spain,EUR,1,Legends Collection
2423,Legends Performing Arts Production and Trade Limited Company,,,,,Turkey,EUR,1,Legends Performing Arts Production and Trade Limited Company
2424,Legends Tours & Activities,,,,,Belgium,EUR,1,Legends Tours & Activities
2425,LEGOLAND Billund Resort,,,,,Denmark,EUR,1,LEGOLAND Billund Resort
2426,Leopold Museum Vienna,,,,,Austria,EUR,1,Leopold Museum Vienna
2427,Les Bassins des Lumières,,,,,France,EUR,1,Les Bassins des Lumières
2428,Lets Go Surfing - Bondi,,,,,Australia,AUD,1,Lets Go Surfing - Bondi
2429,Lets Go Surfing - Maroubra,,,,,Australia,AUD,1,Lets Go Surfing - Maroubra
2430,Lilo Médiation,,,,,France,EUR,1,Lilo Médiation
2431,"LION TRAVEL SERVICE CO., LTD.",,,,,Taiwan,USD,1,"LION TRAVEL SERVICE CO., LTD."
2432,Lisboa em Fado,,,,,Portugal,EUR,1,Lisboa em Fado
2433,Lisbon Boat Party,,,,,Portugal,EUR,1,Lisbon Boat Party
2434,Lisbon Eco Tours,,,,,Portugal,EUR,1,Lisbon Eco Tours
2435,Litchfield Park Adventures,,,,,Australia,AUD,1,Litchfield Park Adventures
2436,Little Canada,,,,,Canada,CAD,1,Little Canada
2437,Liverpool Beatles Museum,,,,,United Kingdom,GBP,1,Liverpool Beatles Museum
2438,Liverpool City Sights,,,,,United Kingdom,GBP,1,Liverpool City Sights
2439,Liverpool Famous Walking Tours Ltd,,,,,United Kingdom,GBP,1,Liverpool Famous Walking Tours Ltd
2440,Liviu Mihoc Fotografie,,,,,Germany,EUR,1,Liviu Mihoc Fotografie
2441,LobSTAR Enjoyable Seafood Restaurant,,,,,Cape Verde,EUR,1,LobSTAR Enjoyable Seafood Restaurant
2442,Loco Bear,,,,,United Arab Emirates,AED,1,Loco Bear
2443,LONDON CITY TOUR,,,,,United Kingdom,EUR,1,LONDON CITY TOUR
2444,Loreley-Linie Lux-Werft u. Schiffffahrt GmbH,,,,,Germany,EUR,1,Loreley-Linie Lux-Werft u. Schiffffahrt GmbH
2445,LTD RIGAS NAMI,,,,,Latvia,EUR,1,LTD RIGAS NAMI
2446,Luxe Sloepen Haarlem,,,,,Netherlands,EUR,1,Luxe Sloepen Haarlem
2447,Lyon City Card,,,,,France,EUR,1,Lyon City Card
2448,LYON CITY TOUR,,,,,France,EUR,1,LYON CITY TOUR
2449,Lóleo,,,,,Spain,EUR,1,Lóleo
2450,M. C. SRLS,,,,,Italy,EUR,1,M. C. SRLS
2451,MAAG Music & Arts AG,,,,,Switzerland,EUR,1,MAAG Music & Arts AG
2452,MACA Museum,,,,,Denmark,DKK,1,MACA Museum
2453,Macaronesian Divers,,,,,Spain,EUR,1,Macaronesian Divers
2454,MACBA - Touristcheck 360 Tourism Marketing Services SL,,,,,Spain,EUR,1,MACBA - Touristcheck 360 Tourism Marketing Services SL
2455,Madame Tussauds Amsterdam,,,,,Netherlands,EUR,1,Madame Tussauds Amsterdam
2456,Madurodam,,,,,Netherlands,EUR,1,Madurodam
2457,Magic Bavaria GmbH,,,,,Germany,EUR,1,Magic Bavaria GmbH
2458,Magic Ways,,,,,France,EUR,1,Magic Ways
2459,Magic World Vienna,,,,,Austria,EUR,1,Magic World Vienna
2460,Magical Mystery Tour,,,,,United Kingdom,GBP,1,Magical Mystery Tour
2461,Magni Mundi Oy,,,,,Finland,EUR,1,Magni Mundi Oy
2462,Mainau GmbH,,,,,Germany,EUR,1,Mainau GmbH
2463,Maison Cailler,,,,,Switzerland,CHF,1,Maison Cailler
2464,Maison Yellow,,,,,France,EUR,1,Maison Yellow
2465,Maleny Botanic Gardens & Bird World,,,,,Australia,AUD,1,Maleny Botanic Gardens & Bird World
2466,Manchester City Football Club,,,,,United Kingdom,GBP,1,Manchester City Football Club
2467,Manchester River Cruises,,,,,United Kingdom,AUD,1,Manchester River Cruises
2468,MandolinVenice Ensemble,,,,,Italy,EUR,1,MandolinVenice Ensemble
2469,Manhattan By Sail,,,,,United States of America,USD,1,Manhattan By Sail
2470,Marbella Adventures,,,,,Spain,EUR,1,Marbella Adventures
2471,Maritime Museum of San Diego,,,,,United States of America,USD,1,Maritime Museum of San Diego
2472,Marketing,marketing@musee-armee.fr,,,,France,EUR,1,marketing@musee-armee.fr
2473,Martina Buchwald,martina.buchwald@paris-exception.com,,,,France,EUR,1,martina.buchwald@paris-exception.com
2474,Mastellone Giuseppe,,,,,Italy,EUR,1,Mastellone Giuseppe
2475,Mauritshuis,,,,,Netherlands,EUR,1,Mauritshuis
2476,McArthurGlen Designer Outlet Parndorf,,,,,Austria,EUR,1,McArthurGlen Designer Outlet Parndorf
2477,Melbourne Historical Crime Tours,,,,,Australia,EUR,1,Melbourne Historical Crime Tours
2478,Memento Italy In Style,,,,,Italy,EUR,1,Memento Italy In Style
2479,Menorca Nord Sea Experience,,,,,Spain,EUR,1,Menorca Nord Sea Experience
2480,Mercedes-Benz Museum,,,,,Germany,EUR,1,Mercedes-Benz Museum
2481,MERCER LABS,,,,,United States of America,USD,1,MERCER LABS
2482,MEXPO,,,,,Poland,EUR,1,MEXPO
2483,MHN Museum d'Histoire Naturelle,,,,,France,EUR,1,MHN Museum d'Histoire Naturelle
2484,Miami Aqua Tours,,,,,United States of America,USD,1,Miami Aqua Tours
2485,Mikado Kornati Excursions Zadar,,,,,Croatia,EUR,1,Mikado Kornati Excursions Zadar
2486,Mini-Europe,,,,,Belgium,,1,Mini-Europe
2487,miniBARco,,,,,Spain,EUR,1,miniBARco
2488,Minoan's World,,,,,Greece,EUR,1,Minoan's World
2489,Mirimar Cruises,,,,,Australia,EUR,1,Mirimar Cruises
2490,Moco Museum Barcelona,,,,,Spain,EUR,1,Moco Museum Barcelona
2491,Monastero San Benedetto,,,,,Italy,EUR,1,Monastero San Benedetto
2492,Mont Travelers Montenegro DMC,,,,,Montenegro,EUR,1,Mont Travelers Montenegro DMC
2493,Monte Mare Travel,,,,,Montenegro,EUR,1,Monte Mare Travel
2494,Motion Experience,,,,,Netherlands,EUR,1,Motion Experience
2495,Motlawa Boats Charter Gdansk,,,,,Poland,EUR,1,Motlawa Boats Charter Gdansk
2496,Movie Park Germany GmbH,,,,,Germany,EUR,1,Movie Park Germany GmbH
2497,Mozart Dinner Concert Betriebs GmbH,,,,,Austria,EUR,1,Mozart Dinner Concert Betriebs GmbH
2498,Mr Costanzo Capri,,,,,Italy,EUR,1,Mr Costanzo Capri
2499,MUCEM - ETS MUSEE DES CIVILISATIONS DE,,,,,France,EUR,1,MUCEM - ETS MUSEE DES CIVILISATIONS DE
2500,mugellove,,,,,Italy,EUR,1,mugellove
2501,MUSEE DES CONFLUENCES,,,,,France,EUR,1,MUSEE DES CONFLUENCES
2502,MUSEE GREVIN,,,,,France,EUR,1,MUSEE GREVIN
2503,MUSEE MARMOTTAN MONET,,,,,France,EUR,1,MUSEE MARMOTTAN MONET
2504,Musement / info@archaeo-tour-ruegen.de,info@archaeo-tour-ruegen.de,,,,Germany,EUR,1,Musement / info@archaeo-tour-ruegen.de
2505,Musement S.p.A. / DuomoFirenze,,,,,Italy,EUR,1,Musement S.p.A. / DuomoFirenze
2506,Musement S.p.A. / MusementProductSpain,,,,,Spain,EUR,1,Musement S.p.A. / MusementProductSpain
2507,Musement S.r.l. / info@leonardointeractivemuseum.com,info@leonardointeractivemuseum.com,,,,Italy,EUR,1,Musement S.r.l. / info@leonardointeractivemuseum.com
2508,Museo Carmen Thyssen Málaga,,,,,Spain,EUR,1,Museo Carmen Thyssen Málaga
2509,Museo de Cera de Madrid,,,,,Spain,EUR,1,Museo de Cera de Madrid
2510,Museo de la Felicidad SL,,,,,Spain,EUR,1,Museo de la Felicidad SL
2511,Museo de las Ilusiones Sevilla,,,,,Spain,EUR,1,Museo de las Ilusiones Sevilla
2512,Museo de las ilusiones Tenerife s.l.,,,,,Spain,EUR,1,Museo de las ilusiones Tenerife s.l.
2513,Museo de las Ilusiones Valencia,,,,,Spain,EUR,1,Museo de las Ilusiones Valencia
2514,Museo del Motor,,,,,Spain,EUR,1,Museo del Motor
2515,Museo Leonardo da Vinci,,,,,Italy,EUR,1,Museo Leonardo da Vinci
2516,Museo Nazionale della Scienza e della Tecnologia,,,,,Italy,EUR,1,Museo Nazionale della Scienza e della Tecnologia
2517,Museo Nicolis,,,,,Italy,EUR,1,Museo Nicolis
2518,Museo Picasso Málaga,,,,,Spain,EUR,1,Museo Picasso Málaga
2519,Museu do Oriente,,,,,Portugal,EUR,1,Museu do Oriente
2520,Museuhistoria Touristcheck,museuhistoria.touristcheck@gmail.com,,,,Spain,EUR,1,museuhistoria.touristcheck@gmail.com
2521,Museum Helmond,,,,,Netherlands,EUR,1,Museum Helmond
2522,Museum Het Rembrandthuis,,,,,Netherlands,EUR,1,Museum Het Rembrandthuis
2523,Museum moderner Kunst Stiftung Ludwig Wien,,,,,Austria,EUR,1,Museum moderner Kunst Stiftung Ludwig Wien
2524,Museum of Illusions Madrid,,,,,Spain,EUR,1,Museum of Illusions Madrid
2525,Museum of Illusions Vienna,,,,,Austria,EUR,1,Museum of Illusions Vienna
2526,Museum of Modern Art,,,,,United States of America,USD,1,Museum of Modern Art
2527,Museum of Senses Milano S.R.L.,,,,,Italy,EUR,1,Museum of Senses Milano S.R.L.
2528,Museum Our Lord In The Attic,,,,,Netherlands,EUR,1,Museum Our Lord In The Attic
2529,Museum Villa,,,,,Netherlands,EUR,1,Museum Villa
2530,Museumsverein Deutsches Bernsteinmuseum e.V.,,,,,Germany,EUR,1,Museumsverein Deutsches Bernsteinmuseum e.V.
2531,Museuolimpic Touristcheck,museuolimpic.touristcheck@gmail.com,,,,Spain,EUR,1,museuolimpic.touristcheck@gmail.com
2532,Musée de l'Illusion Lyon,,,,,France,EUR,1,Musée de l'Illusion Lyon
2533,Musée de Montmartre,,,,,France,EUR,1,Musée de Montmartre
2534,Musée du quai Branly - Jacques Chirac,,,,,France,EUR,1,Musée du quai Branly - Jacques Chirac
2535,Musée Océanographique de Monaco,,,,,Monaco,EUR,1,Musée Océanographique de Monaco
2536,Musée Picasso Paris,,,,,France,EUR,1,Musée Picasso Paris
2537,Musée Rodin,,,,,France,EUR,1,Musée Rodin
2538,Muumimaailma Oy,,,,,Finland,EUR,1,Muumimaailma Oy
2539,Muzeum Swiat Iluzji MSI,,,,,Poland,EUR,1,Muzeum Swiat Iluzji MSI
2540,MyPassUAE,,,,,United Arab Emirates,AED,1,MyPassUAE
2541,Mythos Mozart,,,,,Austria,EUR,1,Mythos Mozart
2542,Mývatn Nature Baths,,,,,Iceland,EUR,1,Mývatn Nature Baths
2543,Napleseatour,,,,,Italy,EUR,1,Napleseatour
2544,NATIONAL CRUISE TOURISM,,,,,Qatar,QAR,1,NATIONAL CRUISE TOURISM
2545,National Print Museum,,,,,Ireland,EUR,1,National Print Museum
2546,NATIONAL SEPTEMBER 11 MEMORIAL & MUSEUM,,,,,United States of America,USD,1,NATIONAL SEPTEMBER 11 MEMORIAL & MUSEUM
2547,NAUSICAA - SOCIETE D'EXPLOITATION DU,,,,,France,EUR,1,NAUSICAA - SOCIETE D'EXPLOITATION DU
2548,Newcastle Castle,,,,,United Kingdom,EUR,1,Newcastle Castle
2549,NEXT HOLIDAY SERVICES,,,,,Turkey,EUR,1,NEXT HOLIDAY SERVICES
2550,Next Nature,,,,,Netherlands,EUR,1,Next Nature
2551,Niagara Adventure Excursions Inc. o/a WildPlay Niagara Falls,,,,,Canada,CAD,1,Niagara Adventure Excursions Inc. o/a WildPlay Niagara Falls
2552,NiceFunTours,,,,,France,EUR,1,NiceFunTours
2553,No Limits Fishing,,,,,Spain,EUR,1,No Limits Fishing
2554,Nobel Peace Center,,,,,Norway,EUR,1,Nobel Peace Center
2555,Nomad Museo Inmersivo,,,,,Spain,EUR,1,Nomad Museo Inmersivo
2556,Nordiva Tours AS,,,,,Norway,EUR,1,Nordiva Tours AS
2557,North Coast Adventure,,,,,Spain,EUR,1,North Coast Adventure
2558,Nostos Mykonos Yachts,,,,,Greece,EUR,1,Nostos Mykonos Yachts
2559,Nsole,nsole@adleisure.com,,,,Spain,EUR,1,nsole@adleisure.com
2560,Oceanario Lisboa,,,,,Portugal,EUR,1,Oceanario Lisboa
2561,"Oceaneye Azores, Lda",,,,,Portugal,EUR,1,"Oceaneye Azores, Lda"
2562,Off the Beaten Path Food Tours,,,,,United States of America,USD,1,Off the Beaten Path Food Tours
2563,Office de Tourisme de Montpellier,,,,,France,EUR,1,Office de Tourisme de Montpellier
2564,Office de Tourisme de Strasbourg et sa Région,,,,,France,EUR,1,Office de Tourisme de Strasbourg et sa Région
2565,Office de Tourisme du Grand Reims,,,,,France,EUR,1,Office de Tourisme du Grand Reims
2566,Offroad Dreaming,,,,,Australia,AUD,1,Offroad Dreaming
2567,Old Town Kissimmee,,,,,United States of America,USD,1,Old Town Kissimmee
2568,Oldie Käfer Tour Berlin,,,,,Germany,EUR,1,Oldie Käfer Tour Berlin
2569,Olympos Teleferik,,,,,Turkey,EUR,1,Olympos Teleferik
2570,"ONE VIETNAM TOURS CO., LTD",,,,,Vietnam,USD,1,"ONE VIETNAM TOURS CO., LTD"
2571,One World Observatory,,,,,United States of America,USD,1,One World Observatory
2572,Onira,,,,,Spain,EUR,1,Onira
2573,Oostendse Gidsenkring Lange Nelle vzw,,,,,Belgium,EUR,1,Oostendse Gidsenkring Lange Nelle vzw
2574,OPORTO ADVENTURE TOURS,,,,,Portugal,EUR,1,OPORTO ADVENTURE TOURS
2575,Orchester 1756 GmbH,,,,,Austria,EUR,1,Orchester 1756 GmbH
2576,Original Hamburg Walks,,,,,Germany,EUR,1,Original Hamburg Walks
2577,Orlando Dinner Entertainment Inc.,,,,,United States of America,USD,1,Orlando Dinner Entertainment Inc.
2578,Orlando Magic,,,,,United States of America,USD,1,Orlando Magic
2579,Osvaldo Di Pietrantonio,,,,,Italy,EUR,1,Osvaldo Di Pietrantonio
2580,Outdoor activities tenerife,,,,,Spain,EUR,1,Outdoor activities tenerife
2581,Overall media s.r.l.,,,,,Italy,EUR,1,Overall media s.r.l.
2582,OXO Museo del Videojuego,,,,,Spain,EUR,1,OXO Museo del Videojuego
2583,OzSail Whitsundays,,,,,Australia,EUR,1,OzSail Whitsundays
2584,P3 Lake Louisa LLC,,,,,United States of America,USD,1,P3 Lake Louisa LLC
2585,Paddle Tours Heidelberg,,,,,Germany,EUR,1,Paddle Tours Heidelberg
2586,Palacio de Gaudi,,,,,Spain,EUR,1,Palacio de Gaudi
2587,Palacio de Monterrey,,,,,Spain,EUR,1,Palacio de Monterrey
2588,Palacio Domecq S.L.,,,,,Spain,EUR,1,Palacio Domecq S.L.
2589,Palacio Flamenco en Granada,,,,,Spain,EUR,1,Palacio Flamenco en Granada
2590,Palais Auersperg Event GmbH,,,,,Austria,EUR,1,Palais Auersperg Event GmbH
2591,PALAU DUCAL DELS BORJA,,,,,Spain,EUR,1,PALAU DUCAL DELS BORJA
2592,Pancho Tours SL,,,,,Spain,EUR,1,Pancho Tours SL
2593,Panometer Leipzig,,,,,Germany,EUR,1,Panometer Leipzig
2594,Paradise Island Adventures LTD,,,,,The Bahamas,USD,1,Paradise Island Adventures LTD
2595,Paradox Museum Barcelona,,,,,Spain,EUR,1,Paradox Museum Barcelona
2596,Paradox Museum Limassol,,,,,Cyprus,EUR,1,Paradox Museum Limassol
2597,Paradox Museum London,,,,,United Kingdom,GBP,1,Paradox Museum London
2598,Paradox Museum Miami,,,,,United States of America,USD,1,Paradox Museum Miami
2599,Paradox Museum Paris,,,,,France,EUR,1,Paradox Museum Paris
2600,Paradox Oslo AS,,,,,Norway,NOK,1,Paradox Oslo AS
2601,paragliding club Vertigo,,,,,Macedonia,EUR,1,paragliding club Vertigo
2602,Parc Astérix,,,,,France,EUR,1,Parc Astérix
2603,PARC SAMÁ,,,,,Spain,EUR,1,PARC SAMÁ
2604,Parc Zoologique d'Amnéville,,,,,France,EUR,1,Parc Zoologique d'Amnéville
2605,PARIS BUSINESS AND TRAVEL,,,,,France,EUR,1,PARIS BUSINESS AND TRAVEL
2606,PARIS MONTPARNASSE TOP OF THE CITY,,,,,France,,1,PARIS MONTPARNASSE TOP OF THE CITY
2607,Parthenons Scooters,,,,,Greece,EUR,1,Parthenons Scooters
2608,Passeios Ria Formosa,,,,,Portugal,EUR,1,Passeios Ria Formosa
2609,Pat Liddy's Walking Tours of Dublin,,,,,Ireland,EUR,1,Pat Liddy's Walking Tours of Dublin
2610,PC - Columbia Icefield Skywalk (Jasper),,,,,Canada,CAD,1,PC - Columbia Icefield Skywalk (Jasper)
2611,PC - Maligne Lake Cruise (Jasper),,,,,Canada,CAD,1,PC - Maligne Lake Cruise (Jasper)
2612,PEGASUS TRAVEL D.O.O.,,,,,Croatia,EUR,1,PEGASUS TRAVEL D.O.O.
2613,Pendray Inn and Tea House,,,,,Canada,CAD,1,Pendray Inn and Tea House
2614,Perlan,,,,,Iceland,EUR,1,Perlan
2615,Petros d.o.o.,,,,,Croatia,EUR,1,Petros d.o.o.
2616,Photograph Lisbon,,,,,Portugal,EUR,1,Photograph Lisbon
2617,Pia Ruoppo,,,,,Italy,EUR,1,Pia Ruoppo
2618,Picos de Aventura,,,,,Portugal,EUR,1,Picos de Aventura
2619,Pink Chili,,,,,Thailand,THB,1,Pink Chili
2620,Pirates Dinner Adventure,,,,,United States of America,USD,1,Pirates Dinner Adventure
2621,Playhood,,,,,Netherlands,EUR,1,Playhood
2622,Poggio del Moro,,,,,Italy,EUR,1,Poggio del Moro
2623,Poland By Locals,,,,,Poland,EUR,1,Poland By Locals
2624,PONT DU GARD,,,,,France,EUR,1,PONT DU GARD
2625,POPULO SERVICIOS TURISTICOS,,,,,Spain,EUR,1,POPULO SERVICIOS TURISTICOS
2626,PRESSORIA,,,,,France,EUR,1,PRESSORIA
2627,Pride Tours NYC,,,,,United States of America,USD,1,Pride Tours NYC
2628,promotrain,,,,,France,EUR,1,promotrain
2629,Przemysław Kapituła Instytut Surzyńskiego i Nowowiejskiego,,,,,Poland,EUR,1,Przemysław Kapituła Instytut Surzyńskiego i Nowowiejskiego
2630,PT.Bali Yowana Tur,,,,,Indonesia,IDR,1,PT.Bali Yowana Tur
2631,Pub Crawl Copenhagen,,,,,Denmark,EUR,1,Pub Crawl Copenhagen
2632,PUM TOURS MEDIA SPAIN S.L.,,,,,Spain,EUR,1,PUM TOURS MEDIA SPAIN S.L.
2633,Pursuit Collection - Banff Gondola,,,,,Canada,EUR,1,Pursuit Collection - Banff Gondola
2634,Pursuit Collection - Jasper SkyTram,,,,,Canada,CAD,1,Pursuit Collection - Jasper SkyTram
2635,Pursuit Collection - Lake Minnewanka Cruise (Banff),,,,,Canada,CAD,1,Pursuit Collection - Lake Minnewanka Cruise (Banff)
2636,Puy du Fou France,,,,,France,EUR,1,Puy du Fou France
2637,Quack'R'Duck Pty Ltd,,,,,Australia,AUD,1,Quack'R'Duck Pty Ltd
2638,Quad Adventure Cambodia Co Ltd,,,,,Cambodia,USD,1,Quad Adventure Cambodia Co Ltd
2639,Queseria Montesdeoca S.L,,,,,Spain,EUR,1,Queseria Montesdeoca S.L
2640,Rafting Pirate,,,,,Croatia,EUR,1,Rafting Pirate
2641,Ravenna Incoming Convention & Visitors Bureau,,,,,Italy,EUR,1,Ravenna Incoming Convention & Visitors Bureau
2642,"RCS Tour Co., LTD",,,,,Thailand,THB,1,"RCS Tour Co., LTD"
2643,Real Pirates Salem,,,,,United States of America,USD,1,Real Pirates Salem
2644,RECINTE MODERNISTA SANT PAU,,,,,Spain,EUR,1,RECINTE MODERNISTA SANT PAU
2645,Red Heritage - Native American Dinner Show,,,,,United States of America,USD,1,Red Heritage - Native American Dinner Show
2646,REDERIJ FRIENDSHIP BV,,,,,Netherlands,EUR,1,REDERIJ FRIENDSHIP BV
2647,Reederei Hadynski,,,,,Germany,EUR,1,Reederei Hadynski
2648,Reef Daytripper,,,,,Australia,AUD,1,Reef Daytripper
2649,Reef Magic Cruises,,,,,Australia,AUD,1,Reef Magic Cruises
2650,Reef Oasis Dive Center,,,,,United Arab Emirates,EUR,1,Reef Oasis Dive Center
2651,Reina Sofia,,,,,Spain,EUR,1,Reina Sofia
2652,Rejsowisko,,,,,Poland,PLN,1,Rejsowisko
2653,Rembrandts Amsterdam,,,,,Netherlands,EUR,1,Rembrandts Amsterdam
2654,Renzy.nl,,,,,Netherlands,EUR,1,Renzy.nl
2655,Restaurante grill fataga,,,,,Spain,EUR,1,Restaurante grill fataga
2656,Revenger tours,,,,,Croatia,EUR,1,Revenger tours
2657,Rhyfall Mändli,,,,,Switzerland,CHF,1,Rhyfall Mändli
2658,Riga by Canal,,,,,Latvia,EUR,1,Riga by Canal
2659,RIGI BAHNEN AG,,,,,Switzerland,CHF,1,RIGI BAHNEN AG
2660,Rijksmuseum,,,,,Netherlands,EUR,1,Rijksmuseum
2661,Riva Beach Club,,,,,United Arab Emirates,EUR,1,Riva Beach Club
2662,River Fox Train,,,,,United States of America,USD,1,River Fox Train
2663,River Ventures,,,,,United States of America,USD,1,River Ventures
2664,RK Hotels Canarias 2015 SL,,,,,Spain,EUR,1,RK Hotels Canarias 2015 SL
2665,Rocky Top Mountain Coaster,,,,,United States of America,USD,1,Rocky Top Mountain Coaster
2666,Rolling Geeks,,,,,Malta,EUR,1,Rolling Geeks
2667,Romantic Amsterdam Tour,,,,,Netherlands,EUR,1,Romantic Amsterdam Tour
2668,Royal Delft Museum,,,,,Netherlands,EUR,1,Royal Delft Museum
2669,Royal Flying Doctor Service,,,,,Australia,AUD,1,Royal Flying Doctor Service
2670,Royal Kona Resort,,,,,United States of America,EUR,1,Royal Kona Resort
2671,Royal Liver Building 360,,,,,United Kingdom,GBP,1,Royal Liver Building 360
2672,Royal Museum for Central Africa,,,,,Belgium,EUR,1,Royal Museum for Central Africa
2673,Royal Nautic,,,,,Portugal,EUR,1,Royal Nautic
2674,S.P. SUMMERLINE CRUISES LTD,,,,,Cyprus,EUR,1,S.P. SUMMERLINE CRUISES LTD
2675,Sabai Sabai Liveaboard Bangkok,,,,,Thailand,THB,1,Sabai Sabai Liveaboard Bangkok
2676,Saga Travel,,,,,Iceland,ISK,1,Saga Travel
2677,Saildreams,,,,,Portugal,EUR,1,Saildreams
2678,Saint's & Sinners Vegas Crawl,,,,,United States of America,USD,1,Saint's & Sinners Vegas Crawl
2679,Sala Almoraima,,,,,Spain,EUR,1,Sala Almoraima
2680,Sala Koncertowa Fryderyk,,,,,Poland,PLN,1,Sala Koncertowa Fryderyk
2681,"Salinas de Janubio, S.L.",,,,,Spain,EUR,1,"Salinas de Janubio, S.L."
2682,Saline Royale d'Arc et Senans,,,,,France,EUR,1,Saline Royale d'Arc et Senans
2683,"Saltwater Soul, LLC",,,,,United States of America,USD,1,"Saltwater Soul, LLC"
2684,Salzburger Konzertgesellschaft mbH,,,,,Austria,EUR,1,Salzburger Konzertgesellschaft mbH
2685,Samurai Museum Berlin GmbH,,,,,Germany,EUR,1,Samurai Museum Berlin GmbH
2686,San Antonio Zoo,,,,,United States of America,USD,1,San Antonio Zoo
2687,San Servolo srl,,,,,Italy,EUR,1,San Servolo srl
2688,Sand Dune Adventures,,,,,Australia,AUD,1,Sand Dune Adventures
2689,Sanventura Tours & Events,,,,,Italy,EUR,1,Sanventura Tours & Events
2690,Satguru Experiences,,,,,Spain,EUR,1,Satguru Experiences
2691,SAVONNERIE LA LICORNE,,,,,France,EUR,1,SAVONNERIE LA LICORNE
2692,Schilthornbahn AG,,,,,Switzerland,EUR,1,Schilthornbahn AG
2693,Schlienz-Tours GmbH & Co.KG,,,,,Germany,EUR,1,Schlienz-Tours GmbH & Co.KG
2694,Schloss Esterhazy Management GmbH,,,,,Austria,EUR,1,Schloss Esterhazy Management GmbH
2695,Schokoladenmuseum Köln GmbH,,,,,Germany,EUR,1,Schokoladenmuseum Köln GmbH
2696,schwarzgold.info,,,,,Germany,EUR,1,schwarzgold.info
2697,Schönes Hamburg,,,,,Germany,EUR,1,Schönes Hamburg
2698,Scootours Cape Town PTY ltd,,,,,South Africa,ZAR,1,Scootours Cape Town PTY ltd
2699,ScrooserPrague s.r.o,,,,,Czech Republic,EUR,1,ScrooserPrague s.r.o
2700,Sea to Sky Gondola,,,,,Canada,CAD,1,Sea to Sky Gondola
2701,Sea-Cruise Connemara Ltd,,,,,Ireland,EUR,1,Sea-Cruise Connemara Ltd
2702,SEAQUARIUM,,,,,France,EUR,1,SEAQUARIUM
2703,Secret Vienna,,,,,Austria,EUR,1,Secret Vienna
2704,Segway Madrid,,,,,Spain,EUR,1,Segway Madrid
2705,SelfiePark,,,,,Turkey,EUR,1,SelfiePark
2706,Sevirama,,,,,Spain,EUR,1,Sevirama
2707,SF MOMA,,,,,United States of America,USD,1,SF MOMA
2708,Shake Rattle & Roll Pianos,,,,,United States of America,USD,1,Shake Rattle & Roll Pianos
2709,SIA RPR Operators,,,,,Latvia,EUR,1,SIA RPR Operators
2710,Sicilyland,,,,,Italy,EUR,1,Sicilyland
2711,Silent Slayer Ghost Tours,,,,,United States of America,USD,1,Silent Slayer Ghost Tours
2712,SINTE LUGO,,,,,Spain,EUR,1,SINTE LUGO
2713,Sisters Grimm Ghost Tours,,,,,United States of America,USD,1,Sisters Grimm Ghost Tours
2714,Skansens,,,,,Sweden,SEK,1,Skansens
2715,Skuna Boats,,,,,United Kingdom,GBP,1,Skuna Boats
2716,SKYMARİS,,,,,Turkey,EUR,1,SKYMARİS
2717,Smart Tour Albania,,,,,Albania,EUR,1,Smart Tour Albania
2718,Smile line,,,,,Latvia,EUR,1,Smile line
2719,Smiler B.V.,,,,,France,EUR,1,Smiler B.V.
2720,Società Agricola La Raia     Borgo Merlassino      Cascina Cucco,,,,,Italy,EUR,1,Società Agricola La Raia     Borgo Merlassino      Cascina Cucco
2721,SoFi Stadium Tours,,,,,United States of America,USD,1,SoFi Stadium Tours
2722,SOLITEX GmbH,,,,,Austria,EUR,1,SOLITEX GmbH
2723,Sorrento,sorrento@pompeiholiday.com,,,,Italy,EUR,1,sorrento@pompeiholiday.com
2724,"Spain Heritage Tours, S.L.",,,,,Spain,EUR,1,"Spain Heritage Tours, S.L."
2725,SPANISCHE HOFREITSCHULE,,,,,Austria,EUR,1,SPANISCHE HOFREITSCHULE
2726,Spectacular Jumping Crocodile Cruise,,,,,Australia,AUD,1,Spectacular Jumping Crocodile Cruise
2727,Speed Boat Adventures,,,,,United States of America,USD,1,Speed Boat Adventures
2728,Spinnaker Tower,,,,,United Kingdom,GBP,1,Spinnaker Tower
2729,SPL CULTURE ET PATRIMOINE,,,,,France,EUR,1,SPL CULTURE ET PATRIMOINE
2730,Spl soc. Coop,,,,,Italy,EUR,1,Spl soc. Coop
2731,"SPV SCALA, S.L",,,,,Spain,EUR,1,"SPV SCALA, S.L"
2732,St. Pauli Nachtwächter,,,,,Germany,EUR,1,St. Pauli Nachtwächter
2733,St.Gallen-Bodensee Tourismus,,,,,Switzerland,CHF,1,St.Gallen-Bodensee Tourismus
2734,Stadion Feijenoord NV,,,,,Netherlands,EUR,1,Stadion Feijenoord NV
2735,Stadtrundfahrt Leipzig GmbH,,,,,Germany,EUR,1,Stadtrundfahrt Leipzig GmbH
2736,Stars Above Hawaii,,,,,United States of America,EUR,1,Stars Above Hawaii
2737,Stattreisen Hannover e.V.,,,,,Germany,EUR,1,Stattreisen Hannover e.V.
2738,Statue Cruises,,,,,United States of America,USD,1,Statue Cruises
2739,Stedelijk Museum Amsterdam,,,,,Netherlands,EUR,1,Stedelijk Museum Amsterdam
2740,Ster Ewa Bigosz-Lassota i Piotr Wiśniewski Spółka Jawna,,,,,Poland,PLN,1,Ster Ewa Bigosz-Lassota i Piotr Wiśniewski Spółka Jawna
2741,Stichting de Zaanse Schans,,,,,Netherlands,EUR,1,Stichting de Zaanse Schans
2742,Stiftelsen Nobel Center,,,,,Sweden,SEK,1,Stiftelsen Nobel Center
2743,Strawberry Field,,,,,United Kingdom,EUR,1,Strawberry Field
2744,Streetartmuseum STRAAT,,,,,Netherlands,EUR,1,Streetartmuseum STRAAT
2745,Studio W.I.P.,,,,,United States of America,USD,1,Studio W.I.P.
2746,Stuttgarter Geister,,,,,Germany,EUR,1,Stuttgarter Geister
2747,Submarine Safaris SL,,,,,Spain,EUR,1,Submarine Safaris SL
2748,"SuprEvo - Museo dell'olio, Frantoio, Shop",,,,,Italy,EUR,1,"SuprEvo - Museo dell'olio, Frantoio, Shop"
2749,Surf Life Surf School PTY Ltd,,,,,South Africa,ZAR,1,Surf Life Surf School PTY Ltd
2750,Sweet Space,,,,,Spain,EUR,1,Sweet Space
2751,TABARCA WATER TAXI SL,,,,,Spain,EUR,1,TABARCA WATER TAXI SL
2752,Tablao Flamenco Alma S.L.,,,,,Spain,EUR,1,Tablao Flamenco Alma S.L.
2753,Tablao Flamenco Café Ziryab,,,,,Spain,EUR,1,Tablao Flamenco Café Ziryab
2754,Tablao Flamenco Casa Ana Granada,,,,,Spain,EUR,1,Tablao Flamenco Casa Ana Granada
2755,Tablao Flamenco Cordobes,,,,,Spain,EUR,1,Tablao Flamenco Cordobes
2756,Tablao Flamenco Jardines de Zoraya,,,,,Spain,EUR,1,Tablao Flamenco Jardines de Zoraya
2757,Tablao Flamenco La Alboreá,,,,,Spain,EUR,1,Tablao Flamenco La Alboreá
2758,Tablao Flamenco La Cantaora,,,,,Spain,EUR,1,Tablao Flamenco La Cantaora
2759,TAHODIO AVOCADO EXPERIENCE,,,,,Spain,EUR,1,TAHODIO AVOCADO EXPERIENCE
2760,Teahupoo Tours and Surf Adventures,,,,,French Polynesia,EUR,1,Teahupoo Tours and Surf Adventures
2761,TeamEscape Saarbrücken,,,,,Germany,EUR,1,TeamEscape Saarbrücken
2762,Teatro Flamenco Barcelona,,,,,Spain,EUR,1,Teatro Flamenco Barcelona
2763,Teatro Flamenco Granada,,,,,Spain,EUR,1,Teatro Flamenco Granada
2764,Teatro Flamenco Madrid,,,,,Spain,EUR,1,Teatro Flamenco Madrid
2765,teatro Flamenco Málaga,,,,,Spain,EUR,1,teatro Flamenco Málaga
2766,Tech Salt S.A,,,,,Portugal,EUR,1,Tech Salt S.A
2767,Tejas Rodeo Company,,,,,United States of America,USD,1,Tejas Rodeo Company
2768,Telefèric de Montjuïc,,,,,Spain,EUR,1,Telefèric de Montjuïc
2769,TENERIFE DOLPHIN,,,,,Spain,EUR,1,TENERIFE DOLPHIN
2770,Tenuta La Presa,,,,,Italy,EUR,1,Tenuta La Presa
2771,TERRA NATURA MURCIA,,,,,Spain,EUR,1,TERRA NATURA MURCIA
2772,The Amsterdam Dungeon,,,,,Netherlands,EUR,1,The Amsterdam Dungeon
2773,The Bad of Bath Walking Tour,,,,,United Kingdom,GBP,1,The Bad of Bath Walking Tour
2774,The Beatles Story,,,,,United Kingdom,EUR,1,The Beatles Story
2775,The Bell Tower,,,,,Australia,AUD,1,The Bell Tower
2776,The British Music Experience,,,,,United Kingdom,GBP,1,The British Music Experience
2777,The Chocolatarium,,,,,United Kingdom,EUR,1,The Chocolatarium
2778,The Court of Two Sisters,,,,,United States of America,USD,1,The Court of Two Sisters
2779,The Croc Bus,,,,,Australia,AUD,1,The Croc Bus
2780,The Cultural Composition,,,,,Czech Republic,EUR,1,The Cultural Composition
2781,The Dubai Balloon At Atlantis,,,,,United Arab Emirates,AED,1,The Dubai Balloon At Atlantis
2782,The Edinburgh Literary Pub Tour,,,,,United Kingdom,GBP,1,The Edinburgh Literary Pub Tour
2783,The Irish House Party,,,,,Ireland,EUR,1,The Irish House Party
2784,The Lisbon Guy,,,,,Portugal,EUR,1,The Lisbon Guy
2785,THE LONDON BICYCLE TOUR COMPANY LTD,,,,,United Kingdom,GBP,1,THE LONDON BICYCLE TOUR COMPANY LTD
2786,The Malta Experience,,,,,Malta,EUR,1,The Malta Experience
2787,The Mob Museum,,,,,United States of America,EUR,1,The Mob Museum
2788,The National Maritime Museum,,,,,Netherlands,EUR,1,The National Maritime Museum
2789,The National Museum of Denmark,,,,,Denmark,DKK,1,The National Museum of Denmark
2790,THE NEW EVENT - AMSTERDAM NIGHTLIFE,,,,,Netherlands,EUR,1,THE NEW EVENT - AMSTERDAM NIGHTLIFE
2791,The Old Royal Naval College,,,,,United Kingdom,GBP,1,The Old Royal Naval College
2792,The Otago Peninsula Eco Restoration Alliance,,,,,New Zealand,NZD,1,The Otago Peninsula Eco Restoration Alliance
2793,The Peachtree Trolley,,,,,United States of America,USD,1,The Peachtree Trolley
2794,The Revolutionary Story Tour,,,,,United States of America,USD,1,The Revolutionary Story Tour
2795,The Rock Adventure Cruise,,,,,New Zealand,EUR,1,The Rock Adventure Cruise
2796,The Rocks Walking Tours,,,,,Australia,AUD,1,The Rocks Walking Tours
2797,The Roman Gay,,,,,Italy,EUR,1,The Roman Gay
2798,The Royal Mint Experience,,,,,United Kingdom,GBP,1,The Royal Mint Experience
2799,The Rum Monkey,,,,,United Kingdom,GBP,1,The Rum Monkey
2800,The Upside Down Amsterdam,,,,,Netherlands,EUR,1,The Upside Down Amsterdam
2801,The Upside Down Berlin GmbH,,,,,Germany,EUR,1,The Upside Down Berlin GmbH
2802,The Viking Museum,,,,,Sweden,EUR,1,The Viking Museum
2803,The Viking Planet,,,,,Norway,NOK,1,The Viking Planet
2804,The Wall Museum an der East Side Gallery,,,,,Germany,EUR,1,The Wall Museum an der East Side Gallery
2805,The Walt Disney Family Museum,,,,,United States of America,USD,1,The Walt Disney Family Museum
2806,The Wembley Stadium Tour,,,,,United Kingdom,GBP,1,The Wembley Stadium Tour
2807,THIS IS HOLLAND,,,,,Netherlands,,1,THIS IS HOLLAND
2808,Thriller Miami Speedboats,,,,,United States of America,USD,1,Thriller Miami Speedboats
2809,Time for Chopin,,,,,Poland,EUR,1,Time for Chopin
2810,Time Travel in Vienna Betriebs GmbH,,,,,Austria,EUR,1,Time Travel in Vienna Betriebs GmbH
2811,Time Travel Vienna,,,,,Austria,EUR,1,Time Travel Vienna
2812,Titanic Distillers LTD,,,,,United Kingdom,GBP,1,Titanic Distillers LTD
2813,Tonina Cruises,,,,,Spain,EUR,1,Tonina Cruises
2814,Toonie Tours,,,,,Canada,CAD,1,Toonie Tours
2815,TOP Line d.o.o. Portorož,,,,,Slovenia,EUR,1,TOP Line d.o.o. Portorož
2816,Toronto Harbour Tours Inc.,,,,,Canada,CAD,1,Toronto Harbour Tours Inc.
2817,Toroshopping S.L.,,,,,Spain,EUR,1,Toroshopping S.L.
2818,Torre Branca,,,,,Italy,EUR,1,Torre Branca
2819,Torres Bermejas,,,,,Spain,EUR,1,Torres Bermejas
2820,"TORRONS VICENS, S.L.",,,,,Spain,EUR,1,"TORRONS VICENS, S.L."
2821,Tortuga beach snc,,,,,Italy,EUR,1,Tortuga beach snc
2822,Tour de BonTon,,,,,Netherlands,EUR,1,Tour de BonTon
2823,Tour Sweet Tours,,,,,Portugal,EUR,1,Tour Sweet Tours
2824,TourConnect International - Glasner Gábor E.V.,,,,,Hungary,EUR,1,TourConnect International - Glasner Gábor E.V.
2825,Tourist Center Lucca,,,,,Italy,EUR,1,Tourist Center Lucca
2826,Touristcheck | Espai Cràter,,,,,Spain,EUR,1,Touristcheck | Espai Cràter
2827,Tourline,,,,,Greece,EUR,1,Tourline
2828,Tourope UK Ltd.,,,,,United Kingdom,GBP,1,Tourope UK Ltd.
2829,Tours around Tasmania Pty Ltd,,,,,Australia,AUD,1,Tours around Tasmania Pty Ltd
2830,Tours by Jeeps,,,,,Cambodia,EUR,1,Tours by Jeeps
2831,"Tours de Portugal, Lda",,,,,Portugal,EUR,1,"Tours de Portugal, Lda"
2832,TRANQUILOYTROPICAL LLC,,,,,United States of America,USD,1,TRANQUILOYTROPICAL LLC
2833,Transfers and Experiences SL,,,,,Spain,EUR,1,Transfers and Experiences SL
2834,Travelcracks,,,,,Spain,EUR,1,Travelcracks
2835,Traveltrade,traveltrade@english-heritage.org.uk,,,,United Kingdom,EUR,1,traveltrade@english-heritage.org.uk
2836,"Treasure Island - TI Hotel & Casino, a Radisson Hotel",,,,,United States of America,USD,1,"Treasure Island - TI Hotel & Casino, a Radisson Hotel"
2837,TrekkSoft Group,,,,,Switzerland,CHF,1,TrekkSoft Group
2838,Trigger Tours,,,,,Netherlands,EUR,1,Trigger Tours
2839,Triproaming International Holdings Ltd,,,,,China,EUR,1,Triproaming International Holdings Ltd
2840,Trolib,,,,,France,EUR,1,Trolib
2841,Tropical Islands,,,,,Germany,EUR,1,Tropical Islands
2842,Truffle Experience,,,,,Italy,EUR,1,Truffle Experience
2843,TUI DX,,,,,China,USD,1,TUI DX
2844,TUI Tunisia S.A.,,,,,Tunisia,EUR,1,TUI Tunisia S.A.
2845,Tuk Tuk Bucharest Tours,,,,,Romania,EUR,1,Tuk Tuk Bucharest Tours
2846,Tulip Experience Amsterdam,,,,,Netherlands,EUR,1,Tulip Experience Amsterdam
2847,Turquoise Museum,,,,,United States of America,USD,1,Turquoise Museum
2848,TV-Turm Alexanderplatz Gastronomiegesellschaft mbH // Berliner Fernsehturm,,,,,Germany,EUR,1,TV-Turm Alexanderplatz Gastronomiegesellschaft mbH // Berliner Fernsehturm
2849,TVO - Tour in Venice Otherlands,,,,,Italy,EUR,1,TVO - Tour in Venice Otherlands
2850,Ulm/Neu-Ulm Touristik GmbH,,,,,Germany,EUR,1,Ulm/Neu-Ulm Touristik GmbH
2851,UNESCO Werelderfgoed Kinderdijk,,,,,Netherlands,EUR,1,UNESCO Werelderfgoed Kinderdijk
2852,Unikat Pr GmbH,,,,,Germany,EUR,1,Unikat Pr GmbH
2853,Uniline Tours,,,,,Czech Republic,EUR,1,Uniline Tours
2854,UNIQUE EXPERIENCE,,,,,Italy,EUR,1,UNIQUE EXPERIENCE
2855,Untouched Adventures,,,,,South Africa,EUR,1,Untouched Adventures
2856,USS MIDWAY MUSEUM,,,,,United States of America,USD,1,USS MIDWAY MUSEUM
2857,UTE CITY SIGHTSEEING LAS PALMAS DE GRAN CANARIA,,,,,Spain,EUR,1,UTE CITY SIGHTSEEING LAS PALMAS DE GRAN CANARIA
2858,Valiant Air Command Warbird Air Museum,,,,,United States of America,USD,1,Valiant Air Command Warbird Air Museum
2859,Van Gogh Museum - Amsterdam,,,,,Netherlands,EUR,1,Van Gogh Museum - Amsterdam
2860,Vancouver Art Gallery Association,,,,,Canada,CAD,1,Vancouver Art Gallery Association
2861,Vancouver Lookout,,,,,Canada,EUR,1,Vancouver Lookout
2862,Varjolan Tilan Matkailu Oy,,,,,Finland,EUR,1,Varjolan Tilan Matkailu Oy
2863,Vegolas Tours,,,,,Croatia,EUR,1,Vegolas Tours
2864,Vela Mayorca,,,,,Spain,EUR,1,Vela Mayorca
2865,Ventas,ventas@museoautomovilmalaga.com,,,,Spain,EUR,1,ventas@museoautomovilmalaga.com
2866,Venture Vienna,,,,,Austria,EUR,1,Venture Vienna
2867,Veranstalter Congress- und Tourismus-Zentrale Nürnberg,,,,,Germany,EUR,1,Veranstalter Congress- und Tourismus-Zentrale Nürnberg
2868,Verkehrsmuseum Dresden gGmbH,,,,,Germany,EUR,1,Verkehrsmuseum Dresden gGmbH
2869,Verwunderei GmbH / Illuseum Berlin,,,,,Germany,EUR,1,Verwunderei GmbH / Illuseum Berlin
2870,Via Experiencias,,,,,Spain,EUR,1,Via Experiencias
2871,Viajes Gran Vía,,,,,Spain,EUR,1,Viajes Gran Vía
2872,Victor Tours DMC,,,,,Serbia,EUR,1,Victor Tours DMC
2873,Victoria Butterfly Gardens,,,,,Canada,CAD,1,Victoria Butterfly Gardens
2874,Vienna Giant Ferris Wheel,,,,,Austria,EUR,1,Vienna Giant Ferris Wheel
2875,Vietnam Daily Tourist,,,,,Vietnam,USD,1,Vietnam Daily Tourist
2876,Viis aastaaega OÜ,,,,,Estonia,EUR,1,Viis aastaaega OÜ
2877,Villa dei Cedri,,,,,Italy,,1,Villa dei Cedri
2878,Vincentre - Van Gogh Village Nuenen,,,,,Netherlands,EUR,1,Vincentre - Van Gogh Village Nuenen
2879,Vintage Tea Trips,,,,,Ireland,EUR,1,Vintage Tea Trips
2880,Vintage Tour Milano,,,,,Italy,EUR,1,Vintage Tour Milano
2881,VIP Travel,,,,,South Korea,EUR,1,VIP Travel
2882,VipDolphins,,,,,Portugal,EUR,1,VipDolphins
2883,Visit Indy,,,,,United States of America,USD,1,Visit Indy
2884,Vivu Journeys Cambodia,,,,,Cambodia,USD,1,Vivu Journeys Cambodia
2885,Vok Baths ehf,,,,,Iceland,ISK,1,Vok Baths ehf
2886,VOSNE TASTING CLUB,,,,,France,EUR,1,VOSNE TASTING CLUB
2887,Vox SpA,,,,,United Arab Emirates,EUR,1,Vox SpA
2888,Waitangi Treaty Grounds,,,,,New Zealand,EUR,1,Waitangi Treaty Grounds
2889,Walfischgasse Musik GmbH,,,,,Austria,EUR,1,Walfischgasse Musik GmbH
2890,Walk of Fun Hollywood,,,,,United States of America,USD,1,Walk of Fun Hollywood
2891,Walking and Talking Tours,,,,,France,EUR,1,Walking and Talking Tours
2892,Wannado Tours,,,,,United States of America,EUR,1,Wannado Tours
2893,WAVE RISE SARL,,,,,Morocco,EUR,1,WAVE RISE SARL
2894,Welcome To Times Square,,,,,United States of America,USD,1,Welcome To Times Square
2895,Where in Strasbourg,,,,,France,EUR,1,Where in Strasbourg
2896,White Houses Tours,,,,,Spain,EUR,1,White Houses Tours
2897,Who Is Amsterdam Tours,,,,,Netherlands,EUR,1,Who Is Amsterdam Tours
2898,Wiener Mozart Orchester GmbH,,,,,Austria,EUR,1,Wiener Mozart Orchester GmbH
2899,Wiener Residenzorchester GmbH,,,,,Austria,EUR,1,Wiener Residenzorchester GmbH
2900,Wild Horizons : Cape Shark Adventures,,,,,South Africa,ZAR,1,Wild Horizons : Cape Shark Adventures
2901,Windmill Lane Recording Studios,,,,,Ireland,EUR,1,Windmill Lane Recording Studios
2902,Wine Passport,,,,,France,EUR,1,Wine Passport
2903,Wineglass Bay Discovery Tours,,,,,Australia,EUR,1,Wineglass Bay Discovery Tours
2904,Women in Travel cic,,,,,United Kingdom,EUR,1,Women in Travel cic
2905,WonderWorks Pigeon Forge,,,,,United States of America,EUR,1,WonderWorks Pigeon Forge
2906,World of Illusion,,,,,Ireland,EUR,1,World of Illusion
2907,WORLDWIDE REPS ITALIA s.r.l.s.,,,,,Italy,EUR,1,WORLDWIDE REPS ITALIA s.r.l.s.
2908,Wusmar lda,,,,,Cape Verde,EUR,1,Wusmar lda
2909,www.magicmikelive.com,,,,,United States of America,USD,1,www.magicmikelive.com
2910,Xploratour Lisbon,,,,,Portugal,EUR,1,Xploratour Lisbon
2911,Yacht de Bordeaux,,,,,France,EUR,1,Yacht de Bordeaux
2912,Yaldi Tours,,,,,United Kingdom,GBP,1,Yaldi Tours
2913,YDOR TOURS P.C.,,,,,Greece,EUR,1,YDOR TOURS P.C.
2914,Yellow Bike,,,,,Netherlands,EUR,1,Yellow Bike
2915,Zakuro Show,,,,,Japan,JPY,1,Zakuro Show
2916,Zermatt Bergbahnen,,,,,Switzerland,CHF,1,Zermatt Bergbahnen
2917,Zidana marela d.o.o.,,,,,Slovenia,EUR,1,Zidana marela d.o.o.
2918,Zippline Extreme,,,,,Turkey,EUR,1,Zippline Extreme
2919,Zoo Miami,,,,,United States of America,USD,1,Zoo Miami
2920,ZOOM TORINO,,,,,Italy,EUR,1,ZOOM TORINO
2921,ZooParc de Beauval,,,,,France,EUR,1,ZooParc de Beauval
